customer_id,customer_name,age,gender,occupation,home_country,home_city,account_type,account_open_date,account_age_days,previous_fraud_flag,customer_risk_segment,total_transactions,total_fraud_transactions,fraud_rate,lifetime_spend,avg_transaction_amount
CUST00001,Patricia Scott,47,Female,Marketing Specialist,Brazil,Rio de Janeiro,Savings,10/05/2022,1331,0,Low,2,0,0.00%,380.26,190.13
CUST00002,Ingrid Lopez,39,Female,Project Manager,United States,Miami,Checking,25/07/2023,890,1,High,4,1,25.00%,597.74,149.44
CUST00003,Stephen Brown,44,Male,Data Analyst,Japan,Osaka,Checking,22/11/2015,3692,0,High,9,0,0.00%,"1,531.34",170.15
CUST00004,Sandra Ali,54,Female,Project Manager,Singapore,Singapore,Checking,04/11/2014,4075,0,Low,4,0,0.00%,730.13,182.53
CUST00005,Nancy Kumar,33,Female,Consultant,Germany,Frankfurt,Checking,06/03/2022,1396,0,Low,8,1,12.50%,775.22,96.9
CUST00006,Susan Lopez,28,Female,Lawyer,India,Mumbai,Checking,23/11/2019,2230,0,Low,3,0,0.00%,"1,003.06",334.35
CUST00007,Hana Garcia,31,Female,Retired,Mexico,Guadalajara,Checking,27/11/2017,2956,0,Low,1,0,0.00%,292.16,292.16
CUST00008,Barbara Okafor,18,Female,Small Business Owner,India,Hyderabad,Checking,28/12/2013,4386,0,Low,4,0,0.00%,619.75,154.94
CUST00009,Aoife Rodriguez,33,Female,Teacher,United States,Houston,Savings,02/04/2015,3926,0,Low,5,0,0.00%,"1,260.57",252.11
CUST00010,Paul Gonzalez,53,Male,Lawyer,United States,Phoenix,Savings,01/11/2018,2617,0,Low,9,0,0.00%,"1,013.72",112.64
CUST00011,Ronald Rivera,38,Male,Civil Engineer,India,Bengaluru,Checking,19/01/2016,3634,0,Low,6,0,0.00%,"1,374.56",229.09
CUST00012,Chioma Perez,46,Female,Data Analyst,France,Lyon,Checking,01/02/2022,1429,0,High,6,0,0.00%,762.34,127.06
CUST00013,Raj Mensah,43,Male,Marketing Specialist,Netherlands,The Hague,Checking,13/04/2020,2088,0,Low,7,0,0.00%,499.09,71.3
CUST00014,Sandra Jones,52,Female,Operations Manager,United States,Seattle,Checking,03/06/2019,2403,0,Low,6,1,16.70%,"2,587.45",431.24
CUST00015,Scott Green,51,Male,Civil Engineer,Canada,Calgary,Checking,26/06/2019,2380,0,Low,5,0,0.00%,"1,271.30",254.26
CUST00016,Karen King,34,Female,Sales Manager,United States,Houston,Premium,26/07/2015,3811,0,Low,5,0,0.00%,557.72,111.54
CUST00017,Brandon Kumar,48,Male,Plumber,Brazil,Salvador,Premium,11/11/2019,2242,0,Low,1,0,0.00%,726.91,726.91
CUST00018,Aiko Silva,52,Female,Accountant,Canada,Toronto,Checking,06/04/2014,4287,0,Medium,5,0,0.00%,676.37,135.27
CUST00019,Yuki Kumar,21,Female,Architect,United States,Los Angeles,Checking,09/08/2019,2336,0,Low,6,0,0.00%,453.36,75.56
CUST00020,Mei Allen,55,Female,Data Analyst,Brazil,Sao Paulo,Savings,16/04/2016,3546,0,Medium,3,0,0.00%,147.95,49.32
CUST00021,Ingrid Wright,27,Female,Freelance Writer,Japan,Yokohama,Premium,02/09/2022,1216,0,Low,6,0,0.00%,783.42,130.57
CUST00022,James King,40,Male,HR Manager,Mexico,Mexico City,Savings,24/03/2018,2839,0,Low,5,0,0.00%,"1,854.54",370.91
CUST00023,Michelle Santos,35,Female,Architect,United States,Houston,Checking,16/03/2022,1386,0,Low,5,0,0.00%,890.6,178.12
CUST00024,Klaus Kim,40,Male,Police Officer,United Kingdom,London,Savings,15/03/2017,3213,0,Medium,7,0,0.00%,"1,171.71",167.39
CUST00025,Ronald Flores,34,Male,Marketing Specialist,Brazil,Sao Paulo,Checking,21/03/2021,1746,0,Low,7,0,0.00%,"3,463.91",494.84
CUST00026,Barbara Rossi,21,Female,Customer Support Rep,United Kingdom,London,Checking,23/05/2015,3875,0,Medium,6,2,33.30%,"2,375.22",395.87
CUST00027,Hiroshi Schmidt,47,Male,Data Analyst,Italy,Milan,Premium,12/12/2020,1845,0,Low,9,0,0.00%,"1,711.11",190.12
CUST00028,Betty Botha,56,Female,Freelance Writer,Spain,Valencia,Savings,08/03/2016,3585,0,Medium,2,0,0.00%,261.37,130.69
CUST00029,Hiroshi Mitchell,36,Male,Chef,United States,Boston,Checking,25/07/2022,1255,0,Low,8,0,0.00%,531.2,66.4
CUST00030,Michael Okafor,49,Male,Marketing Specialist,United Arab Emirates,Sharjah,Premium,13/06/2021,1662,1,High,3,0,0.00%,596.17,198.72
CUST00031,Linda Robinson,41,Female,Accountant,Australia,Sydney,Checking,12/04/2014,4281,0,Low,5,0,0.00%,992.66,198.53
CUST00032,Kimberly Rossi,37,Female,Civil Engineer,Canada,Ottawa,Business,09/06/2022,1301,0,Low,10,0,0.00%,830.87,83.09
CUST00033,Olga Schmidt,65,Female,Marketing Specialist,Canada,Calgary,Business,12/11/2014,4067,0,High,4,0,0.00%,"3,133.91",783.48
CUST00034,Hiroshi Singh,43,Male,Physician,United Kingdom,Edinburgh,Savings,24/04/2019,2443,0,Low,8,0,0.00%,827.41,103.43
CUST00035,Isabella Gonzalez,41,Female,Teacher,United States,Miami,Checking,03/10/2015,3742,0,Medium,6,0,0.00%,"1,022.02",170.34
CUST00036,Ashley Harris,73,Female,Civil Engineer,United Kingdom,Leeds,Checking,21/11/2018,2597,0,Low,4,0,0.00%,757.07,189.27
CUST00037,Gary Young,55,Male,University Professor,United Kingdom,London,Savings,13/12/2018,2575,0,Low,6,0,0.00%,"1,252.06",208.68
CUST00038,Susan Miller,50,Female,Pharmacist,India,Hyderabad,Savings,18/07/2014,4184,1,High,10,2,20.00%,"2,252.54",225.25
CUST00039,Pierre Walker,29,Male,Graphic Designer,Singapore,Singapore,Checking,22/06/2018,2749,0,Low,2,0,0.00%,"1,355.09",677.55
CUST00040,Linda Perez,41,Female,Lawyer,United States,New York,Savings,17/07/2019,2359,0,Low,3,0,0.00%,568.09,189.36
CUST00041,Amy Torres,41,Female,Electrician,United Kingdom,Leeds,Savings,30/06/2016,3471,0,Low,8,0,0.00%,"1,547.69",193.46
CUST00042,Joshua Ramirez,36,Male,Teacher,Japan,Tokyo,Checking,14/07/2015,3823,0,Medium,2,0,0.00%,378.92,189.46
CUST00043,Nicholas Santos,35,Male,Police Officer,United States,Chicago,Business,14/04/2023,992,0,Medium,4,0,0.00%,832,208
CUST00044,Matthew Rodriguez,29,Male,Architect,United Kingdom,London,Savings,07/05/2016,3525,0,Medium,3,0,0.00%,291.27,97.09
CUST00045,Santiago Haddad,58,Male,Marketing Specialist,United Kingdom,Leeds,Checking,02/04/2017,3195,1,High,3,0,0.00%,641.43,213.81
CUST00046,Hiroshi Haddad,74,Male,HR Manager,Spain,Barcelona,Business,09/06/2013,4588,0,Low,6,0,0.00%,"1,042.09",173.68
CUST00047,Carol Walker,24,Female,Financial Analyst,Brazil,Salvador,Premium,14/06/2022,1296,0,Medium,4,0,0.00%,287.28,71.82
CUST00048,Brian Martinez,23,Male,Software Engineer,Mexico,Guadalajara,Savings,14/12/2016,3304,0,Low,8,0,0.00%,555.69,69.46
CUST00049,Elizabeth Park,44,Female,Civil Engineer,United States,Phoenix,Checking,08/06/2022,1302,0,Low,11,0,0.00%,"1,240.06",112.73
CUST00050,Ashley Mitchell,31,Female,Small Business Owner,Japan,Osaka,Savings,03/01/2019,2554,0,Low,2,0,0.00%,882.38,441.19
CUST00051,Amara Kim,28,Female,Software Engineer,Canada,Ottawa,Savings,24/07/2020,1986,0,Low,4,0,0.00%,339.51,84.88
CUST00052,Santiago Moore,51,Male,Financial Analyst,South Africa,Johannesburg,Savings,10/12/2013,4404,0,Low,4,0,0.00%,"1,341.80",335.45
CUST00053,Kimberly Torres,37,Female,Architect,United Kingdom,Manchester,Checking,15/11/2015,3699,0,High,10,0,0.00%,"4,561.38",456.14
CUST00054,Emily Santos,31,Female,Retail Manager,Canada,Montreal,Premium,07/10/2013,4468,0,Low,6,0,0.00%,631.83,105.31
CUST00055,Raj Kumar,41,Male,Customer Support Rep,France,Marseille,Savings,05/06/2023,940,1,High,4,0,0.00%,567.57,141.89
CUST00056,Camila King,59,Female,Graphic Designer,United States,Boston,Savings,25/09/2017,3019,0,Low,8,0,0.00%,477.61,59.7
CUST00057,Jessica Martinez,41,Female,Plumber,United States,Chicago,Business,20/10/2017,2994,1,High,10,2,20.00%,"2,217.75",221.78
CUST00058,Justin Jackson,39,Male,Electrician,South Korea,Seoul,Business,14/06/2023,931,0,Low,3,0,0.00%,671.2,223.73
CUST00059,Yuki Garcia,47,Female,Plumber,South Korea,Busan,Premium,25/07/2021,1620,0,Low,5,0,0.00%,661.32,132.26
CUST00060,Melissa Mensah,40,Female,Plumber,Canada,Calgary,Premium,16/12/2016,3302,0,Low,3,0,0.00%,214.42,71.47
CUST00061,Ashley Lee,43,Female,Operations Manager,Netherlands,Amsterdam,Savings,13/01/2014,4370,0,Low,3,0,0.00%,433.78,144.59
CUST00062,George Chen,24,Male,Operations Manager,United States,Houston,Savings,05/12/2020,1852,0,High,7,0,0.00%,"1,429.52",204.22
CUST00063,Stephanie Jones,41,Female,University Professor,Italy,Turin,Savings,04/06/2021,1671,0,Low,5,0,0.00%,"1,528.01",305.6
CUST00064,Melissa Flores,26,Female,Customer Support Rep,Japan,Osaka,Checking,02/06/2021,1673,1,High,4,1,25.00%,"1,114.67",278.67
CUST00065,George Scott,52,Male,University Professor,United Arab Emirates,Dubai,Premium,28/01/2013,4720,0,Medium,2,0,0.00%,97.9,48.95
CUST00066,Stephen Kim,33,Male,Real Estate Agent,Germany,Frankfurt,Savings,21/05/2013,4607,1,High,1,0,0.00%,83.63,83.63
CUST00067,Emily Thompson,48,Female,Project Manager,Japan,Yokohama,Premium,29/06/2023,916,0,Medium,6,0,0.00%,672.09,112.02
CUST00068,Diego Green,55,Male,Electrician,Canada,Ottawa,Checking,09/03/2018,2854,0,Low,3,1,33.30%,214.32,71.44
CUST00069,Margaret Allen,34,Female,Teacher,Germany,Hamburg,Savings,26/11/2023,766,0,Low,5,0,0.00%,"1,147.98",229.6
CUST00070,Isabella Sanchez,42,Female,Physician,India,Chennai,Checking,19/02/2023,1046,0,Low,7,0,0.00%,"1,444.84",206.41
CUST00071,Amara Green,34,Female,Real Estate Agent,United States,Los Angeles,Savings,06/11/2015,3708,0,Medium,1,0,0.00%,60.22,60.22
CUST00072,Sofia Chen,55,Female,Consultant,United Kingdom,Edinburgh,Savings,07/02/2016,3615,0,Low,3,0,0.00%,235.12,78.37
CUST00073,Jeffrey Carter,41,Male,Real Estate Agent,France,Lyon,Savings,06/01/2017,3281,0,Medium,5,0,0.00%,294.99,59
CUST00074,Kwame Smith,32,Male,Small Business Owner,Nigeria,Abuja,Savings,25/07/2021,1620,0,Low,2,0,0.00%,194.45,97.23
CUST00075,Valentina Adams,32,Female,Chef,Australia,Perth,Checking,17/12/2018,2571,0,Low,6,0,0.00%,514.37,85.73
CUST00076,Yuki Perez,52,Female,Real Estate Agent,South Korea,Seoul,Premium,26/09/2020,1922,0,Low,7,0,0.00%,"1,802.60",257.51
CUST00077,Amanda Lopez,25,Female,Customer Support Rep,United States,Houston,Checking,17/05/2016,3515,0,Low,2,0,0.00%,327.68,163.84
CUST00078,Karen Brown,36,Female,Teacher,Japan,Osaka,Savings,04/08/2018,2706,0,Low,8,0,0.00%,"1,476.40",184.55
CUST00079,Amy Wang,68,Female,Plumber,Australia,Melbourne,Checking,12/11/2015,3702,0,Low,7,0,0.00%,"1,634.57",233.51
CUST00080,Steven Jackson,54,Male,Pharmacist,Brazil,Sao Paulo,Checking,28/11/2013,4416,0,Low,10,0,0.00%,"1,176.95",117.7
CUST00081,Susan Kumar,46,Female,Marketing Specialist,Germany,Munich,Checking,26/11/2014,4053,0,Low,2,0,0.00%,402.87,201.44
CUST00082,Linda Mensah,51,Female,Marketing Specialist,Germany,Berlin,Checking,20/10/2018,2629,0,Low,9,1,11.10%,"1,205.53",133.95
CUST00083,Jonathan Mensah,62,Male,Architect,India,Bengaluru,Checking,07/04/2013,4651,0,Low,4,1,25.00%,"3,606.86",901.72
CUST00084,Arjun Santos,22,Male,Electrician,India,Hyderabad,Savings,02/12/2018,2586,0,Medium,5,0,0.00%,776.54,155.31
CUST00085,Priya Ali,28,Female,Financial Analyst,United States,Houston,Savings,02/07/2014,4200,0,Low,5,0,0.00%,"1,674.51",334.9
CUST00086,Mei Rossi,47,Female,Pharmacist,India,Delhi,Business,03/11/2020,1884,0,Low,7,0,0.00%,537.94,76.85
CUST00087,Ashley Wright,61,Female,Consultant,Australia,Brisbane,Savings,27/11/2013,4417,0,Medium,4,0,0.00%,209.29,52.32
CUST00088,Paul Roberts,24,Male,Student,Canada,Vancouver,Business,31/12/2015,3653,0,Medium,2,0,0.00%,347.82,173.91
CUST00089,George Botha,44,Male,Chef,United States,Miami,Checking,22/03/2023,1015,0,Medium,7,0,0.00%,"2,910.90",415.84
CUST00090,Mateo Williams,32,Male,University Professor,United States,Miami,Premium,28/07/2018,2713,1,High,6,2,33.30%,"3,206.43",534.41
CUST00091,Pierre Roberts,32,Male,University Professor,Japan,Nagoya,Savings,19/11/2017,2964,0,Medium,7,1,14.30%,"2,281.15",325.88
CUST00092,Chioma Lewis,36,Female,Retail Manager,Brazil,Rio de Janeiro,Premium,10/11/2020,1877,0,Low,7,1,14.30%,"1,852.29",264.61
CUST00093,George Kim,48,Male,Retired,United Arab Emirates,Dubai,Business,30/06/2014,4202,0,Low,3,0,0.00%,330.61,110.2
CUST00094,Samuel Park,31,Male,Software Engineer,Canada,Calgary,Premium,13/04/2017,3184,0,Low,5,0,0.00%,"1,048.70",209.74
CUST00095,Wei Kumar,61,Male,Sales Manager,Brazil,Salvador,Checking,18/11/2021,1504,0,Medium,9,0,0.00%,"1,308.84",145.43
CUST00096,Mark Ivanov,35,Male,Consultant,Germany,Frankfurt,Premium,21/05/2015,3877,0,Low,5,0,0.00%,959.75,191.95
CUST00097,Kwame Wang,37,Male,Financial Analyst,United States,Los Angeles,Business,24/08/2018,2686,1,High,7,2,28.60%,"1,381.20",197.31
CUST00098,Melissa Lewis,52,Female,Pharmacist,United States,Los Angeles,Checking,28/02/2015,3959,0,High,4,0,0.00%,367.37,91.84
CUST00099,Michael Young,42,Male,Civil Engineer,India,Mumbai,Checking,14/12/2016,3304,0,Low,8,1,12.50%,"1,066.89",133.36
CUST00100,Hiroshi Anderson,48,Male,Project Manager,Canada,Vancouver,Savings,15/09/2018,2664,0,Medium,4,0,0.00%,"1,312.03",328.01
CUST00101,Nancy Anderson,49,Female,Freelance Writer,United States,Chicago,Savings,06/02/2013,4711,0,Low,6,0,0.00%,"1,135.39",189.23
CUST00102,Michelle Carter,49,Female,Lawyer,France,Lyon,Checking,25/01/2023,1071,0,Medium,4,0,0.00%,182.87,45.72
CUST00103,Ashley Wilson,30,Female,Student,United States,Phoenix,Premium,21/05/2014,4242,0,Low,5,0,0.00%,658.16,131.63
CUST00104,Yuki Haddad,36,Female,Operations Manager,United States,New York,Checking,10/01/2020,2182,0,Low,4,0,0.00%,229.63,57.41
CUST00105,Elizabeth Santos,34,Female,Pharmacist,United States,Seattle,Business,12/10/2023,811,0,Low,5,0,0.00%,"1,067.69",213.54
CUST00106,Susan Singh,44,Female,Physician,Canada,Calgary,Premium,27/12/2015,3657,0,Medium,8,0,0.00%,948.34,118.54
CUST00107,Jonathan Wright,31,Male,Architect,Mexico,Monterrey,Savings,27/03/2015,3932,0,Low,6,0,0.00%,938.49,156.42
CUST00108,Diego Wright,38,Male,Consultant,Spain,Madrid,Checking,09/08/2014,4162,0,Low,2,0,0.00%,111.99,56
CUST00109,Jacob Young,40,Male,Freelance Writer,United States,Boston,Checking,12/07/2017,3094,0,Low,3,0,0.00%,512.48,170.83
CUST00110,Michael Silva,37,Male,University Professor,India,Bengaluru,Savings,18/11/2021,1504,0,Low,3,0,0.00%,228.6,76.2
CUST00111,Andrew Baker,39,Male,Financial Analyst,United Kingdom,Leeds,Premium,21/01/2016,3632,0,Low,8,1,12.50%,"1,564.31",195.54
CUST00112,Mei Harris,46,Female,Accountant,South Korea,Seoul,Checking,05/11/2015,3709,0,High,3,0,0.00%,684.42,228.14
CUST00113,Ashley Schmidt,43,Female,Pharmacist,United States,Boston,Savings,23/11/2018,2595,0,High,3,0,0.00%,155.54,51.85
CUST00114,Paul Kim,41,Male,Student,Germany,Munich,Savings,26/06/2020,2014,0,Low,11,0,0.00%,"1,179.56",107.23
CUST00115,Justin Kim,68,Male,Physician,India,Chennai,Business,22/07/2015,3815,0,Low,5,0,0.00%,580.43,116.09
CUST00116,Gary Wright,31,Male,Small Business Owner,United Kingdom,Birmingham,Business,02/05/2021,1704,0,Medium,9,0,0.00%,786.54,87.39
CUST00117,Joseph Park,69,Male,Freelance Writer,United Kingdom,Manchester,Checking,09/10/2021,1544,0,Low,8,1,12.50%,"1,578.16",197.27
CUST00118,Diego Kim,30,Male,Architect,Canada,Montreal,Savings,17/10/2022,1171,0,Low,3,0,0.00%,177.36,59.12
CUST00119,Ronald Thompson,45,Male,Small Business Owner,United Kingdom,London,Premium,24/12/2015,3660,0,Low,8,0,0.00%,"1,422.43",177.8
CUST00120,John Okafor,65,Male,Small Business Owner,United States,Chicago,Business,07/10/2016,3372,0,Medium,5,0,0.00%,439.56,87.91
CUST00121,Chidi Johnson,23,Male,Project Manager,Netherlands,Rotterdam,Premium,28/08/2018,2682,0,Low,1,0,0.00%,57.7,57.7
CUST00122,John Allen,64,Male,University Professor,United States,Boston,Checking,22/08/2022,1227,0,Medium,5,0,0.00%,974.68,194.94
CUST00123,David Miller,18,Male,Sales Manager,South Korea,Seoul,Premium,28/10/2014,4082,0,Medium,6,0,0.00%,"1,171.85",195.31
CUST00124,Steven Thomas,58,Male,Data Analyst,Germany,Hamburg,Checking,13/02/2017,3243,0,Low,6,0,0.00%,"1,196.69",199.45
CUST00125,Thandiwe Suzuki,41,Female,Lawyer,Mexico,Guadalajara,Business,24/09/2013,4481,0,Medium,5,0,0.00%,378.61,75.72
CUST00126,Sharon Flores,41,Female,Project Manager,United Kingdom,Leeds,Savings,31/03/2023,1006,0,Low,2,0,0.00%,158.79,79.4
CUST00127,Zanele Clark,42,Female,Pharmacist,United Kingdom,Manchester,Savings,14/12/2020,1843,0,Low,9,0,0.00%,"1,634.56",181.62
CUST00128,Matthew Okafor,47,Male,Accountant,Canada,Vancouver,Checking,22/11/2023,770,0,Low,6,0,0.00%,754.19,125.7
CUST00129,Priya Nguyen,61,Female,Teacher,Germany,Munich,Premium,08/09/2020,1940,0,Low,7,0,0.00%,"1,499.20",214.17
CUST00130,Amy Martinez,42,Female,Real Estate Agent,France,Lyon,Premium,23/07/2013,4544,0,Low,6,0,0.00%,799.22,133.2
CUST00131,Anastasia Sanchez,49,Female,Electrician,Japan,Tokyo,Checking,24/10/2017,2990,0,Low,5,0,0.00%,"1,040.66",208.13
CUST00132,Kenneth Jackson,58,Male,Accountant,United States,New York,Checking,22/01/2022,1439,0,Low,6,0,0.00%,499.44,83.24
CUST00133,Olga Torres,25,Female,Chef,Spain,Madrid,Checking,31/08/2018,2679,0,Low,6,0,0.00%,386.71,64.45
CUST00134,Kimberly Santos,18,Female,Data Analyst,Mexico,Guadalajara,Checking,04/01/2019,2553,0,Low,3,1,33.30%,"2,481.45",827.15
CUST00135,Ryan Adams,18,Male,Architect,Australia,Brisbane,Business,19/08/2023,865,0,Low,5,0,0.00%,508.31,101.66
CUST00136,Olga Williams,40,Female,Freelance Writer,Canada,Montreal,Savings,16/06/2017,3120,1,High,4,1,25.00%,"2,231.04",557.76
CUST00137,Priya Suzuki,39,Female,Pharmacist,United States,Boston,Checking,24/08/2013,4512,0,Low,8,0,0.00%,929.57,116.2
CUST00138,Sharon Rossi,40,Female,Accountant,United States,Boston,Savings,07/01/2020,2185,0,Low,4,0,0.00%,"2,066.52",516.63
CUST00139,Richard Lee,50,Male,Consultant,Germany,Hamburg,Savings,21/02/2016,3601,0,Low,2,0,0.00%,"1,051.67",525.84
CUST00140,Rebecca Okafor,37,Female,Teacher,United States,Boston,Checking,07/12/2022,1120,0,Low,6,1,16.70%,"2,138.73",356.46
CUST00141,Klaus Kim,30,Male,University Professor,United States,New York,Checking,18/07/2016,3453,0,Low,4,0,0.00%,356.17,89.04
CUST00142,John Harris,33,Male,HR Manager,United States,Seattle,Checking,08/12/2016,3310,0,Low,3,0,0.00%,713.81,237.94
CUST00143,Zanele Miller,39,Female,Civil Engineer,Mexico,Guadalajara,Savings,05/10/2017,3009,0,Low,4,0,0.00%,"1,122.44",280.61
CUST00144,Santiago Rossi,41,Male,Nurse,Italy,Rome,Business,08/11/2016,3340,0,Low,6,1,16.70%,938.82,156.47
CUST00145,Daniel Flores,52,Male,Data Analyst,Brazil,Sao Paulo,Checking,22/09/2017,3022,0,Low,2,0,0.00%,80.49,40.25
CUST00146,Kwame Anderson,32,Male,Chef,Canada,Toronto,Savings,27/08/2016,3413,0,Low,7,0,0.00%,"1,636.11",233.73
CUST00147,Mohammed Nguyen,32,Male,HR Manager,Brazil,Brasilia,Checking,06/04/2019,2461,0,Low,4,0,0.00%,"2,059.27",514.82
CUST00148,Ashley Ivanov,18,Female,Data Analyst,Japan,Osaka,Premium,14/08/2019,2331,0,Low,10,1,10.00%,"1,224.10",122.41
CUST00149,Layla Moore,28,Female,University Professor,Australia,Sydney,Savings,27/10/2020,1891,0,Low,8,0,0.00%,"1,529.28",191.16
CUST00150,Amanda Santos,42,Female,Financial Analyst,United Kingdom,London,Checking,30/09/2020,1918,0,Low,6,0,0.00%,"1,202.31",200.39
CUST00151,Anastasia Rossi,27,Female,University Professor,Canada,Vancouver,Checking,29/11/2018,2589,0,Medium,7,0,0.00%,"1,086.85",155.26
CUST00152,Justin Botha,32,Male,Lawyer,India,Chennai,Savings,17/06/2013,4580,0,Medium,3,1,33.30%,329.25,109.75
CUST00153,Ahmed Walker,29,Male,Project Manager,France,Nice,Savings,20/04/2021,1716,0,Medium,5,0,0.00%,493.25,98.65
CUST00154,Brian Schmidt,40,Male,Student,Australia,Perth,Checking,04/08/2019,2341,0,Low,8,0,0.00%,"3,050.07",381.26
CUST00155,Valentina Martin,59,Female,Retail Manager,France,Paris,Checking,03/07/2022,1277,0,High,4,2,50.00%,518.07,129.52
CUST00156,Susan Khan,23,Female,Nurse,India,Hyderabad,Checking,16/09/2013,4489,0,Low,5,0,0.00%,495.23,99.05
CUST00157,Laura Martin,35,Female,Accountant,United States,Boston,Checking,26/02/2015,3961,0,Low,6,0,0.00%,768.52,128.09
CUST00158,Ahmed Patel,32,Male,Pharmacist,United States,Los Angeles,Premium,15/05/2014,4248,0,Low,6,0,0.00%,581.96,96.99
CUST00159,Ingrid Carter,18,Female,Consultant,Nigeria,Abuja,Checking,19/02/2014,4333,0,Low,3,0,0.00%,"3,459.58","1,153.19"
CUST00160,Ashley Torres,49,Female,Marketing Specialist,South Korea,Seoul,Premium,20/01/2019,2537,0,Medium,5,0,0.00%,"2,135.88",427.18
CUST00161,Aoife Gonzalez,31,Female,Chef,India,Delhi,Business,20/02/2016,3602,0,Low,7,0,0.00%,"1,367.27",195.32
CUST00162,Brian Davis,34,Male,Small Business Owner,France,Marseille,Checking,19/09/2019,2295,0,Medium,8,0,0.00%,650.99,81.37
CUST00163,Jeffrey Haddad,33,Male,Real Estate Agent,Australia,Melbourne,Savings,05/01/2022,1456,0,Low,5,0,0.00%,287.86,57.57
CUST00164,Stephanie Walker,27,Female,Retail Manager,United States,Chicago,Savings,25/04/2021,1711,0,Low,5,0,0.00%,"1,114.25",222.85
CUST00165,Andrew Johnson,26,Male,Plumber,Germany,Hamburg,Savings,24/10/2013,4451,0,Low,3,0,0.00%,121.15,40.38
CUST00166,Elizabeth Khan,44,Female,Physician,Canada,Ottawa,Checking,25/07/2020,1985,0,Low,5,0,0.00%,"2,008.53",401.71
CUST00167,Andrew Ivanov,33,Male,University Professor,Japan,Yokohama,Premium,08/09/2021,1575,0,Low,5,1,20.00%,442.56,88.51
CUST00168,Susan Walker,50,Female,Lawyer,Germany,Frankfurt,Checking,22/06/2017,3114,0,Low,10,1,10.00%,725.69,72.57
CUST00169,Patricia Patel,43,Female,Financial Analyst,United States,New York,Checking,28/07/2017,3078,0,Medium,4,0,0.00%,173.39,43.35
CUST00170,Linda Silva,42,Female,Customer Support Rep,France,Marseille,Premium,22/03/2015,3937,0,Low,4,0,0.00%,272.72,68.18
CUST00171,Melissa Lewis,33,Female,Pharmacist,United States,Houston,Checking,15/12/2016,3303,0,Medium,11,0,0.00%,994.06,90.37
CUST00172,Thandiwe Moore,48,Female,Pharmacist,India,Mumbai,Savings,15/10/2013,4460,0,Low,3,1,33.30%,179.82,59.94
CUST00173,Sven Khan,37,Male,Teacher,United Arab Emirates,Sharjah,Checking,30/10/2019,2254,0,Low,4,0,0.00%,373.62,93.41
CUST00174,Joshua Adams,53,Male,Retired,Germany,Hamburg,Checking,13/12/2021,1479,0,Medium,2,0,0.00%,488.16,244.08
CUST00175,Deborah Kim,20,Female,HR Manager,Spain,Barcelona,Checking,10/08/2014,4161,0,Low,4,0,0.00%,708.05,177.01
CUST00176,Priya Nguyen,41,Female,Retired,Spain,Barcelona,Savings,25/11/2014,4054,0,Low,4,0,0.00%,"1,079.39",269.85
CUST00177,Karen Lewis,43,Female,University Professor,Canada,Calgary,Checking,27/01/2013,4721,0,Medium,4,0,0.00%,637.32,159.33
CUST00178,Barbara Patel,48,Female,Software Engineer,India,Bengaluru,Savings,26/11/2017,2957,0,Medium,3,0,0.00%,160.71,53.57
CUST00179,Luca King,34,Male,Project Manager,United Kingdom,Edinburgh,Checking,12/09/2014,4128,0,Medium,9,1,11.10%,464.75,51.64
CUST00180,Carlos Robinson,46,Male,Retail Manager,United States,New York,Savings,21/12/2016,3297,0,Medium,3,0,0.00%,837.05,279.02
CUST00181,Amara Lewis,36,Female,Pharmacist,United Arab Emirates,Dubai,Checking,17/10/2016,3362,0,Medium,4,0,0.00%,446.65,111.66
CUST00182,Michelle Chen,51,Female,Nurse,United States,Chicago,Checking,31/05/2023,945,0,Medium,5,1,20.00%,679.35,135.87
CUST00183,Eric Anderson,35,Male,Nurse,Brazil,Rio de Janeiro,Savings,20/12/2013,4394,0,Low,6,0,0.00%,927.29,154.55
CUST00184,Ronald Botha,33,Male,Electrician,Japan,Osaka,Savings,28/12/2013,4386,0,Low,8,1,12.50%,"1,045.48",130.69
CUST00185,Eric Chen,27,Male,Financial Analyst,Spain,Madrid,Savings,06/03/2016,3587,0,Low,4,0,0.00%,666.88,166.72
CUST00186,Steven Campbell,34,Male,Nurse,Germany,Frankfurt,Business,24/10/2017,2990,0,Low,6,0,0.00%,912.4,152.07
CUST00187,Linda Patel,43,Female,Financial Analyst,India,Delhi,Checking,23/01/2013,4725,0,Medium,3,0,0.00%,217.8,72.6
CUST00188,Amy Lopez,75,Female,Real Estate Agent,Netherlands,Amsterdam,Savings,21/09/2016,3388,0,Low,8,0,0.00%,599.23,74.9
CUST00189,Linda Nelson,43,Female,Marketing Specialist,United States,Chicago,Savings,04/02/2015,3983,0,Low,7,0,0.00%,"1,487.65",212.52
CUST00190,Pierre Okafor,46,Male,Civil Engineer,Australia,Melbourne,Savings,20/10/2014,4090,0,Medium,5,0,0.00%,864.86,172.97
CUST00191,Christopher Smith,39,Male,Financial Analyst,United States,Chicago,Business,18/06/2022,1292,0,Medium,9,1,11.10%,"1,883.36",209.26
CUST00192,Jessica Brown,51,Female,Sales Manager,United States,New York,Business,26/11/2019,2227,0,Medium,3,0,0.00%,"1,584.58",528.19
CUST00193,Brian Williams,74,Male,Graphic Designer,Canada,Montreal,Checking,02/05/2023,974,0,Low,1,0,0.00%,212.04,212.04
CUST00194,Joseph Rodriguez,47,Male,Retail Manager,Mexico,Guadalajara,Checking,13/03/2015,3946,0,Low,7,0,0.00%,"2,346.38",335.2
CUST00195,Cynthia Santos,52,Female,Marketing Specialist,Netherlands,The Hague,Checking,08/06/2023,937,0,Low,6,0,0.00%,"1,202.04",200.34
CUST00196,Sofia Suzuki,18,Female,Small Business Owner,Brazil,Salvador,Savings,14/09/2016,3395,0,Low,3,0,0.00%,713.54,237.85
CUST00197,Nicholas Kim,26,Male,Electrician,United States,Los Angeles,Savings,03/06/2018,2768,0,Low,10,0,0.00%,"1,485.10",148.51
CUST00198,Mateo Hernandez,39,Male,Consultant,Spain,Valencia,Checking,04/04/2022,1367,0,Low,5,2,40.00%,690.85,138.17
CUST00199,Raj Okafor,27,Male,Student,South Korea,Busan,Checking,25/08/2019,2320,0,Low,11,0,0.00%,"2,472.70",224.79
CUST00200,Amy Santos,47,Female,Architect,United States,Miami,Business,22/10/2022,1166,0,Low,2,0,0.00%,124.32,62.16
CUST00201,Wei Okafor,32,Male,Retired,Brazil,Rio de Janeiro,Checking,05/02/2019,2521,0,Medium,4,0,0.00%,482.1,120.53
CUST00202,George Ivanov,42,Male,Lawyer,United States,Miami,Checking,27/09/2015,3748,0,Low,2,0,0.00%,620.83,310.42
CUST00203,Hiroshi Allen,74,Male,Physician,United States,Chicago,Premium,20/03/2016,3573,0,Low,2,0,0.00%,170.72,85.36
CUST00204,Kwame Hernandez,26,Male,Accountant,Germany,Hamburg,Checking,02/11/2022,1155,0,Low,3,0,0.00%,236.16,78.72
CUST00205,Thomas Mensah,25,Male,Teacher,United States,Seattle,Premium,28/05/2016,3504,0,Medium,6,0,0.00%,"1,633.67",272.28
CUST00206,Hiroshi Kumar,43,Male,University Professor,Canada,Toronto,Checking,22/01/2013,4726,0,Low,6,0,0.00%,"1,361.75",226.96
CUST00207,Richard Santos,36,Male,Civil Engineer,United States,Chicago,Savings,22/07/2016,3449,0,Low,7,1,14.30%,"1,357.69",193.96
CUST00208,Melissa Mensah,40,Female,Physician,United States,Los Angeles,Checking,15/05/2015,3883,0,Low,3,0,0.00%,71.5,23.83
CUST00209,Ryan Mensah,42,Male,Freelance Writer,United States,New York,Savings,02/02/2017,3254,0,Low,5,1,20.00%,"2,971.49",594.3
CUST00210,Kimberly Brown,39,Female,Graphic Designer,United States,Phoenix,Checking,15/01/2016,3638,0,Medium,2,0,0.00%,323.77,161.89
CUST00211,Melissa Smith,44,Female,Graphic Designer,Canada,Vancouver,Savings,27/07/2017,3079,0,Low,5,0,0.00%,604.99,121
CUST00212,Luca Brown,44,Male,Accountant,United Kingdom,Leeds,Premium,04/07/2021,1641,0,Low,5,0,0.00%,194.53,38.91
CUST00213,Daniel Mitchell,19,Male,Small Business Owner,Spain,Valencia,Premium,13/04/2020,2088,0,Low,3,0,0.00%,286.97,95.66
CUST00214,Barbara Miller,63,Female,Sales Manager,United Kingdom,Manchester,Checking,17/06/2015,3850,0,Low,3,0,0.00%,158.46,52.82
CUST00215,Kimberly Khan,50,Female,Real Estate Agent,Australia,Perth,Savings,22/06/2018,2749,0,Low,3,0,0.00%,661.77,220.59
CUST00216,Mark Tanaka,22,Male,Nurse,United Kingdom,Birmingham,Business,06/02/2019,2520,0,Medium,10,1,10.00%,"1,286.96",128.7
CUST00217,Anastasia Rossi,53,Female,HR Manager,Mexico,Monterrey,Checking,17/06/2020,2023,0,Low,7,0,0.00%,856,122.29
CUST00218,Benjamin Davis,40,Male,Software Engineer,United Kingdom,Manchester,Savings,16/07/2020,1994,0,Low,5,0,0.00%,813.69,162.74
CUST00219,Zanele Allen,32,Female,Small Business Owner,Singapore,Singapore,Business,29/07/2022,1251,1,High,6,1,16.70%,"1,646.99",274.5
CUST00220,Lisa Taylor,35,Female,Lawyer,Germany,Munich,Checking,23/04/2018,2809,0,Low,3,0,0.00%,"1,316.20",438.73
CUST00221,Melissa Martinez,43,Female,Lawyer,United Kingdom,London,Savings,11/01/2019,2546,1,High,13,3,23.10%,"2,196.74",168.98
CUST00222,Carol Kumar,28,Female,Project Manager,India,Chennai,Premium,18/12/2015,3666,0,Low,6,0,0.00%,928.32,154.72
CUST00223,Edward Williams,62,Male,Consultant,India,Delhi,Checking,07/12/2014,4042,0,Medium,5,1,20.00%,329.31,65.86
CUST00224,Ahmed Campbell,61,Male,Accountant,Australia,Perth,Checking,13/06/2014,4219,0,Low,3,0,0.00%,"2,241.53",747.18
CUST00225,Edward Kim,36,Male,Accountant,India,Chennai,Checking,27/02/2014,4325,0,Low,7,0,0.00%,"1,024.03",146.29
CUST00226,George Perez,43,Male,Accountant,United Kingdom,Leeds,Checking,26/10/2016,3353,0,Low,3,0,0.00%,400.83,133.61
CUST00227,Thandiwe Hall,48,Female,Physician,Germany,Munich,Savings,09/04/2021,1727,0,Medium,5,0,0.00%,756.91,151.38
CUST00228,Matthew Martin,18,Male,Freelance Writer,Brazil,Sao Paulo,Checking,07/12/2021,1485,0,Low,8,0,0.00%,"3,255.45",406.93
CUST00229,Amy Haddad,48,Female,Freelance Writer,United States,Boston,Savings,13/04/2016,3549,0,Low,5,0,0.00%,483.82,96.76
CUST00230,Camila Adams,21,Female,University Professor,Canada,Montreal,Premium,24/03/2022,1378,0,Low,4,1,25.00%,"1,333.02",333.26
CUST00231,Raj Hill,43,Male,Operations Manager,Germany,Frankfurt,Savings,15/04/2017,3182,0,Low,3,0,0.00%,796.8,265.6
CUST00232,Michelle Muller,36,Female,Chef,United Kingdom,London,Premium,13/04/2023,993,0,Medium,5,0,0.00%,690.36,138.07
CUST00233,Wei Lopez,26,Male,Architect,India,Hyderabad,Checking,27/03/2018,2836,0,Low,6,0,0.00%,313.4,52.23
CUST00234,Yuki Garcia,53,Female,Chef,Spain,Valencia,Checking,11/08/2016,3429,0,High,3,0,0.00%,303.83,101.28
CUST00235,Aiko Martin,23,Female,Teacher,France,Nice,Premium,05/10/2022,1183,0,Medium,7,0,0.00%,958.32,136.9
CUST00236,Aoife Hernandez,38,Female,HR Manager,United Arab Emirates,Sharjah,Savings,26/12/2021,1466,1,High,5,2,40.00%,"1,047.44",209.49
CUST00237,Cynthia Kim,51,Female,HR Manager,United Kingdom,Leeds,Savings,20/02/2022,1410,0,Low,4,0,0.00%,"1,604.78",401.2
CUST00238,Stephanie Chen,46,Female,Freelance Writer,Poland,Krakow,Business,22/04/2016,3540,0,Low,9,0,0.00%,"2,452.36",272.48
CUST00239,Valentina Nelson,46,Female,Accountant,United States,Seattle,Savings,10/11/2022,1147,0,Medium,4,0,0.00%,"1,208.17",302.04
CUST00240,Andrew Martin,43,Male,Consultant,United States,Los Angeles,Savings,21/05/2017,3146,0,Low,2,0,0.00%,775.24,387.62
CUST00241,Michelle Patel,40,Female,Sales Manager,Italy,Rome,Premium,12/06/2020,2028,0,Low,8,0,0.00%,"1,328.82",166.1
CUST00242,Amanda Taylor,49,Female,Real Estate Agent,Singapore,Singapore,Checking,03/09/2016,3406,0,Low,1,0,0.00%,140.72,140.72
CUST00243,Patricia Campbell,35,Female,Small Business Owner,United States,Chicago,Savings,03/04/2013,4655,0,Low,3,0,0.00%,553.34,184.45
CUST00244,Fatima Harris,36,Female,Marketing Specialist,Brazil,Rio de Janeiro,Checking,08/03/2022,1394,0,Low,10,0,0.00%,"1,414.44",141.44
CUST00245,Susan Santos,59,Female,Freelance Writer,United Kingdom,Leeds,Savings,22/07/2014,4180,0,Medium,1,0,0.00%,107.41,107.41
CUST00246,Sofia Baker,43,Female,Plumber,India,Hyderabad,Checking,14/06/2022,1296,0,Low,9,0,0.00%,"2,612.76",290.31
CUST00247,Matthew Perez,42,Male,Retired,Ireland,Cork,Premium,07/06/2023,938,0,High,4,0,0.00%,479.33,119.83
CUST00248,Ashley Khan,54,Female,Architect,Canada,Montreal,Premium,26/06/2015,3841,0,Low,5,0,0.00%,957.49,191.5
CUST00249,Larry Walker,70,Male,Small Business Owner,Italy,Turin,Business,13/10/2013,4462,0,Medium,5,0,0.00%,"2,059.60",411.92
CUST00250,Scott Khan,36,Male,Chef,Australia,Brisbane,Checking,12/03/2015,3947,0,Medium,3,0,0.00%,319.02,106.34
CUST00251,Nancy Sanchez,35,Female,Operations Manager,Canada,Ottawa,Checking,15/05/2022,1326,0,Low,8,0,0.00%,"2,064.81",258.1
CUST00252,Nicholas Mitchell,37,Male,Data Analyst,United Kingdom,London,Checking,11/12/2015,3673,0,Low,4,0,0.00%,280.15,70.04
CUST00253,Donna Hernandez,40,Female,Freelance Writer,Canada,Vancouver,Savings,10/11/2020,1877,0,Low,5,0,0.00%,"2,536.28",507.26
CUST00254,Sharon Lopez,44,Female,Police Officer,Ireland,Dublin,Premium,05/10/2014,4105,0,Low,2,0,0.00%,107.22,53.61
CUST00255,Michael Wang,53,Male,Teacher,Ireland,Cork,Savings,16/04/2018,2816,0,Low,4,0,0.00%,476.01,119
CUST00256,William Mitchell,38,Male,Marketing Specialist,United States,New York,Business,06/05/2020,2065,0,Low,3,0,0.00%,750.69,250.23
CUST00257,Valentina Nelson,43,Female,Operations Manager,India,Delhi,Savings,18/05/2022,1323,1,High,5,2,40.00%,243.11,48.62
CUST00258,Priya Moore,47,Female,Freelance Writer,United Kingdom,Edinburgh,Checking,21/11/2018,2597,0,Low,3,0,0.00%,"1,077.94",359.31
CUST00259,Patricia Allen,48,Female,Civil Engineer,Canada,Vancouver,Checking,07/10/2017,3007,0,High,7,1,14.30%,"1,860.45",265.78
CUST00260,Sharon Anderson,32,Female,Freelance Writer,Italy,Naples,Business,03/04/2021,1733,0,High,2,0,0.00%,204.24,102.12
CUST00261,Jeffrey Ivanov,36,Male,Accountant,Brazil,Sao Paulo,Savings,15/07/2014,4187,0,Low,7,0,0.00%,"3,030.32",432.9
CUST00262,Patricia Tanaka,25,Female,Project Manager,United Arab Emirates,Dubai,Checking,11/11/2015,3703,0,Low,3,0,0.00%,452.01,150.67
CUST00263,Samuel Rivera,71,Male,Marketing Specialist,France,Nice,Checking,26/10/2021,1527,0,Medium,3,0,0.00%,410.09,136.7
CUST00264,Ronald Rodriguez,53,Male,HR Manager,United Kingdom,Leeds,Checking,25/03/2018,2838,0,Medium,4,0,0.00%,"1,009.63",252.41
CUST00265,Patricia Roberts,48,Female,University Professor,France,Nice,Checking,07/06/2023,938,0,Low,8,0,0.00%,943.51,117.94
CUST00266,Emily Williams,55,Female,Physician,Canada,Toronto,Checking,20/01/2020,2172,0,Medium,14,1,7.10%,"4,145.70",296.12
CUST00267,Susan Nelson,30,Female,Sales Manager,United Kingdom,London,Savings,20/12/2019,2203,0,Low,8,0,0.00%,"2,272.83",284.1
CUST00268,Lisa Muller,40,Female,Student,South Africa,Cape Town,Savings,01/11/2016,3347,0,Low,1,0,0.00%,54.94,54.94
CUST00269,Mohammed Ivanov,56,Male,Teacher,Canada,Montreal,Savings,29/08/2021,1585,1,High,6,1,16.70%,"2,583.75",430.63
CUST00270,Robert Green,45,Male,Police Officer,France,Marseille,Checking,20/02/2018,2871,0,Medium,1,0,0.00%,47.35,47.35
CUST00271,Priya Allen,48,Female,Teacher,South Africa,Durban,Premium,11/10/2021,1542,0,Low,4,0,0.00%,450.54,112.64
CUST00272,Linda Nelson,55,Female,Financial Analyst,Singapore,Singapore,Savings,15/12/2014,4034,0,Low,5,0,0.00%,562.1,112.42
CUST00273,Layla Khan,58,Female,Plumber,United States,Miami,Premium,13/02/2020,2148,0,Medium,7,0,0.00%,"1,317.23",188.18
CUST00274,Eric Mitchell,49,Male,Police Officer,United States,Phoenix,Premium,08/12/2014,4041,0,Low,6,0,0.00%,"4,042.74",673.79
CUST00275,Ryan White,56,Male,Data Analyst,United States,Phoenix,Premium,26/04/2020,2075,0,Medium,4,0,0.00%,"1,813.81",453.45
CUST00276,Joshua Flores,30,Male,Chef,Germany,Hamburg,Checking,19/01/2022,1442,0,Low,8,0,0.00%,762.16,95.27
CUST00277,Robert Rivera,43,Male,Architect,India,Chennai,Checking,03/11/2020,1884,0,Low,6,0,0.00%,"1,755.27",292.55
CUST00278,Linda Martinez,41,Female,Real Estate Agent,France,Nice,Premium,05/11/2019,2248,0,Low,7,0,0.00%,"2,629.93",375.7
CUST00279,Nancy Brown,44,Female,Sales Manager,South Korea,Busan,Checking,13/07/2023,902,0,Low,6,0,0.00%,395.57,65.93
CUST00280,Wei Campbell,61,Male,Physician,Netherlands,Rotterdam,Checking,09/04/2013,4649,0,Medium,8,1,12.50%,"1,832.65",229.08
CUST00281,Isabella Ali,35,Female,Physician,United Kingdom,Birmingham,Savings,10/12/2018,2578,0,Low,7,0,0.00%,725.61,103.66
CUST00282,Mei Campbell,43,Female,Lawyer,France,Marseille,Checking,20/08/2016,3420,0,Low,2,0,0.00%,"1,159.99",580
CUST00283,Patricia White,33,Female,Retail Manager,Brazil,Salvador,Checking,04/09/2013,4501,0,Low,2,0,0.00%,531.82,265.91
CUST00284,Andrew Ali,45,Male,Civil Engineer,United Kingdom,Leeds,Savings,19/09/2020,1929,0,Medium,6,0,0.00%,751.64,125.27
CUST00285,Margaret Thomas,33,Female,Sales Manager,United Kingdom,London,Business,07/11/2018,2611,0,Low,8,0,0.00%,"1,732.73",216.59
CUST00286,Barbara Green,65,Female,Real Estate Agent,Australia,Brisbane,Checking,18/12/2015,3666,0,Medium,4,1,25.00%,"3,983.80",995.95
CUST00287,Michelle Lee,27,Female,Student,United States,Chicago,Savings,08/01/2015,4010,0,Low,6,0,0.00%,"2,522.95",420.49
CUST00288,Anthony Moore,50,Male,Marketing Specialist,United Kingdom,Edinburgh,Business,17/08/2023,867,0,Low,8,0,0.00%,"1,133.15",141.64
CUST00289,Amy Okafor,49,Female,Sales Manager,Australia,Sydney,Savings,08/03/2023,1029,0,Low,7,3,42.90%,"1,679.04",239.86
CUST00290,Noor Dubois,39,Female,HR Manager,United Kingdom,Edinburgh,Business,18/04/2015,3910,0,Low,3,0,0.00%,335.22,111.74
CUST00291,Sarah Green,37,Female,Pharmacist,United Kingdom,London,Checking,15/11/2018,2603,0,Low,6,0,0.00%,"1,970.09",328.35
CUST00292,Sarah Okafor,45,Female,Pharmacist,Canada,Ottawa,Premium,17/11/2021,1505,0,Low,7,1,14.30%,"1,818.59",259.8
CUST00293,Stephen Davis,45,Male,Customer Support Rep,Mexico,Mexico City,Premium,09/02/2018,2882,0,Medium,5,0,0.00%,355.14,71.03
CUST00294,Brian Lewis,46,Male,Physician,India,Hyderabad,Checking,19/11/2013,4425,0,Low,4,0,0.00%,510.4,127.6
CUST00295,Anthony Okafor,43,Male,Financial Analyst,Mexico,Mexico City,Savings,28/11/2016,3320,0,Low,8,0,0.00%,"1,088.76",136.1
CUST00296,Aiko Perez,50,Female,Project Manager,United States,Chicago,Savings,31/12/2021,1461,0,Low,7,0,0.00%,350.36,50.05
CUST00297,Chioma Baker,40,Female,Customer Support Rep,United States,New York,Savings,31/08/2014,4140,0,Low,2,0,0.00%,804.09,402.05
CUST00298,Wei King,22,Male,Pharmacist,Mexico,Mexico City,Checking,27/04/2015,3901,0,Low,7,0,0.00%,933.8,133.4
CUST00299,Patricia Silva,35,Female,Plumber,India,Hyderabad,Checking,02/09/2020,1946,0,Low,10,0,0.00%,"1,710.34",171.03
CUST00300,Steven Kim,18,Male,Small Business Owner,South Africa,Cape Town,Premium,07/02/2023,1058,0,Low,6,0,0.00%,908.39,151.4
CUST00301,Jeffrey Dubois,28,Male,Chef,United Kingdom,Manchester,Business,08/02/2020,2153,0,Low,9,0,0.00%,"1,140.31",126.7
CUST00302,Mohammed Green,40,Male,Retired,Germany,Frankfurt,Savings,13/06/2019,2393,0,Low,7,0,0.00%,"1,364.97",195
CUST00303,Justin Wilson,38,Male,Consultant,Canada,Vancouver,Savings,09/09/2018,2670,0,Low,5,0,0.00%,591.01,118.2
CUST00304,Christopher Gonzalez,41,Male,Teacher,Canada,Montreal,Checking,26/04/2013,4632,0,Low,6,0,0.00%,745.22,124.2
CUST00305,Ashley Lee,27,Female,Customer Support Rep,France,Marseille,Savings,13/06/2013,4584,0,Medium,10,0,0.00%,"1,721.51",172.15
CUST00306,Pierre Lee,37,Male,Retail Manager,United States,Boston,Checking,30/04/2018,2802,0,Low,9,0,0.00%,"1,139.51",126.61
CUST00307,William Patel,59,Male,HR Manager,United States,Boston,Business,29/01/2013,4719,0,Low,5,0,0.00%,946.12,189.22
CUST00308,Linda Miller,53,Female,Small Business Owner,France,Nice,Savings,21/03/2017,3207,0,Medium,7,1,14.30%,"1,097.38",156.77
CUST00309,Priya Torres,52,Female,Data Analyst,Canada,Toronto,Premium,02/06/2014,4230,0,Low,3,0,0.00%,566.3,188.77
CUST00310,Andrew Campbell,49,Male,Freelance Writer,Spain,Barcelona,Savings,26/10/2019,2258,0,Medium,4,0,0.00%,616.7,154.18
CUST00311,Justin Harris,67,Male,Physician,France,Marseille,Savings,04/02/2023,1061,0,Low,7,1,14.30%,"4,042.80",577.54
CUST00312,Justin Scott,32,Male,Customer Support Rep,United States,Los Angeles,Checking,23/06/2022,1287,0,Low,4,0,0.00%,356.49,89.12
CUST00313,Sven Baker,36,Male,Data Analyst,Nigeria,Abuja,Checking,15/06/2015,3852,0,Low,4,0,0.00%,580.19,145.05
CUST00314,Rebecca Santos,46,Female,Teacher,Mexico,Mexico City,Savings,26/06/2023,919,0,Low,7,1,14.30%,636.49,90.93
CUST00315,Nicholas Suzuki,63,Male,Chef,United Kingdom,Manchester,Business,13/02/2017,3243,0,High,3,0,0.00%,183.31,61.1
CUST00316,Samuel Green,46,Male,Graphic Designer,India,Chennai,Checking,02/01/2017,3285,0,Low,5,0,0.00%,"1,350.32",270.06
CUST00317,George Santos,37,Male,Customer Support Rep,Italy,Turin,Savings,22/12/2015,3662,0,Medium,4,0,0.00%,"2,107.67",526.92
CUST00318,Michael Mitchell,19,Male,Consultant,Australia,Sydney,Checking,01/04/2019,2466,0,Low,7,0,0.00%,"1,744.12",249.16
CUST00319,Noor Brown,43,Female,Architect,Australia,Perth,Savings,10/12/2020,1847,0,Low,3,0,0.00%,723.77,241.26
CUST00320,Thandiwe Robinson,54,Female,Retired,Italy,Rome,Business,17/05/2017,3150,0,Low,8,0,0.00%,"1,085.15",135.64
CUST00321,Noor Carter,49,Female,Sales Manager,Spain,Valencia,Checking,15/03/2021,1752,1,High,5,2,40.00%,506.42,101.28
CUST00322,Jessica Harris,20,Female,Software Engineer,India,Chennai,Savings,27/05/2020,2044,0,Medium,7,1,14.30%,"1,176.67",168.1
CUST00323,Mark Chen,46,Male,HR Manager,Spain,Valencia,Checking,06/08/2013,4530,0,Low,3,0,0.00%,287.13,95.71
CUST00324,Noor Davis,32,Female,Student,Nigeria,Lagos,Checking,07/02/2018,2884,0,Medium,5,0,0.00%,837.83,167.57
CUST00325,Hiroshi Dubois,19,Male,HR Manager,Italy,Turin,Checking,26/05/2020,2045,0,Low,7,1,14.30%,727.22,103.89
CUST00326,Larry Baker,40,Male,Data Analyst,Canada,Montreal,Savings,04/05/2016,3528,0,Low,10,1,10.00%,"2,372.97",237.3
CUST00327,Valentina King,45,Female,Architect,United Kingdom,Edinburgh,Savings,06/10/2021,1547,0,Low,7,0,0.00%,"5,388.54",769.79
CUST00328,Kevin Lewis,39,Male,Small Business Owner,Mexico,Guadalajara,Checking,06/01/2016,3647,0,High,7,0,0.00%,573.72,81.96
CUST00329,Carol Dubois,20,Female,Physician,United States,Phoenix,Checking,10/09/2020,1938,0,Low,8,0,0.00%,"6,475.78",809.47
CUST00330,Stephanie Patel,37,Female,Customer Support Rep,Canada,Montreal,Premium,19/03/2013,4670,0,Low,4,0,0.00%,"1,118.60",279.65
CUST00331,Robert Torres,49,Male,Student,Japan,Tokyo,Checking,14/01/2020,2178,0,Low,2,0,0.00%,258.89,129.45
CUST00332,Layla Dubois,22,Female,Civil Engineer,United States,Houston,Savings,20/08/2014,4151,0,Low,3,0,0.00%,359.8,119.93
CUST00333,Grace Wright,56,Female,Sales Manager,United Arab Emirates,Dubai,Savings,06/01/2017,3281,0,Medium,9,0,0.00%,"1,444.59",160.51
CUST00334,John Kim,39,Male,Marketing Specialist,United States,Houston,Checking,01/05/2023,975,0,Low,4,0,0.00%,695.48,173.87
CUST00335,Nicholas Gonzalez,41,Male,Real Estate Agent,Netherlands,Amsterdam,Checking,11/11/2023,781,0,Low,8,0,0.00%,"1,428.76",178.6
CUST00336,Nancy Chen,32,Female,Pharmacist,Australia,Perth,Business,26/07/2018,2715,0,Low,10,0,0.00%,"1,949.81",194.98
CUST00337,Donna Adams,33,Female,Small Business Owner,United States,New York,Business,27/09/2013,4478,0,High,4,0,0.00%,906.83,226.71
CUST00338,Sandra Park,41,Female,Retired,United States,New York,Business,05/09/2013,4500,0,Low,4,0,0.00%,431.1,107.78
CUST00339,Kwame Thompson,39,Male,Police Officer,Germany,Berlin,Savings,17/07/2014,4185,0,Low,5,0,0.00%,"1,775.99",355.2
CUST00340,Luca Nguyen,55,Male,Plumber,United States,New York,Checking,26/10/2023,797,0,Low,4,0,0.00%,632.48,158.12
CUST00341,Amanda Torres,28,Female,Chef,Japan,Nagoya,Business,12/12/2013,4402,0,Low,5,0,0.00%,427.48,85.5
CUST00342,Amy Wright,49,Female,Civil Engineer,Japan,Tokyo,Checking,18/03/2020,2114,0,Medium,5,0,0.00%,660.79,132.16
CUST00343,Andrew White,48,Male,Software Engineer,Singapore,Singapore,Business,20/01/2015,3998,0,Low,3,0,0.00%,163.93,54.64
CUST00344,Margaret Thompson,29,Female,Architect,Germany,Hamburg,Savings,24/08/2014,4147,0,Medium,3,0,0.00%,412.2,137.4
CUST00345,Edward Gonzalez,35,Male,Graphic Designer,Netherlands,Amsterdam,Savings,26/07/2018,2715,0,Low,5,0,0.00%,419.61,83.92
CUST00346,Andrew Roberts,41,Male,Marketing Specialist,United Kingdom,Edinburgh,Savings,20/06/2015,3847,0,Low,4,0,0.00%,562.88,140.72
CUST00347,Brandon Johnson,30,Male,Financial Analyst,India,Bengaluru,Business,25/02/2016,3597,0,Low,6,0,0.00%,719.87,119.98
CUST00348,Amy Flores,44,Female,Graphic Designer,Nigeria,Abuja,Checking,23/03/2016,3570,0,Medium,7,0,0.00%,"2,631.31",375.9
CUST00349,Aoife Flores,45,Female,Student,Brazil,Sao Paulo,Premium,03/10/2016,3376,0,Low,5,0,0.00%,895.46,179.09
CUST00350,Samuel Lewis,59,Male,Marketing Specialist,Canada,Vancouver,Savings,23/07/2018,2718,0,Medium,7,0,0.00%,747.78,106.83
CUST00351,Chioma Mitchell,50,Female,Electrician,Australia,Perth,Premium,05/06/2015,3862,0,Low,3,0,0.00%,388.34,129.45
CUST00352,Betty Young,49,Female,Real Estate Agent,France,Paris,Checking,10/01/2018,2912,0,Low,5,0,0.00%,610.43,122.09
CUST00353,Elizabeth Haddad,24,Female,Nurse,Japan,Tokyo,Checking,17/08/2014,4154,0,Low,10,1,10.00%,"3,061.07",306.11
CUST00354,Olga Park,19,Female,Sales Manager,United Kingdom,Manchester,Checking,29/03/2020,2103,0,Low,8,1,12.50%,522.52,65.32
CUST00355,Carlos Clark,43,Male,Student,India,Hyderabad,Savings,09/06/2018,2762,0,Low,2,0,0.00%,600.76,300.38
CUST00356,Hana Davis,31,Female,Chef,Canada,Vancouver,Premium,01/03/2018,2862,0,Low,7,0,0.00%,871.05,124.44
CUST00357,Freya Muller,35,Female,Real Estate Agent,Canada,Montreal,Checking,23/10/2015,3722,1,High,10,2,20.00%,"1,038.38",103.84
CUST00358,James Ramirez,40,Male,Project Manager,Canada,Toronto,Savings,31/05/2023,945,0,Low,3,0,0.00%,971.75,323.92
CUST00359,Ingrid Davis,58,Female,Police Officer,United Arab Emirates,Dubai,Savings,13/06/2013,4584,0,High,4,0,0.00%,424.04,106.01
CUST00360,Matthew Moore,48,Male,Freelance Writer,United States,Miami,Checking,21/09/2019,2293,0,Low,4,0,0.00%,363.42,90.86
CUST00361,Chidi Carter,50,Male,Lawyer,United Kingdom,London,Business,06/04/2016,3556,0,Low,2,0,0.00%,203.7,101.85
CUST00362,Sarah Hall,44,Female,Nurse,Netherlands,Amsterdam,Checking,23/11/2017,2960,0,Low,8,0,0.00%,"1,198.56",149.82
CUST00363,Paul Smith,18,Male,Freelance Writer,United Kingdom,London,Checking,28/07/2020,1982,0,Medium,4,0,0.00%,911.94,227.99
CUST00364,Sharon Park,39,Female,Lawyer,France,Lyon,Checking,22/02/2021,1773,0,Low,6,0,0.00%,248.31,41.39
CUST00365,Anthony Anderson,28,Male,Teacher,Australia,Perth,Checking,09/01/2017,3278,0,Low,8,0,0.00%,"5,739.62",717.45
CUST00366,Patricia Walker,53,Female,Civil Engineer,Japan,Tokyo,Checking,15/10/2022,1173,0,Low,5,0,0.00%,878.81,175.76
CUST00367,Carlos Miller,33,Male,Marketing Specialist,France,Paris,Checking,30/05/2019,2407,0,High,6,2,33.30%,"1,676.78",279.46
CUST00368,Zanele Davis,45,Female,Sales Manager,Germany,Frankfurt,Premium,17/04/2021,1719,0,Low,5,0,0.00%,817.72,163.54
CUST00369,Carol Adams,42,Female,Marketing Specialist,Ireland,Cork,Savings,03/02/2014,4349,0,Medium,1,0,0.00%,55.05,55.05
CUST00370,Sandra Chen,35,Female,Small Business Owner,Italy,Naples,Checking,28/03/2023,1009,0,Low,2,0,0.00%,119,59.5
CUST00371,Layla Thompson,22,Female,Pharmacist,Singapore,Singapore,Business,08/09/2017,3036,0,Low,6,0,0.00%,886,147.67
CUST00372,Valentina Carter,63,Female,Operations Manager,United Kingdom,Leeds,Premium,06/05/2020,2065,0,Low,4,0,0.00%,286.59,71.65
CUST00373,Kevin Carter,37,Male,Graphic Designer,India,Hyderabad,Checking,11/08/2018,2699,0,Low,5,0,0.00%,250.48,50.1
CUST00374,Kofi Jackson,57,Male,Operations Manager,Australia,Perth,Savings,30/08/2013,4506,0,Low,4,0,0.00%,207.38,51.85
CUST00375,Jeffrey Mensah,49,Male,HR Manager,United Kingdom,Manchester,Checking,26/07/2019,2350,0,Low,6,0,0.00%,456.87,76.15
CUST00376,Wei Hernandez,46,Male,Police Officer,India,Chennai,Savings,03/06/2014,4229,0,Low,3,0,0.00%,430.17,143.39
CUST00377,Margaret Miller,33,Female,Financial Analyst,India,Chennai,Savings,13/05/2016,3519,0,High,4,0,0.00%,"1,677.31",419.33
CUST00378,David Harris,23,Male,Operations Manager,United States,Houston,Savings,18/07/2018,2723,0,Low,3,0,0.00%,"1,183.45",394.48
CUST00379,Michelle Johnson,62,Female,Civil Engineer,Japan,Osaka,Business,17/02/2013,4700,0,Low,3,0,0.00%,410.39,136.8
CUST00380,Zanele Dubois,33,Female,Police Officer,United States,Houston,Savings,13/02/2016,3609,0,Low,5,0,0.00%,301.47,60.29
CUST00381,Rafael Walker,36,Male,Data Analyst,United States,Seattle,Premium,23/03/2015,3936,0,Low,4,1,25.00%,"1,222.13",305.53
CUST00382,Wei Rivera,38,Male,Small Business Owner,United Kingdom,Birmingham,Checking,20/11/2019,2233,0,Low,8,0,0.00%,827.45,103.43
CUST00383,Richard Schmidt,41,Male,Freelance Writer,United States,Seattle,Premium,31/08/2013,4505,0,Low,2,1,50.00%,"1,248.80",624.4
CUST00384,Robert Haddad,30,Male,University Professor,France,Lyon,Premium,10/08/2015,3796,0,Low,10,1,10.00%,"3,753.45",375.35
CUST00385,Brandon Wang,18,Male,Small Business Owner,Canada,Vancouver,Savings,20/09/2021,1563,0,High,7,0,0.00%,"8,164.39","1,166.34"
CUST00386,Kwame Young,45,Male,Retail Manager,India,Hyderabad,Savings,30/07/2016,3441,0,Medium,5,0,0.00%,354.19,70.84
CUST00387,Pierre Rossi,31,Male,Retired,France,Nice,Business,02/10/2018,2647,0,Low,4,0,0.00%,334.23,83.56
CUST00388,Nancy Moore,40,Female,Retired,Japan,Nagoya,Checking,09/11/2021,1513,0,Low,4,0,0.00%,205.43,51.36
CUST00389,Valentina Davis,39,Female,HR Manager,Brazil,Sao Paulo,Checking,06/07/2014,4196,0,Low,7,0,0.00%,626.39,89.48
CUST00390,Sofia Miller,29,Female,Freelance Writer,Mexico,Mexico City,Business,18/04/2019,2449,0,Low,4,0,0.00%,243.04,60.76
CUST00391,Elizabeth Martin,26,Female,Software Engineer,Poland,Warsaw,Business,01/04/2018,2831,0,Low,6,0,0.00%,802.96,133.83
CUST00392,Raj Dubois,36,Male,Real Estate Agent,Singapore,Singapore,Savings,29/09/2023,824,1,High,6,2,33.30%,"2,823.97",470.66
CUST00393,Mary Williams,31,Female,HR Manager,Brazil,Brasilia,Checking,29/11/2017,2954,0,Medium,6,0,0.00%,573.19,95.53
CUST00394,Arjun Singh,43,Male,Operations Manager,Mexico,Mexico City,Savings,20/09/2022,1198,0,Low,5,0,0.00%,584.59,116.92
CUST00395,Ashley Harris,27,Female,Architect,Canada,Ottawa,Checking,02/02/2021,1793,0,Medium,5,0,0.00%,720.36,144.07
CUST00396,Edward Hernandez,29,Male,Physician,France,Nice,Checking,09/10/2018,2640,0,Low,6,1,16.70%,837.01,139.5
CUST00397,Sandra Hill,69,Female,Real Estate Agent,Germany,Berlin,Business,03/08/2016,3437,0,Low,2,0,0.00%,184.23,92.12
CUST00398,Jennifer Lopez,26,Female,Lawyer,Poland,Krakow,Premium,10/09/2019,2304,0,Low,5,0,0.00%,264.17,52.83
CUST00399,James Perez,35,Male,Accountant,Italy,Turin,Premium,10/06/2014,4222,0,Medium,4,0,0.00%,411.8,102.95
CUST00400,Olga Gonzalez,56,Female,Plumber,Mexico,Monterrey,Checking,12/08/2013,4524,1,High,7,2,28.60%,"3,824.41",546.34
CUST00401,Chidi Haddad,38,Male,Retail Manager,United States,Phoenix,Savings,26/05/2023,950,0,Low,3,0,0.00%,"1,511.11",503.7
CUST00402,Kimberly Botha,31,Female,Project Manager,Nigeria,Lagos,Savings,28/11/2021,1494,0,Medium,8,1,12.50%,"3,381.56",422.7
CUST00403,Mark Jackson,40,Male,Freelance Writer,India,Chennai,Premium,03/07/2013,4564,0,Low,6,2,33.30%,824.66,137.44
CUST00404,Steven Haddad,51,Male,Customer Support Rep,Germany,Hamburg,Checking,29/04/2016,3533,0,Low,2,0,0.00%,203.55,101.78
CUST00405,Pierre Moore,33,Male,Operations Manager,United States,Los Angeles,Checking,21/04/2018,2811,0,High,7,0,0.00%,757.26,108.18
CUST00406,Richard Singh,38,Male,Marketing Specialist,France,Paris,Business,06/02/2020,2155,0,Low,15,0,0.00%,"2,454.38",163.63
CUST00407,Chioma Patel,41,Female,Freelance Writer,Australia,Brisbane,Checking,03/08/2023,881,0,Low,6,0,0.00%,263.55,43.93
CUST00408,Cynthia Rossi,18,Female,Marketing Specialist,United Kingdom,Birmingham,Savings,19/09/2017,3025,0,Low,6,0,0.00%,"1,151.47",191.91
CUST00409,Carlos Carter,38,Male,Accountant,United States,Phoenix,Business,21/12/2014,4028,0,Low,3,1,33.30%,"1,323.62",441.21
CUST00410,Kenneth Martin,60,Male,Lawyer,Japan,Osaka,Business,17/08/2015,3789,0,Low,2,0,0.00%,"1,880.62",940.31
CUST00411,William Smith,33,Male,Small Business Owner,Japan,Nagoya,Checking,19/11/2019,2234,0,Low,5,0,0.00%,522.67,104.53
CUST00412,William White,37,Male,Electrician,Poland,Krakow,Premium,03/09/2017,3041,0,Low,7,0,0.00%,906.69,129.53
CUST00413,Michael Lopez,53,Male,Physician,France,Paris,Checking,23/03/2017,3205,0,Low,6,0,0.00%,375.8,62.63
CUST00414,Jason Johnson,21,Male,Small Business Owner,Italy,Turin,Checking,28/07/2019,2348,0,Low,4,0,0.00%,661.97,165.49
CUST00415,Freya Young,25,Female,Project Manager,Singapore,Singapore,Savings,26/03/2016,3567,0,Medium,1,0,0.00%,48.09,48.09
CUST00416,Kevin Wright,18,Male,Retail Manager,United States,Chicago,Checking,18/03/2023,1019,0,Low,6,0,0.00%,"1,465.47",244.25
CUST00417,Kevin Dubois,33,Male,Operations Manager,France,Paris,Checking,14/11/2019,2239,0,Low,10,1,10.00%,"1,708.38",170.84
CUST00418,Raj Silva,46,Male,Architect,United Kingdom,Leeds,Business,23/09/2021,1560,0,Medium,3,0,0.00%,341,113.67
CUST00419,James Patel,40,Male,Consultant,United States,Miami,Savings,26/11/2014,4053,0,Low,2,0,0.00%,85.94,42.97
CUST00420,Ryan Moore,48,Male,Small Business Owner,South Africa,Cape Town,Checking,26/02/2017,3230,0,Low,5,0,0.00%,"1,492.89",298.58
CUST00421,Brian Thompson,35,Male,Lawyer,Brazil,Brasilia,Savings,26/08/2020,1953,0,Low,6,0,0.00%,737.02,122.84
CUST00422,Olga Young,29,Female,Consultant,Canada,Calgary,Savings,10/10/2020,1908,0,Medium,7,0,0.00%,"1,127.32",161.05
CUST00423,Joseph Haddad,32,Male,Civil Engineer,Japan,Osaka,Checking,10/04/2016,3552,0,Low,10,0,0.00%,"1,497.08",149.71
CUST00424,Diego Muller,54,Male,Student,Singapore,Singapore,Checking,02/01/2019,2555,0,Medium,6,0,0.00%,"2,583.74",430.62
CUST00425,Elizabeth Chen,69,Female,Real Estate Agent,India,Chennai,Premium,11/05/2022,1330,0,Low,6,0,0.00%,"1,047.54",174.59
CUST00426,Hiroshi Martin,33,Male,Student,India,Chennai,Checking,26/01/2015,3992,0,Low,5,1,20.00%,450.69,90.14
CUST00427,Benjamin Dubois,46,Male,Project Manager,Germany,Hamburg,Savings,05/12/2017,2948,0,Low,6,0,0.00%,667.19,111.2
CUST00428,Grace Wang,32,Female,Data Analyst,United States,New York,Savings,20/01/2015,3998,0,Low,7,0,0.00%,830.21,118.6
CUST00429,Hana Park,23,Female,Architect,Canada,Toronto,Premium,11/09/2022,1207,0,Low,3,1,33.30%,250.39,83.46
CUST00430,Melissa Perez,28,Female,Pharmacist,United States,New York,Checking,09/08/2017,3066,0,Low,6,0,0.00%,"1,829.88",304.98
CUST00431,Rebecca Nelson,56,Female,Operations Manager,United Kingdom,Edinburgh,Checking,25/09/2022,1193,1,High,5,2,40.00%,"2,269.82",453.96
CUST00432,Stephen Suzuki,50,Male,Data Analyst,United States,Houston,Business,03/12/2018,2585,0,Low,3,0,0.00%,435.26,145.09
CUST00433,Carlos Santos,48,Male,Sales Manager,Canada,Montreal,Checking,24/08/2023,860,0,Low,7,0,0.00%,"2,354.70",336.39
CUST00434,Rafael Hernandez,58,Male,Nurse,India,Delhi,Premium,06/01/2020,2186,0,Low,5,0,0.00%,"1,499.41",299.88
CUST00435,Mark Suzuki,33,Male,Retail Manager,South Korea,Busan,Premium,31/07/2018,2710,0,Low,5,0,0.00%,381.02,76.2
CUST00436,Cynthia Green,41,Female,Accountant,Nigeria,Abuja,Savings,02/06/2023,943,0,Low,7,0,0.00%,976.55,139.51
CUST00437,Kofi Baker,50,Male,Pharmacist,India,Mumbai,Checking,29/04/2016,3533,0,Low,6,1,16.70%,714.58,119.1
CUST00438,Layla Young,48,Female,HR Manager,Netherlands,Amsterdam,Checking,24/09/2017,3020,0,Low,3,0,0.00%,599.5,199.83
CUST00439,Amy Robinson,18,Female,Operations Manager,India,Chennai,Business,09/11/2016,3339,0,Low,10,0,0.00%,"1,301.52",130.15
CUST00440,Sharon Patel,18,Female,Software Engineer,United States,Houston,Checking,17/11/2018,2601,0,Medium,6,0,0.00%,287.64,47.94
CUST00441,Mohammed Ramirez,23,Male,Civil Engineer,United Arab Emirates,Abu Dhabi,Premium,26/06/2015,3841,0,Medium,3,0,0.00%,470.58,156.86
CUST00442,Olga Wilson,52,Female,Operations Manager,Netherlands,The Hague,Checking,28/10/2021,1525,0,Medium,8,0,0.00%,"3,670.84",458.86
CUST00443,Joseph King,56,Male,Real Estate Agent,Brazil,Salvador,Premium,01/01/2018,2921,0,Low,4,1,25.00%,533.85,133.46
CUST00444,Jason Patel,39,Male,Project Manager,United States,Los Angeles,Savings,07/01/2020,2185,0,High,7,0,0.00%,879.93,125.7
CUST00445,Matthew Hill,39,Male,Police Officer,Brazil,Sao Paulo,Premium,20/05/2016,3512,0,Low,5,0,0.00%,570.59,114.12
CUST00446,Kevin Anderson,39,Male,Graphic Designer,Germany,Frankfurt,Premium,22/02/2016,3600,0,Medium,4,0,0.00%,406.7,101.68
CUST00447,Benjamin Moore,70,Male,Project Manager,Germany,Hamburg,Checking,06/03/2019,2492,0,Low,9,0,0.00%,"1,476.52",164.06
CUST00448,Grace Thompson,54,Female,Data Analyst,Japan,Osaka,Premium,06/06/2018,2765,0,Low,4,0,0.00%,"1,104.94",276.24
CUST00449,Kwame Ali,32,Male,Architect,Germany,Berlin,Checking,19/03/2014,4305,0,Low,6,0,0.00%,"1,935.22",322.54
CUST00450,Thomas Harris,47,Male,Customer Support Rep,Brazil,Salvador,Business,10/02/2013,4707,0,Low,8,0,0.00%,"1,223.06",152.88
CUST00451,Laura Rossi,57,Female,Electrician,United States,Boston,Savings,10/06/2018,2761,0,Medium,3,0,0.00%,"1,204.80",401.6
CUST00452,Yuki Lewis,35,Female,Small Business Owner,India,Mumbai,Checking,02/11/2020,1885,0,Low,5,0,0.00%,"2,634.32",526.86
CUST00453,Klaus Ivanov,44,Male,Project Manager,United States,Boston,Premium,03/10/2017,3011,0,Low,4,0,0.00%,476.3,119.08
CUST00454,Kimberly Botha,59,Female,Customer Support Rep,Brazil,Brasilia,Checking,03/11/2017,2980,0,High,6,0,0.00%,"1,041.84",173.64
CUST00455,Diego Khan,22,Male,Data Analyst,United States,Houston,Checking,25/02/2019,2501,0,Medium,7,0,0.00%,475.31,67.9
CUST00456,Zanele Young,26,Female,Small Business Owner,Poland,Warsaw,Checking,16/11/2018,2602,0,Low,10,0,0.00%,"1,066.90",106.69
CUST00457,Barbara Khan,48,Female,University Professor,India,Mumbai,Checking,23/03/2015,3936,0,Low,7,0,0.00%,749.57,107.08
CUST00458,Luca Hall,45,Male,University Professor,Japan,Nagoya,Checking,22/01/2022,1439,0,Low,2,1,50.00%,223.71,111.86
CUST00459,Betty Davis,56,Female,Project Manager,United States,Seattle,Savings,13/12/2017,2940,0,Low,10,0,0.00%,"2,470.01",247
CUST00460,Carol Nguyen,33,Female,Small Business Owner,India,Hyderabad,Checking,02/12/2020,1855,0,Low,1,0,0.00%,102.09,102.09
CUST00461,Isabella Gonzalez,65,Female,Sales Manager,India,Chennai,Savings,13/08/2013,4523,0,Medium,5,0,0.00%,"1,000.25",200.05
CUST00462,Wei Taylor,65,Male,Student,United Kingdom,Manchester,Premium,13/02/2021,1782,0,Low,4,0,0.00%,700.08,175.02
CUST00463,Steven Patel,55,Male,Retail Manager,Japan,Osaka,Premium,11/06/2017,3125,0,Low,5,0,0.00%,672.11,134.42
CUST00464,Stephanie Ali,32,Female,Accountant,Australia,Sydney,Checking,27/05/2019,2410,0,Low,4,2,50.00%,513.81,128.45
CUST00465,Santiago Mitchell,30,Male,Chef,United Kingdom,Edinburgh,Savings,01/04/2020,2100,0,Medium,8,0,0.00%,"2,869.49",358.69
CUST00466,Noor Lopez,39,Female,Retired,Poland,Krakow,Business,19/10/2016,3360,0,Low,1,0,0.00%,22.73,22.73
CUST00467,David Park,65,Male,Lawyer,Mexico,Mexico City,Checking,23/01/2013,4725,0,Low,6,0,0.00%,"1,189.89",198.32
CUST00468,Kenneth Adams,27,Male,Customer Support Rep,Singapore,Singapore,Checking,18/02/2020,2143,0,Low,4,0,0.00%,"3,148.64",787.16
CUST00469,Kofi Rossi,24,Male,Operations Manager,Canada,Montreal,Checking,22/11/2013,4422,0,Low,6,0,0.00%,301.42,50.24
CUST00470,Richard Ivanov,45,Male,Software Engineer,United States,Los Angeles,Premium,01/07/2013,4566,0,Low,2,0,0.00%,77.28,38.64
CUST00471,James Kumar,18,Male,Civil Engineer,Ireland,Dublin,Checking,10/01/2014,4373,0,Low,4,1,25.00%,551.15,137.79
CUST00472,Santiago Scott,43,Male,Accountant,Italy,Naples,Premium,10/02/2021,1785,0,Low,3,0,0.00%,119.35,39.78
CUST00473,Valentina Perez,38,Female,Teacher,Germany,Hamburg,Checking,26/11/2016,3322,0,Low,3,0,0.00%,588.84,196.28
CUST00474,Sandra Kumar,59,Female,Pharmacist,Brazil,Sao Paulo,Savings,11/01/2016,3642,0,Low,4,0,0.00%,326.99,81.75
CUST00475,David Taylor,52,Male,Project Manager,United States,Houston,Savings,04/02/2018,2887,0,Low,5,0,0.00%,429.93,85.99
CUST00476,Ahmed Baker,51,Male,Customer Support Rep,Brazil,Sao Paulo,Savings,10/04/2014,4283,0,High,8,0,0.00%,"1,621.96",202.75
CUST00477,David Robinson,28,Male,Lawyer,United Kingdom,London,Business,22/09/2015,3753,0,Low,8,1,12.50%,"3,202.93",400.37
CUST00478,Ronald Hill,29,Male,Sales Manager,United Kingdom,Edinburgh,Premium,31/03/2015,3928,0,Low,1,0,0.00%,21.3,21.3
CUST00479,Valentina Jackson,34,Female,Accountant,United States,New York,Business,28/01/2017,3259,0,Low,8,0,0.00%,"1,139.24",142.41
CUST00480,Diego Ramirez,40,Male,Pharmacist,France,Lyon,Checking,09/08/2013,4527,0,Low,1,0,0.00%,39.62,39.62
CUST00481,Betty Lopez,44,Female,Plumber,France,Paris,Business,08/05/2022,1333,0,Low,3,0,0.00%,"1,123.92",374.64
CUST00482,Stephanie Hall,42,Female,Electrician,Australia,Brisbane,Checking,18/01/2015,4000,0,Medium,5,0,0.00%,"1,015.62",203.12
CUST00483,William Young,26,Male,Data Analyst,France,Marseille,Savings,09/03/2015,3950,0,High,7,0,0.00%,"2,408.68",344.1
CUST00484,Kofi Hill,48,Male,Civil Engineer,India,Hyderabad,Checking,11/02/2017,3245,0,Low,5,0,0.00%,820.74,164.15
CUST00485,Donna Miller,35,Female,Operations Manager,United Kingdom,Manchester,Premium,15/05/2018,2787,0,Low,6,1,16.70%,779.71,129.95
CUST00486,Raj Martinez,33,Male,HR Manager,Germany,Berlin,Checking,14/11/2019,2239,0,Medium,4,0,0.00%,418.52,104.63
CUST00487,Chidi Haddad,37,Male,Electrician,Japan,Yokohama,Savings,17/10/2017,2997,0,Low,4,0,0.00%,418.06,104.52
CUST00488,Thandiwe Martinez,42,Female,Software Engineer,Australia,Sydney,Savings,07/10/2023,816,0,Low,4,0,0.00%,664.74,166.19
CUST00489,John Patel,35,Male,HR Manager,Australia,Brisbane,Savings,14/11/2016,3334,0,Low,4,0,0.00%,275.61,68.9
CUST00490,Sharon Kim,67,Female,Accountant,United States,Chicago,Savings,22/10/2020,1896,0,Medium,6,0,0.00%,"3,354.43",559.07
CUST00491,Rafael Clark,32,Male,Operations Manager,Mexico,Mexico City,Checking,26/11/2017,2957,0,Low,5,0,0.00%,916.95,183.39
CUST00492,Zanele Rodriguez,40,Female,Small Business Owner,United States,Miami,Checking,26/09/2015,3749,0,Medium,4,0,0.00%,812.83,203.21
CUST00493,Steven Lopez,22,Male,Police Officer,Italy,Turin,Premium,14/08/2022,1235,0,Medium,7,1,14.30%,765.15,109.31
CUST00494,Michelle Thompson,42,Female,Nurse,United Kingdom,London,Savings,25/12/2015,3659,0,High,6,0,0.00%,553.89,92.32
CUST00495,Eric Hall,40,Male,HR Manager,Spain,Valencia,Savings,20/02/2015,3967,0,Low,5,0,0.00%,"1,559.27",311.85
CUST00496,Ronald Taylor,31,Male,Retired,United States,Phoenix,Savings,13/09/2015,3762,0,Medium,6,0,0.00%,437.03,72.84
CUST00497,Patricia Nelson,58,Female,Operations Manager,South Korea,Busan,Checking,13/11/2020,1874,0,Low,2,0,0.00%,574.52,287.26
CUST00498,Scott Martinez,33,Male,Retail Manager,United Kingdom,Edinburgh,Premium,11/03/2018,2852,0,Low,6,0,0.00%,"2,084.51",347.42
CUST00499,Scott Perez,56,Male,Physician,Canada,Vancouver,Business,22/01/2021,1804,0,Low,3,0,0.00%,177.46,59.15
CUST00500,Isabella Anderson,47,Female,Marketing Specialist,United States,New York,Savings,05/06/2023,940,0,Medium,5,0,0.00%,488.33,97.67
CUST00501,Robert Schmidt,51,Male,Physician,Spain,Barcelona,Checking,07/08/2013,4529,0,High,1,0,0.00%,53.52,53.52
CUST00502,Jennifer Okafor,35,Female,Operations Manager,United States,Miami,Checking,27/05/2021,1679,0,Low,4,0,0.00%,580.63,145.16
CUST00503,Diego Green,44,Male,Financial Analyst,United States,Los Angeles,Checking,05/07/2017,3101,0,Low,4,0,0.00%,427.8,106.95
CUST00504,Linda Thompson,50,Female,Marketing Specialist,United States,New York,Premium,22/03/2013,4667,0,Medium,7,0,0.00%,351.8,50.26
CUST00505,Donna Flores,47,Female,Consultant,Australia,Sydney,Business,19/09/2017,3025,0,Low,3,1,33.30%,540.65,180.22
CUST00506,Joshua Haddad,41,Male,Operations Manager,India,Bengaluru,Checking,17/08/2015,3789,0,Medium,4,0,0.00%,"1,703.35",425.84
CUST00507,Brandon Silva,25,Male,Freelance Writer,United States,Houston,Savings,15/09/2015,3760,0,Low,5,0,0.00%,406.78,81.36
CUST00508,Ashley Martin,37,Female,Software Engineer,Brazil,Salvador,Premium,27/08/2023,857,0,Low,9,0,0.00%,"1,613.86",179.32
CUST00509,Kwame Johnson,30,Male,Consultant,South Africa,Johannesburg,Premium,30/05/2015,3868,0,Low,2,0,0.00%,174.21,87.11
CUST00510,Noor Flores,48,Female,Nurse,Japan,Osaka,Checking,23/12/2017,2930,0,Low,3,0,0.00%,463.53,154.51
CUST00511,John Jackson,38,Male,Student,Canada,Montreal,Savings,16/11/2022,1141,1,High,3,0,0.00%,"1,031.27",343.76
CUST00512,Kofi Suzuki,57,Male,Electrician,Singapore,Singapore,Checking,12/10/2018,2637,0,Low,2,0,0.00%,"1,507.18",753.59
CUST00513,Richard Santos,51,Male,Sales Manager,United States,Miami,Checking,30/01/2023,1066,0,Low,5,0,0.00%,"2,754.98",551
CUST00514,Hiroshi Taylor,48,Male,Marketing Specialist,Canada,Montreal,Savings,28/12/2020,1829,0,Medium,7,2,28.60%,"1,935.97",276.57
CUST00515,Rebecca Adams,56,Female,Consultant,Canada,Calgary,Premium,14/11/2020,1873,0,Low,5,0,0.00%,916.6,183.32
CUST00516,Sarah Wilson,60,Female,Sales Manager,Nigeria,Lagos,Savings,28/01/2022,1433,0,Low,5,0,0.00%,800.76,160.15
CUST00517,Joseph Park,25,Male,Physician,Japan,Osaka,Checking,07/11/2018,2611,0,Low,7,0,0.00%,"1,373.48",196.21
CUST00518,Joseph Lopez,56,Male,Graphic Designer,South Africa,Durban,Checking,04/07/2020,2006,0,Medium,7,0,0.00%,"1,227.44",175.35
CUST00519,Jennifer Ramirez,52,Female,Customer Support Rep,Japan,Yokohama,Savings,04/04/2022,1367,0,Low,10,1,10.00%,"2,156.57",215.66
CUST00520,Timothy Patel,23,Male,HR Manager,United Kingdom,London,Checking,29/04/2016,3533,0,Low,4,0,0.00%,523.2,130.8
CUST00521,Lisa Brown,47,Female,Lawyer,Italy,Turin,Premium,07/09/2017,3037,0,Medium,4,0,0.00%,369.27,92.32
CUST00522,Gary Wilson,43,Male,Operations Manager,India,Delhi,Checking,23/07/2022,1257,1,High,1,0,0.00%,58.83,58.83
CUST00523,Sandra Taylor,44,Female,Civil Engineer,France,Nice,Checking,30/09/2019,2284,0,Low,3,0,0.00%,"1,891.99",630.66
CUST00524,Barbara King,49,Female,Police Officer,Germany,Berlin,Premium,04/09/2023,849,0,Low,4,0,0.00%,675.65,168.91
CUST00525,Wei Khan,44,Male,Operations Manager,United States,Chicago,Checking,21/11/2022,1136,0,Low,10,0,0.00%,"1,664.70",166.47
CUST00526,Amanda Thomas,40,Female,Teacher,Brazil,Salvador,Business,09/05/2023,967,0,Low,6,0,0.00%,702.9,117.15
CUST00527,Noor Patel,35,Female,Retail Manager,Spain,Madrid,Premium,18/08/2019,2327,0,Medium,7,0,0.00%,"1,495.14",213.59
CUST00528,Mark White,50,Male,Financial Analyst,United States,Phoenix,Business,02/12/2018,2586,0,Medium,5,0,0.00%,390.67,78.13
CUST00529,Samuel Young,52,Male,Pharmacist,United Kingdom,Birmingham,Premium,29/04/2018,2803,0,Low,8,0,0.00%,"1,355.03",169.38
CUST00530,Linda Lopez,34,Female,Financial Analyst,Japan,Nagoya,Savings,19/05/2022,1322,0,Low,7,0,0.00%,743.03,106.15
CUST00531,Hana Kim,18,Female,Marketing Specialist,India,Hyderabad,Checking,03/01/2015,4015,1,High,3,1,33.30%,640.23,213.41
CUST00532,Mohammed Rivera,37,Male,Retail Manager,United Kingdom,Leeds,Savings,27/02/2015,3960,0,Low,2,0,0.00%,350.76,175.38
CUST00533,Aiko Adams,53,Female,Lawyer,Spain,Barcelona,Checking,26/11/2021,1496,1,High,2,1,50.00%,255.67,127.84
CUST00534,Patricia Scott,63,Female,Teacher,United States,Boston,Checking,25/12/2017,2928,0,Medium,7,0,0.00%,"1,407.63",201.09
CUST00535,Sandra Lee,42,Female,Nurse,Poland,Warsaw,Premium,21/07/2016,3450,0,Low,4,0,0.00%,"1,041.09",260.27
CUST00536,Yuki Davis,34,Female,Freelance Writer,United States,Houston,Premium,18/06/2017,3118,0,Low,13,0,0.00%,"2,469.48",189.96
CUST00537,Melissa Thompson,44,Female,Graphic Designer,Singapore,Singapore,Premium,11/04/2017,3186,0,Low,3,0,0.00%,"1,603.17",534.39
CUST00538,Melissa Brown,49,Female,Student,Germany,Frankfurt,Checking,17/04/2013,4641,0,Low,3,1,33.30%,602.39,200.8
CUST00539,Anthony Silva,60,Male,Data Analyst,India,Bengaluru,Premium,13/12/2021,1479,0,Low,3,0,0.00%,340.05,113.35
CUST00540,Paul Lewis,36,Male,Software Engineer,India,Hyderabad,Savings,24/07/2018,2717,1,High,8,3,37.50%,"2,210.77",276.35
CUST00541,Margaret Taylor,62,Female,Consultant,United Kingdom,Manchester,Savings,13/08/2013,4523,0,Low,6,0,0.00%,"2,451.68",408.61
CUST00542,Linda Williams,50,Female,Sales Manager,Canada,Ottawa,Savings,07/01/2016,3646,0,Low,8,0,0.00%,898.79,112.35
CUST00543,Mei Campbell,42,Female,Accountant,Brazil,Brasilia,Savings,08/01/2016,3645,0,Low,5,0,0.00%,355.22,71.04
CUST00544,Richard Baker,48,Male,Small Business Owner,United States,Seattle,Checking,23/05/2022,1318,0,Low,9,0,0.00%,707.81,78.65
CUST00545,Sharon Rossi,33,Female,Pharmacist,United States,Seattle,Checking,19/12/2021,1473,0,High,5,0,0.00%,365.12,73.02
CUST00546,Amara Rivera,40,Female,Marketing Specialist,Canada,Ottawa,Savings,14/10/2014,4096,0,Low,5,0,0.00%,465.86,93.17
CUST00547,Ahmed Nguyen,21,Male,Sales Manager,United States,Chicago,Savings,30/09/2015,3745,1,High,4,0,0.00%,247.45,61.86
CUST00548,Olga Patel,50,Female,University Professor,United States,New York,Checking,17/11/2021,1505,0,Low,8,0,0.00%,887.09,110.89
CUST00549,Amara Lewis,55,Female,Pharmacist,France,Paris,Savings,01/06/2013,4596,0,Low,6,1,16.70%,848.5,141.42
CUST00550,David Walker,33,Male,Physician,Netherlands,Rotterdam,Checking,14/01/2022,1447,0,Low,8,0,0.00%,"3,478.35",434.79
CUST00551,Aoife Nelson,29,Female,Chef,Canada,Toronto,Savings,11/12/2020,1846,0,Medium,6,0,0.00%,579.73,96.62
CUST00552,Melissa Allen,44,Female,Operations Manager,Germany,Berlin,Savings,04/11/2015,3710,1,High,6,0,0.00%,764.97,127.5
CUST00553,Diego Wang,31,Male,Graphic Designer,Australia,Perth,Checking,23/05/2018,2779,0,Medium,5,1,20.00%,406.91,81.38
CUST00554,Jason Gonzalez,21,Male,Customer Support Rep,Japan,Nagoya,Savings,28/01/2015,3990,0,Low,6,0,0.00%,"1,320.60",220.1
CUST00555,Isabella Lewis,34,Female,Graphic Designer,United Kingdom,Edinburgh,Checking,04/02/2023,1061,0,Low,4,0,0.00%,359.24,89.81
CUST00556,Michael Green,42,Male,Financial Analyst,Japan,Tokyo,Checking,02/02/2023,1063,0,Low,1,0,0.00%,132.94,132.94
CUST00557,Nancy Martinez,18,Female,Data Analyst,United States,Los Angeles,Checking,17/02/2020,2144,0,Medium,6,0,0.00%,"1,489.67",248.28
CUST00558,Priya Brown,31,Female,Electrician,United States,Chicago,Checking,09/02/2017,3247,0,Low,6,0,0.00%,600.92,100.15
CUST00559,Richard Nelson,43,Male,Civil Engineer,Japan,Osaka,Checking,01/05/2019,2436,0,Low,4,0,0.00%,653.56,163.39
CUST00560,Noor Botha,46,Female,Financial Analyst,United States,Phoenix,Savings,01/08/2020,1978,0,Medium,3,0,0.00%,193.95,64.65
CUST00561,Scott Okafor,53,Male,Customer Support Rep,Brazil,Salvador,Checking,13/03/2022,1389,0,Medium,3,0,0.00%,130.83,43.61
CUST00562,William Nguyen,44,Male,Customer Support Rep,United States,Boston,Savings,06/09/2021,1577,0,Low,10,0,0.00%,"1,953.62",195.36
CUST00563,Raj Nguyen,40,Male,Accountant,United Kingdom,Edinburgh,Savings,16/06/2014,4216,0,Low,5,0,0.00%,"1,281.66",256.33
CUST00564,Priya Rossi,38,Female,Plumber,United States,Phoenix,Checking,24/11/2022,1133,0,Low,7,1,14.30%,"1,626.29",232.33
CUST00565,Ronald Carter,57,Male,Physician,India,Delhi,Premium,03/12/2018,2585,1,High,4,2,50.00%,"1,276.10",319.03
CUST00566,Andrew Lewis,29,Male,Customer Support Rep,Japan,Yokohama,Checking,04/08/2017,3071,0,Low,5,0,0.00%,643.88,128.78
CUST00567,Sofia Gonzalez,28,Female,Accountant,Mexico,Monterrey,Checking,24/01/2020,2168,0,Medium,7,0,0.00%,"1,306.59",186.66
CUST00568,Pierre Robinson,26,Male,Data Analyst,United Arab Emirates,Dubai,Premium,29/06/2014,4203,0,Medium,5,0,0.00%,"1,143.88",228.78
CUST00569,Ingrid Schmidt,18,Female,Project Manager,France,Lyon,Checking,31/07/2018,2710,0,Low,4,1,25.00%,282.58,70.65
CUST00570,Kofi Jones,31,Male,HR Manager,Japan,Osaka,Savings,28/07/2022,1252,0,Low,10,0,0.00%,"2,359.76",235.98
CUST00571,Daniel Ramirez,37,Male,Operations Manager,United States,Houston,Premium,04/07/2022,1276,1,High,1,0,0.00%,60.07,60.07
CUST00572,Carlos Singh,25,Male,Civil Engineer,Canada,Vancouver,Checking,26/07/2014,4176,0,Low,9,0,0.00%,"2,056.15",228.46
CUST00573,Diego Rodriguez,58,Male,Accountant,Canada,Calgary,Checking,06/09/2017,3038,0,Low,2,0,0.00%,318.36,159.18
CUST00574,Kenneth Suzuki,59,Male,Chef,United Kingdom,London,Savings,06/02/2015,3981,0,Low,6,0,0.00%,"1,193.65",198.94
CUST00575,Yuki Wang,24,Female,Nurse,Poland,Krakow,Savings,30/03/2022,1372,0,Low,3,0,0.00%,104.76,34.92
CUST00576,Zanele Gonzalez,33,Female,Police Officer,United States,Los Angeles,Savings,11/08/2017,3064,0,Low,2,0,0.00%,155.51,77.76
CUST00577,Ingrid Hall,48,Female,Plumber,Canada,Calgary,Checking,16/12/2020,1841,0,Low,5,0,0.00%,443.22,88.64
CUST00578,Benjamin Schmidt,41,Male,Teacher,Canada,Vancouver,Checking,30/10/2020,1888,0,Low,3,0,0.00%,"1,010.99",337
CUST00579,Isabella Kim,37,Female,Teacher,United Kingdom,Edinburgh,Business,11/12/2013,4403,0,Low,4,0,0.00%,759.28,189.82
CUST00580,Linda Schmidt,61,Female,Police Officer,South Korea,Busan,Checking,10/11/2013,4434,0,Medium,5,0,0.00%,884.26,176.85
CUST00581,Sven Hill,56,Male,Small Business Owner,Nigeria,Abuja,Checking,20/06/2014,4212,0,High,4,0,0.00%,710.76,177.69
CUST00582,Susan Robinson,45,Female,Sales Manager,Canada,Montreal,Checking,31/07/2015,3806,0,Low,5,1,20.00%,"1,758.48",351.7
CUST00583,Kimberly Wang,25,Female,Architect,France,Paris,Savings,24/10/2021,1529,0,Medium,2,0,0.00%,56.01,28.01
CUST00584,Laura Rossi,42,Female,Freelance Writer,Singapore,Singapore,Checking,18/09/2014,4122,0,Low,4,1,25.00%,611.24,152.81
CUST00585,Elizabeth Flores,30,Female,Student,United States,Miami,Checking,26/05/2022,1315,0,Low,6,0,0.00%,614.51,102.42
CUST00586,Olga Brown,32,Female,Graphic Designer,South Korea,Seoul,Savings,08/02/2014,4344,0,Low,6,0,0.00%,547.72,91.29
CUST00587,Ashley Jones,27,Female,Chef,Australia,Sydney,Savings,16/08/2013,4520,0,Low,10,0,0.00%,"1,827.44",182.74
CUST00588,Ronald Muller,44,Male,HR Manager,Canada,Calgary,Business,17/10/2016,3362,0,Medium,6,0,0.00%,598.69,99.78
CUST00589,Ashley Mitchell,55,Female,Retail Manager,India,Hyderabad,Checking,01/12/2018,2587,0,Low,7,0,0.00%,"1,470.88",210.13
CUST00590,Anastasia Okafor,66,Female,Physician,United States,Seattle,Savings,01/02/2022,1429,0,Low,7,0,0.00%,"2,485.52",355.07
CUST00591,Kwame Lopez,44,Male,Small Business Owner,France,Paris,Premium,02/08/2019,2343,0,Low,8,1,12.50%,"1,229.90",153.74
CUST00592,Thandiwe Ramirez,47,Female,University Professor,Mexico,Mexico City,Checking,29/08/2016,3411,0,Medium,2,0,0.00%,48.25,24.13
CUST00593,Wei Chen,49,Male,HR Manager,Ireland,Dublin,Checking,23/03/2014,4301,0,Low,5,0,0.00%,"1,027.88",205.58
CUST00594,Mary Schmidt,36,Female,Police Officer,Nigeria,Lagos,Savings,29/08/2016,3411,0,Medium,4,1,25.00%,374.04,93.51
CUST00595,Sandra Allen,18,Female,Architect,United Kingdom,Birmingham,Checking,05/12/2015,3679,0,Medium,5,0,0.00%,377.86,75.57
CUST00596,Sharon Carter,57,Female,University Professor,Canada,Montreal,Savings,09/10/2018,2640,0,Low,4,0,0.00%,262.07,65.52
CUST00597,Carlos Suzuki,54,Male,Customer Support Rep,Nigeria,Abuja,Checking,13/05/2017,3154,0,Medium,5,0,0.00%,782.78,156.56
CUST00598,Sofia Mitchell,43,Female,Data Analyst,Brazil,Brasilia,Savings,28/07/2020,1982,0,High,7,0,0.00%,"2,744.66",392.09
CUST00599,George Scott,38,Male,Pharmacist,South Africa,Cape Town,Checking,05/04/2014,4288,0,Medium,3,1,33.30%,"1,945.13",648.38
CUST00600,Valentina Hill,39,Female,Civil Engineer,Spain,Madrid,Checking,13/02/2018,2878,0,Medium,4,1,25.00%,"1,134.35",283.59
CUST00601,Hana Kim,48,Female,Real Estate Agent,India,Bengaluru,Business,14/04/2016,3548,0,Low,6,0,0.00%,"1,217.22",202.87
CUST00602,Eric Nguyen,18,Male,Financial Analyst,Germany,Hamburg,Savings,20/05/2019,2417,0,Medium,4,0,0.00%,487.19,121.8
CUST00603,Mohammed Harris,30,Male,Consultant,United Kingdom,Manchester,Checking,22/03/2016,3571,0,Medium,8,0,0.00%,"2,092.49",261.56
CUST00604,Sofia Rivera,46,Female,HR Manager,United Kingdom,Birmingham,Checking,10/06/2014,4222,0,High,7,0,0.00%,529.75,75.68
CUST00605,Freya White,53,Female,Small Business Owner,United Kingdom,London,Checking,22/08/2018,2688,0,Medium,7,0,0.00%,890.78,127.25
CUST00606,Ivan Mensah,47,Male,Freelance Writer,Singapore,Singapore,Savings,20/04/2013,4638,0,Low,4,0,0.00%,"1,116.76",279.19
CUST00607,William Lewis,51,Male,Physician,India,Delhi,Premium,29/07/2015,3808,0,Medium,6,0,0.00%,743.01,123.84
CUST00608,Santiago Nelson,50,Male,Physician,India,Bengaluru,Checking,09/05/2017,3158,0,Low,3,0,0.00%,382.15,127.38
CUST00609,Priya Miller,38,Female,University Professor,Australia,Sydney,Checking,16/08/2018,2694,0,Low,6,0,0.00%,"1,514.72",252.45
CUST00610,Isabella Carter,31,Female,HR Manager,United States,Phoenix,Premium,15/04/2019,2452,0,Medium,10,1,10.00%,"2,031.44",203.14
CUST00611,Sarah Sanchez,18,Female,Consultant,United States,Miami,Savings,14/07/2017,3092,0,Medium,6,1,16.70%,628.26,104.71
CUST00612,Karen Green,43,Female,University Professor,Japan,Osaka,Checking,09/03/2015,3950,0,Low,8,0,0.00%,"1,294.04",161.76
CUST00613,Matthew Green,20,Male,Pharmacist,United Kingdom,London,Checking,13/11/2023,779,0,Medium,4,0,0.00%,"1,228.51",307.13
CUST00614,Klaus Perez,31,Male,Project Manager,Netherlands,Amsterdam,Checking,06/06/2018,2765,0,Medium,3,0,0.00%,198.56,66.19
CUST00615,Sarah Singh,37,Female,Pharmacist,United Kingdom,Edinburgh,Savings,25/05/2019,2412,0,High,9,0,0.00%,794.47,88.27
CUST00616,James Jones,18,Male,Data Analyst,India,Delhi,Checking,23/09/2015,3752,0,Low,5,0,0.00%,"3,263.70",652.74
CUST00617,Brian Kim,18,Male,Civil Engineer,India,Mumbai,Savings,01/05/2016,3531,1,High,3,0,0.00%,153.33,51.11
CUST00618,Sandra Hall,43,Female,Small Business Owner,United States,Chicago,Savings,08/10/2022,1180,0,Low,5,1,20.00%,"2,330.78",466.16
CUST00619,Nancy Rodriguez,51,Female,Customer Support Rep,United Arab Emirates,Dubai,Savings,29/07/2020,1981,0,Low,7,0,0.00%,"1,864.79",266.4
CUST00620,Jonathan Kim,48,Male,Consultant,United States,Miami,Premium,17/12/2013,4397,0,Low,5,0,0.00%,377.35,75.47
CUST00621,Mateo Rossi,18,Male,Physician,United States,Houston,Savings,26/01/2022,1435,0,Low,4,0,0.00%,443.28,110.82
CUST00622,Rebecca Williams,40,Female,Marketing Specialist,Brazil,Rio de Janeiro,Checking,07/10/2015,3738,0,Low,7,0,0.00%,"1,250.13",178.59
CUST00623,Michael Santos,32,Male,Graphic Designer,United Kingdom,London,Savings,23/10/2019,2261,0,Low,1,0,0.00%,41.77,41.77
CUST00624,Stephanie Allen,41,Female,Freelance Writer,Singapore,Singapore,Checking,05/04/2017,3192,0,Low,5,0,0.00%,"1,701.73",340.35
CUST00625,Valentina Williams,29,Female,Teacher,United States,Los Angeles,Checking,31/03/2019,2467,0,Low,2,0,0.00%,"1,091.49",545.75
CUST00626,Andrew Schmidt,55,Male,Student,South Africa,Johannesburg,Checking,13/08/2021,1601,0,Medium,4,0,0.00%,392.95,98.24
CUST00627,Michelle Wang,38,Female,Real Estate Agent,Spain,Madrid,Checking,28/06/2016,3473,0,High,10,1,10.00%,"2,440.22",244.02
CUST00628,Grace Moore,53,Female,Electrician,United States,Los Angeles,Savings,08/03/2018,2855,0,Low,2,0,0.00%,467.44,233.72
CUST00629,Joseph Wilson,61,Male,Retail Manager,Japan,Osaka,Checking,02/02/2017,3254,0,Low,5,0,0.00%,"1,867.88",373.58
CUST00630,Jonathan Sanchez,23,Male,Physician,Japan,Nagoya,Savings,10/08/2020,1969,0,High,7,0,0.00%,"1,999.95",285.71
CUST00631,Betty Dubois,27,Female,Consultant,United States,Houston,Premium,21/11/2023,771,1,High,6,0,0.00%,"3,216.91",536.15
CUST00632,Joseph Silva,54,Male,Sales Manager,India,Mumbai,Checking,07/03/2015,3952,0,Low,4,0,0.00%,762.15,190.54
CUST00633,Susan Allen,41,Female,Pharmacist,Australia,Melbourne,Savings,19/10/2018,2630,0,Low,10,0,0.00%,913.66,91.37
CUST00634,Gary Miller,48,Male,Nurse,Canada,Vancouver,Checking,12/02/2014,4340,1,High,7,2,28.60%,"1,578.92",225.56
CUST00635,Ivan Green,57,Male,Electrician,South Africa,Durban,Checking,15/08/2022,1234,0,Low,1,0,0.00%,72.69,72.69
CUST00636,Jennifer Johnson,36,Female,University Professor,Germany,Munich,Premium,24/06/2016,3477,0,Low,4,0,0.00%,323.02,80.76
CUST00637,Mateo Khan,53,Male,Architect,United Kingdom,Birmingham,Checking,25/01/2014,4358,0,Low,11,0,0.00%,"1,720.57",156.42
CUST00638,George White,61,Male,Nurse,Brazil,Salvador,Checking,07/06/2019,2399,0,Low,6,1,16.70%,900.5,150.08
CUST00639,Jason Dubois,61,Male,Operations Manager,United States,Miami,Premium,23/08/2016,3417,0,Low,7,0,0.00%,"2,218.51",316.93
CUST00640,Thomas Davis,31,Male,University Professor,Canada,Vancouver,Checking,04/10/2022,1184,0,Low,4,0,0.00%,423.79,105.95
CUST00641,Hana Haddad,18,Female,Real Estate Agent,Singapore,Singapore,Checking,20/11/2021,1502,0,Low,7,0,0.00%,820.45,117.21
CUST00642,Amara Brown,42,Female,University Professor,Canada,Vancouver,Checking,03/07/2018,2738,0,Low,7,0,0.00%,"1,255.02",179.29
CUST00643,Jeffrey Khan,38,Male,Teacher,Australia,Sydney,Savings,26/12/2020,1831,0,Low,4,0,0.00%,150.21,37.55
CUST00644,Chidi Kim,18,Male,Freelance Writer,United States,Houston,Savings,15/03/2013,4674,0,High,7,0,0.00%,"1,476.56",210.94
CUST00645,Jonathan Gonzalez,67,Male,Electrician,United Kingdom,Manchester,Premium,08/07/2018,2733,0,Medium,2,0,0.00%,164.78,82.39
CUST00646,Stephanie Martin,43,Female,Customer Support Rep,Germany,Berlin,Business,16/10/2023,807,0,Low,8,1,12.50%,"1,457.77",182.22
CUST00647,Kofi Schmidt,37,Male,University Professor,United Kingdom,Edinburgh,Checking,03/03/2014,4321,0,Low,7,0,0.00%,"1,562.53",223.22
CUST00648,Carol Walker,43,Female,Consultant,Mexico,Guadalajara,Savings,10/05/2023,966,0,Low,1,0,0.00%,358.71,358.71
CUST00649,Stephanie Kim,53,Female,Customer Support Rep,Nigeria,Lagos,Premium,14/01/2023,1082,0,Low,4,1,25.00%,"2,069.38",517.35
CUST00650,Cynthia Lopez,23,Female,University Professor,Spain,Barcelona,Premium,27/11/2018,2591,0,Medium,3,0,0.00%,182.05,60.68
CUST00651,Layla Williams,18,Female,Nurse,United Kingdom,Edinburgh,Checking,19/04/2019,2448,1,High,2,1,50.00%,93.66,46.83
CUST00652,Barbara Hill,28,Female,Plumber,United Kingdom,Leeds,Checking,12/08/2017,3063,0,Low,4,0,0.00%,564.72,141.18
CUST00653,Amanda Campbell,38,Female,Customer Support Rep,United States,New York,Business,06/10/2014,4104,0,Medium,4,0,0.00%,423.88,105.97
CUST00654,Justin Schmidt,62,Male,Student,Mexico,Monterrey,Business,05/11/2019,2248,0,Low,12,0,0.00%,"2,307.95",192.33
CUST00655,Pierre Lewis,24,Male,Software Engineer,United States,Seattle,Checking,09/12/2019,2214,0,Low,7,0,0.00%,"1,098.72",156.96
CUST00656,Donna Okafor,32,Female,HR Manager,Mexico,Guadalajara,Savings,18/01/2016,3635,0,Low,5,0,0.00%,937.07,187.41
CUST00657,Fatima Moore,47,Female,Customer Support Rep,Canada,Calgary,Savings,20/09/2022,1198,0,Low,6,0,0.00%,493.49,82.25
CUST00658,Joseph Patel,55,Male,Civil Engineer,Canada,Calgary,Business,03/09/2014,4137,0,Low,5,0,0.00%,329.54,65.91
CUST00659,Susan Wang,53,Female,Teacher,Japan,Tokyo,Checking,06/04/2015,3922,0,Low,9,0,0.00%,"1,208.01",134.22
CUST00660,Brandon Santos,40,Male,Sales Manager,United States,Boston,Savings,15/11/2023,777,0,Low,3,0,0.00%,224.62,74.87
CUST00661,Ryan Dubois,20,Male,Police Officer,Germany,Munich,Savings,29/02/2016,3593,0,Low,7,0,0.00%,"3,747.94",535.42
CUST00662,Sarah Wilson,43,Female,Lawyer,United Kingdom,Leeds,Premium,14/02/2017,3242,0,Low,6,0,0.00%,"1,892.12",315.35
CUST00663,Stephanie Wang,18,Female,Architect,United States,Houston,Checking,07/11/2020,1880,0,Low,5,0,0.00%,789.23,157.85
CUST00664,Joshua Ali,60,Male,Operations Manager,United States,Chicago,Checking,16/05/2022,1325,0,Medium,3,0,0.00%,"2,621.17",873.72
CUST00665,Layla Tanaka,35,Female,Small Business Owner,South Korea,Busan,Checking,09/12/2015,3675,0,High,8,0,0.00%,"1,193.55",149.19
CUST00666,Betty Sanchez,48,Female,Civil Engineer,Poland,Krakow,Savings,21/03/2016,3572,0,High,4,0,0.00%,336.96,84.24
CUST00667,Aoife Thompson,20,Female,HR Manager,Australia,Brisbane,Savings,15/12/2015,3669,0,Low,2,0,0.00%,609.53,304.77
CUST00668,Nicholas Wang,47,Male,Real Estate Agent,India,Hyderabad,Business,17/09/2020,1931,0,Low,6,1,16.70%,"1,306.50",217.75
CUST00669,James Suzuki,46,Male,Nurse,Brazil,Sao Paulo,Checking,25/08/2019,2320,0,Low,3,0,0.00%,365.43,121.81
CUST00670,Margaret Wright,41,Female,Freelance Writer,Brazil,Rio de Janeiro,Checking,15/09/2020,1933,0,Low,5,0,0.00%,852.81,170.56
CUST00671,John Nguyen,28,Male,Civil Engineer,France,Paris,Premium,24/11/2019,2229,0,Low,8,0,0.00%,"4,419.33",552.42
CUST00672,Chidi Mensah,47,Male,University Professor,United States,Houston,Checking,06/08/2015,3800,0,Low,9,0,0.00%,"2,142.50",238.06
CUST00673,Stephen Torres,24,Male,Student,United Kingdom,London,Premium,13/07/2013,4554,0,Medium,7,0,0.00%,935.5,133.64
CUST00674,Sven Green,48,Male,Data Analyst,United States,New York,Checking,10/10/2023,813,0,Low,6,1,16.70%,553.4,92.23
CUST00675,Chidi Khan,68,Male,Customer Support Rep,United States,Houston,Checking,12/09/2013,4493,0,Low,5,0,0.00%,"1,068.01",213.6
CUST00676,Deborah Botha,37,Female,Retired,Netherlands,The Hague,Business,19/09/2021,1564,0,Low,3,0,0.00%,654.79,218.26
CUST00677,Donna Ali,32,Female,Graphic Designer,Canada,Toronto,Premium,28/10/2021,1525,0,Medium,9,0,0.00%,"2,251.21",250.13
CUST00678,Jessica Carter,58,Female,Teacher,Ireland,Cork,Savings,15/10/2020,1903,0,Low,7,0,0.00%,554.94,79.28
CUST00679,Brandon Allen,32,Male,Software Engineer,France,Marseille,Checking,09/09/2018,2670,0,Low,4,1,25.00%,632.98,158.25
CUST00680,Christopher Adams,51,Male,Architect,United Kingdom,London,Checking,31/03/2015,3928,0,Medium,2,0,0.00%,809.53,404.77
CUST00681,Sofia Hill,41,Female,Retail Manager,United Kingdom,Leeds,Checking,01/10/2017,3013,0,Low,8,0,0.00%,"1,289.90",161.24
CUST00682,Carol Kim,28,Female,Marketing Specialist,United States,Chicago,Premium,30/01/2018,2892,0,Low,6,0,0.00%,381.36,63.56
CUST00683,Laura Botha,42,Female,Data Analyst,Australia,Perth,Savings,21/11/2022,1136,0,Low,4,0,0.00%,293.04,73.26
CUST00684,Sofia Nelson,48,Female,Consultant,Brazil,Brasilia,Checking,17/08/2020,1962,0,Low,6,0,0.00%,"1,741.88",290.31
CUST00685,Mei Schmidt,38,Female,Data Analyst,Mexico,Monterrey,Savings,27/10/2023,796,0,Low,2,0,0.00%,150.15,75.08
CUST00686,Steven Young,52,Male,Teacher,United States,Seattle,Savings,23/08/2019,2322,0,Low,4,0,0.00%,216.14,54.04
CUST00687,Stephanie Allen,52,Female,Data Analyst,United States,Phoenix,Checking,23/08/2023,861,0,Low,3,0,0.00%,347.96,115.99
CUST00688,Deborah Tanaka,35,Female,Operations Manager,Ireland,Cork,Savings,18/06/2018,2753,1,High,10,3,30.00%,"4,523.03",452.3
CUST00689,Margaret Adams,57,Female,HR Manager,Singapore,Singapore,Checking,15/04/2013,4643,0,Low,5,0,0.00%,"1,083.13",216.63
CUST00690,Thandiwe Park,36,Female,Data Analyst,Mexico,Mexico City,Savings,21/11/2016,3327,0,Low,7,0,0.00%,"1,009.22",144.17
CUST00691,Thandiwe Ramirez,42,Female,University Professor,United Kingdom,Edinburgh,Checking,20/07/2014,4182,0,Low,8,0,0.00%,"2,434.15",304.27
CUST00692,Grace Singh,54,Female,Pharmacist,United States,Los Angeles,Premium,18/07/2015,3819,0,Low,5,0,0.00%,241.64,48.33
CUST00693,Mohammed Nelson,49,Male,Teacher,United States,Los Angeles,Business,05/02/2023,1060,0,Low,8,0,0.00%,506.8,63.35
CUST00694,Freya Martinez,18,Female,Project Manager,United Kingdom,Manchester,Checking,14/09/2013,4491,0,Low,5,1,20.00%,289.91,57.98
CUST00695,Raj Kim,56,Male,Electrician,South Africa,Cape Town,Checking,24/09/2023,829,0,Low,4,0,0.00%,230.96,57.74
CUST00696,James Rodriguez,51,Male,Freelance Writer,United Kingdom,Leeds,Savings,30/05/2023,946,0,Medium,5,0,0.00%,903.27,180.65
CUST00697,Stephen Wilson,35,Male,Small Business Owner,Spain,Valencia,Premium,16/07/2020,1994,0,High,10,0,0.00%,"1,473.32",147.33
CUST00698,Jacob Carter,26,Male,Lawyer,Brazil,Sao Paulo,Checking,09/08/2018,2701,0,Low,8,0,0.00%,"1,779.40",222.43
CUST00699,Luca Patel,33,Male,Operations Manager,France,Marseille,Savings,25/02/2013,4692,0,Low,9,0,0.00%,798.82,88.76
CUST00700,Santiago Mitchell,43,Male,Software Engineer,Mexico,Monterrey,Savings,09/02/2014,4343,0,High,11,1,9.10%,937.45,85.22
CUST00701,James Patel,20,Male,Data Analyst,Japan,Tokyo,Premium,02/07/2020,2008,0,Low,1,0,0.00%,47.5,47.5
CUST00702,Noor Hall,51,Female,Civil Engineer,Germany,Hamburg,Savings,06/10/2013,4469,0,Low,1,0,0.00%,234.76,234.76
CUST00703,Nancy White,55,Female,Marketing Specialist,Germany,Frankfurt,Business,28/09/2021,1555,0,Low,8,0,0.00%,972.01,121.5
CUST00704,Olga Miller,53,Female,University Professor,Brazil,Salvador,Premium,09/09/2016,3400,0,Low,3,0,0.00%,985.87,328.62
CUST00705,David Allen,34,Male,Nurse,Canada,Vancouver,Checking,13/10/2015,3732,0,High,4,0,0.00%,455.2,113.8
CUST00706,Melissa Taylor,48,Female,Real Estate Agent,South Africa,Durban,Savings,16/04/2021,1720,0,Medium,3,1,33.30%,198.77,66.26
CUST00707,Margaret Green,49,Female,Retail Manager,Germany,Hamburg,Checking,28/03/2020,2104,0,Low,6,0,0.00%,"1,206.78",201.13
CUST00708,Brandon Martin,42,Male,Project Manager,Mexico,Monterrey,Savings,01/11/2019,2252,0,Low,8,1,12.50%,"1,569.30",196.16
CUST00709,Nancy Smith,40,Female,Consultant,United Kingdom,Manchester,Savings,09/02/2015,3978,0,Medium,6,0,0.00%,740.32,123.39
CUST00710,Sharon Scott,46,Female,Customer Support Rep,France,Marseille,Business,31/05/2022,1310,0,Low,8,0,0.00%,802.36,100.3
CUST00711,Nicholas Muller,64,Male,Chef,Italy,Naples,Checking,26/03/2015,3933,0,Medium,10,0,0.00%,"2,627.19",262.72
CUST00712,Lisa Hernandez,41,Female,Customer Support Rep,France,Marseille,Checking,16/04/2014,4277,0,Low,5,0,0.00%,681.28,136.26
CUST00713,Margaret King,26,Female,Retired,Italy,Rome,Savings,06/10/2015,3739,0,Medium,8,1,12.50%,"1,092.60",136.58
CUST00714,Stephen Brown,27,Male,Customer Support Rep,United Kingdom,Leeds,Savings,05/06/2017,3131,0,Low,5,0,0.00%,700.37,140.07
CUST00715,Jennifer Okafor,41,Female,Financial Analyst,United Kingdom,Leeds,Checking,23/11/2013,4421,0,Low,6,0,0.00%,367.84,61.31
CUST00716,Klaus Martin,32,Male,Physician,India,Chennai,Checking,01/06/2021,1674,0,Medium,6,0,0.00%,"1,575.62",262.6
CUST00717,Donna Moore,32,Female,Chef,Mexico,Monterrey,Checking,13/03/2018,2850,0,Low,4,1,25.00%,377.73,94.43
CUST00718,James Walker,39,Male,University Professor,Japan,Osaka,Checking,06/06/2015,3861,0,Low,6,0,0.00%,866.1,144.35
CUST00719,Matthew Haddad,48,Male,Project Manager,India,Delhi,Savings,01/09/2015,3774,0,Low,10,1,10.00%,"1,845.32",184.53
CUST00720,Jennifer Lewis,39,Female,Freelance Writer,United States,Boston,Checking,27/04/2021,1709,0,Medium,3,0,0.00%,268.63,89.54
CUST00721,Robert Clark,37,Male,HR Manager,United Kingdom,Birmingham,Checking,27/07/2019,2349,0,High,4,0,0.00%,237.82,59.46
CUST00722,Robert Garcia,34,Male,Pharmacist,United States,Seattle,Savings,06/10/2022,1182,0,Low,8,0,0.00%,831.03,103.88
CUST00723,Kimberly King,60,Female,Project Manager,Japan,Osaka,Checking,12/09/2019,2302,0,Low,3,0,0.00%,328.87,109.62
CUST00724,Wei Martinez,33,Male,HR Manager,Canada,Montreal,Checking,13/09/2019,2301,0,Low,4,0,0.00%,770.72,192.68
CUST00725,Edward Rivera,18,Male,Customer Support Rep,United Kingdom,Birmingham,Savings,17/06/2018,2754,0,High,5,0,0.00%,225.77,45.15
CUST00726,Mary Santos,39,Female,Plumber,India,Delhi,Checking,27/12/2018,2561,0,Low,3,0,0.00%,230.61,76.87
CUST00727,Wei Scott,39,Male,Civil Engineer,United States,Chicago,Savings,28/10/2021,1525,0,Low,2,0,0.00%,184.4,92.2
CUST00728,Jessica Robinson,43,Female,Electrician,India,Bengaluru,Checking,04/11/2015,3710,0,Low,9,1,11.10%,"1,156.52",128.5
CUST00729,Priya Clark,56,Female,Project Manager,India,Delhi,Checking,29/08/2016,3411,0,Low,6,0,0.00%,373.45,62.24
CUST00730,Robert Taylor,54,Male,Project Manager,India,Hyderabad,Premium,11/02/2022,1419,0,Medium,6,0,0.00%,674.28,112.38
CUST00731,Olga Jackson,38,Female,Teacher,India,Delhi,Savings,09/01/2021,1817,0,Low,8,1,12.50%,918.95,114.87
CUST00732,Rebecca Haddad,44,Female,Pharmacist,Australia,Sydney,Checking,25/01/2014,4358,0,Low,7,2,28.60%,"1,171.65",167.38
CUST00733,Donna Hernandez,36,Female,Civil Engineer,South Korea,Busan,Checking,12/02/2017,3244,0,Medium,8,0,0.00%,"1,143.92",142.99
CUST00734,Nancy Lewis,19,Female,Customer Support Rep,United States,Miami,Savings,07/03/2017,3221,0,High,11,1,9.10%,"3,198.88",290.81
CUST00735,Thandiwe White,29,Female,Architect,Brazil,Brasilia,Business,15/01/2022,1446,0,Low,5,0,0.00%,814.54,162.91
CUST00736,Gary Rodriguez,39,Male,Marketing Specialist,United Kingdom,Edinburgh,Checking,07/08/2019,2338,0,Medium,3,0,0.00%,204.55,68.18
CUST00737,Jonathan Santos,41,Male,Real Estate Agent,India,Chennai,Savings,26/08/2014,4145,0,Low,2,0,0.00%,480.49,240.25
CUST00738,Nicholas Jones,39,Male,Plumber,Japan,Tokyo,Checking,16/11/2022,1141,0,Low,7,0,0.00%,"1,688.05",241.15
CUST00739,Benjamin Botha,45,Male,Customer Support Rep,United States,New York,Checking,11/11/2013,4433,0,Low,3,0,0.00%,796.45,265.48
CUST00740,Sharon Suzuki,48,Female,Electrician,United Kingdom,Birmingham,Checking,09/02/2014,4343,1,High,5,1,20.00%,523.09,104.62
CUST00741,Sandra Dubois,40,Female,Operations Manager,Brazil,Salvador,Savings,28/12/2019,2195,0,Low,1,0,0.00%,85.55,85.55
CUST00742,Zanele Gonzalez,31,Female,Electrician,United States,Chicago,Business,24/01/2021,1802,0,Medium,8,0,0.00%,"1,518.32",189.79
CUST00743,Kofi Hernandez,47,Male,Small Business Owner,Netherlands,The Hague,Savings,01/02/2014,4351,0,Low,2,0,0.00%,362.92,181.46
CUST00744,James Smith,47,Male,Project Manager,India,Hyderabad,Savings,07/08/2022,1242,0,Medium,6,0,0.00%,913.63,152.27
CUST00745,Mark Green,31,Male,Electrician,Canada,Montreal,Business,22/09/2022,1196,0,Low,4,0,0.00%,257.09,64.27
CUST00746,Emily King,41,Female,University Professor,France,Nice,Checking,03/08/2017,3072,0,Low,4,0,0.00%,"1,451.77",362.94
CUST00747,Carlos Patel,44,Male,Freelance Writer,Mexico,Mexico City,Savings,15/04/2019,2452,0,Low,3,0,0.00%,950.09,316.7
CUST00748,Lisa Mitchell,50,Female,Data Analyst,United Kingdom,Leeds,Savings,30/06/2018,2741,0,Low,7,0,0.00%,"1,325.64",189.38
CUST00749,Timothy Patel,66,Male,Retired,Netherlands,Amsterdam,Checking,01/05/2014,4262,0,Medium,7,1,14.30%,"2,087.87",298.27
CUST00750,Paul Ali,31,Male,Operations Manager,United Kingdom,Manchester,Checking,18/10/2022,1170,0,Low,7,0,0.00%,521.68,74.53
CUST00751,George Okafor,41,Male,Architect,United States,New York,Savings,12/02/2022,1418,0,Medium,4,0,0.00%,652.03,163.01
CUST00752,Hana Lopez,18,Female,Customer Support Rep,United States,Chicago,Premium,19/08/2018,2691,0,Low,5,0,0.00%,674.93,134.99
CUST00753,David King,24,Male,Marketing Specialist,United States,Seattle,Checking,09/01/2023,1087,0,Low,6,1,16.70%,503.31,83.89
CUST00754,Rebecca Suzuki,51,Female,Small Business Owner,United States,New York,Savings,25/04/2013,4633,0,Medium,6,0,0.00%,367.8,61.3
CUST00755,Eric Khan,48,Male,Software Engineer,United States,Houston,Checking,20/05/2014,4243,0,Low,8,0,0.00%,"1,602.54",200.32
CUST00756,Donna Harris,53,Female,Teacher,United Kingdom,Leeds,Savings,12/03/2018,2851,0,Low,10,0,0.00%,"3,593.45",359.35
CUST00757,Daniel Jones,23,Male,Physician,Singapore,Singapore,Premium,29/07/2016,3442,1,High,11,2,18.20%,"1,736.90",157.9
CUST00758,Kenneth Kim,23,Male,Physician,United Kingdom,Edinburgh,Business,17/05/2019,2420,0,High,5,0,0.00%,"1,814.77",362.95
CUST00759,Layla Rodriguez,26,Female,Police Officer,Germany,Berlin,Business,03/10/2017,3011,0,Medium,6,0,0.00%,575.57,95.93
CUST00760,Anastasia Hall,23,Female,Physician,United States,Phoenix,Checking,20/05/2021,1686,0,Low,10,0,0.00%,"2,876.39",287.64
CUST00761,Edward Smith,22,Male,Financial Analyst,South Africa,Johannesburg,Savings,10/05/2019,2427,0,Medium,2,0,0.00%,"1,069.83",534.92
CUST00762,Aiko Nguyen,41,Female,Consultant,South Africa,Johannesburg,Savings,01/12/2014,4048,0,Low,4,0,0.00%,629.48,157.37
CUST00763,Larry Allen,26,Male,Student,Japan,Nagoya,Checking,01/02/2013,4716,0,Low,7,1,14.30%,481.53,68.79
CUST00764,Steven Baker,45,Male,Freelance Writer,United Kingdom,Edinburgh,Checking,11/04/2016,3551,0,Low,4,0,0.00%,259.4,64.85
CUST00765,Patricia Dubois,42,Female,Nurse,United States,Phoenix,Checking,01/03/2023,1036,0,Low,5,1,20.00%,730.4,146.08
CUST00766,Sandra Robinson,63,Female,Operations Manager,United States,Seattle,Premium,18/04/2019,2449,0,Low,2,0,0.00%,606.8,303.4
CUST00767,Mary King,30,Female,Marketing Specialist,United Kingdom,Birmingham,Savings,17/11/2022,1140,0,Low,4,0,0.00%,772.85,193.21
CUST00768,Amanda Martinez,37,Female,Data Analyst,United Kingdom,Manchester,Checking,30/07/2018,2711,0,Low,8,1,12.50%,"1,170.95",146.37
CUST00769,Scott Wright,31,Male,Graphic Designer,South Korea,Seoul,Savings,29/04/2018,2803,0,Low,5,1,20.00%,583.8,116.76
CUST00770,Steven King,31,Male,Civil Engineer,Australia,Melbourne,Checking,24/08/2021,1590,0,Low,9,0,0.00%,"1,786.20",198.47
CUST00771,Melissa Martin,55,Female,Freelance Writer,United States,Los Angeles,Savings,29/07/2022,1251,0,Low,1,0,0.00%,292.24,292.24
CUST00772,Sofia Silva,54,Female,Architect,Italy,Rome,Savings,08/05/2015,3890,0,Low,5,0,0.00%,711.38,142.28
CUST00773,Priya Mitchell,44,Female,Architect,United States,Seattle,Checking,26/05/2018,2776,0,Low,7,0,0.00%,745.79,106.54
CUST00774,Olga Scott,29,Female,Retail Manager,Japan,Osaka,Checking,08/05/2015,3890,0,Low,4,1,25.00%,"1,054.39",263.6
CUST00775,Paul Taylor,39,Male,Teacher,Germany,Hamburg,Checking,22/07/2018,2719,0,Low,8,0,0.00%,"2,985.04",373.13
CUST00776,Timothy Patel,43,Male,University Professor,Mexico,Monterrey,Checking,21/03/2015,3938,0,Low,4,0,0.00%,343.52,85.88
CUST00777,Grace Suzuki,67,Female,Chef,Japan,Yokohama,Checking,10/03/2016,3583,1,High,6,3,50.00%,880.67,146.78
CUST00778,Stephanie Gonzalez,53,Female,Consultant,United States,Seattle,Savings,18/01/2017,3269,0,Low,6,0,0.00%,882.7,147.12
CUST00779,Andrew Walker,45,Male,Financial Analyst,South Africa,Cape Town,Savings,03/03/2013,4686,0,Low,8,0,0.00%,591.55,73.94
CUST00780,Eric Kumar,46,Male,Civil Engineer,Mexico,Guadalajara,Savings,23/01/2016,3630,0,Low,2,0,0.00%,714.04,357.02
CUST00781,Edward Scott,30,Male,Chef,Canada,Vancouver,Premium,06/07/2017,3100,0,Medium,8,0,0.00%,"1,231.10",153.89
CUST00782,Sandra Gonzalez,40,Female,Retired,United States,Phoenix,Checking,26/11/2014,4053,0,Medium,3,0,0.00%,329.39,109.8
CUST00783,Jason Sanchez,52,Male,Sales Manager,South Korea,Seoul,Checking,13/08/2018,2697,0,Low,6,0,0.00%,"1,127.14",187.86
CUST00784,Eric Moore,18,Male,Plumber,United States,Seattle,Checking,11/02/2015,3976,0,Medium,5,0,0.00%,"1,031.69",206.34
CUST00785,Kofi Haddad,18,Male,Teacher,United Kingdom,Edinburgh,Checking,23/10/2022,1165,0,Low,6,1,16.70%,"1,592.52",265.42
CUST00786,Arjun Allen,49,Male,Retail Manager,United States,Los Angeles,Checking,16/11/2018,2602,0,Low,6,0,0.00%,"2,679.04",446.51
CUST00787,Ronald Mensah,52,Male,Data Analyst,Japan,Yokohama,Checking,23/01/2020,2169,1,High,4,0,0.00%,179.78,44.95
CUST00788,Chidi Sanchez,57,Male,Project Manager,United Kingdom,Leeds,Savings,19/08/2016,3421,0,Low,5,0,0.00%,653.98,130.8
CUST00789,Klaus Torres,44,Male,Physician,United States,Seattle,Premium,15/05/2016,3517,0,Low,5,0,0.00%,699.99,140
CUST00790,Cynthia Hernandez,60,Female,Lawyer,Mexico,Monterrey,Premium,15/09/2020,1933,0,Medium,4,0,0.00%,"2,089.54",522.39
CUST00791,Nancy Baker,26,Female,Electrician,Japan,Nagoya,Savings,26/05/2014,4237,0,Medium,5,0,0.00%,"1,250.10",250.02
CUST00792,George Robinson,41,Male,Consultant,United States,Seattle,Checking,06/08/2016,3434,0,Medium,3,0,0.00%,262.73,87.58
CUST00793,Wei Patel,45,Male,Financial Analyst,Brazil,Salvador,Savings,01/03/2015,3958,0,Low,8,0,0.00%,661.81,82.73
CUST00794,Brandon Suzuki,43,Male,Chef,Italy,Turin,Savings,16/01/2022,1445,0,Low,5,0,0.00%,509.31,101.86
CUST00795,Diego Walker,39,Male,Real Estate Agent,Japan,Yokohama,Checking,16/05/2013,4612,0,Low,3,1,33.30%,663.18,221.06
CUST00796,Betty Perez,25,Female,Lawyer,United Kingdom,London,Checking,06/11/2022,1151,0,Low,7,0,0.00%,924.68,132.1
CUST00797,Freya Miller,52,Female,Software Engineer,Germany,Hamburg,Checking,16/01/2018,2906,0,Low,7,0,0.00%,766.18,109.45
CUST00798,Andrew Martin,38,Male,Accountant,Japan,Nagoya,Checking,13/06/2020,2027,0,Medium,6,0,0.00%,571.05,95.18
CUST00799,Cynthia Taylor,55,Female,Sales Manager,United Kingdom,Leeds,Savings,08/07/2014,4194,0,Low,2,0,0.00%,574.79,287.4
CUST00800,Timothy Adams,48,Male,University Professor,Ireland,Cork,Savings,06/09/2018,2673,0,Low,5,0,0.00%,540.5,108.1
CUST00801,Kimberly Okafor,30,Female,Chef,Japan,Osaka,Checking,14/04/2013,4644,0,Low,5,0,0.00%,517.61,103.52
CUST00802,Benjamin Ivanov,33,Male,Pharmacist,United Kingdom,Leeds,Savings,16/01/2019,2541,0,Medium,4,0,0.00%,761.13,190.28
CUST00803,Michelle Hall,50,Female,Retail Manager,United States,Houston,Checking,23/11/2014,4056,0,Low,1,0,0.00%,38.86,38.86
CUST00804,Jeffrey King,50,Male,Sales Manager,Canada,Montreal,Checking,20/10/2023,803,1,High,3,0,0.00%,703.68,234.56
CUST00805,Sarah Hall,45,Female,Small Business Owner,United States,Boston,Savings,02/12/2017,2951,1,High,3,1,33.30%,492.13,164.04
CUST00806,Zanele Dubois,20,Female,Small Business Owner,United Kingdom,London,Premium,01/05/2015,3897,0,Medium,7,0,0.00%,"2,094.09",299.16
CUST00807,Paul Smith,49,Male,Data Analyst,Poland,Krakow,Premium,21/10/2021,1532,0,Medium,8,0,0.00%,"1,820.47",227.56
CUST00808,Rebecca Young,37,Female,Graphic Designer,United Kingdom,Edinburgh,Savings,18/08/2014,4153,0,Low,4,0,0.00%,234.16,58.54
CUST00809,Ryan Walker,56,Male,HR Manager,United Arab Emirates,Sharjah,Premium,12/11/2014,4067,0,High,2,0,0.00%,536.39,268.2
CUST00810,Wei Park,30,Male,Operations Manager,United Kingdom,Birmingham,Checking,16/04/2019,2451,0,Low,3,0,0.00%,348.86,116.29
CUST00811,Thomas Nguyen,56,Male,Nurse,France,Nice,Checking,28/12/2016,3290,0,Low,7,0,0.00%,"1,505.04",215.01
CUST00812,Fatima Harris,33,Female,Consultant,United Kingdom,London,Checking,19/03/2022,1383,0,Medium,6,0,0.00%,"3,495.84",582.64
CUST00813,Lisa Wilson,58,Female,Small Business Owner,United States,Phoenix,Premium,08/07/2022,1272,0,Low,8,0,0.00%,"1,130.54",141.32
CUST00814,Sandra Lopez,49,Female,Sales Manager,France,Paris,Savings,21/05/2018,2781,0,Medium,5,1,20.00%,"3,053.26",610.65
CUST00815,Sven Silva,62,Male,Physician,Poland,Krakow,Premium,08/02/2016,3614,0,Low,3,0,0.00%,665.32,221.77
CUST00816,Kwame Jackson,63,Male,Teacher,Japan,Yokohama,Checking,22/03/2015,3937,0,Low,6,0,0.00%,754.3,125.72
CUST00817,Lisa Harris,50,Female,Plumber,Netherlands,Rotterdam,Checking,03/10/2014,4107,0,Low,4,0,0.00%,288.18,72.05
CUST00818,Klaus Young,43,Male,Lawyer,United Kingdom,Edinburgh,Business,23/02/2021,1772,0,High,6,0,0.00%,719.78,119.96
CUST00819,Gary Gonzalez,55,Male,HR Manager,Japan,Osaka,Savings,14/08/2018,2696,0,Low,3,0,0.00%,258.35,86.12
CUST00820,Carol Lee,48,Female,Pharmacist,Australia,Sydney,Savings,27/07/2015,3810,0,Low,7,0,0.00%,818.46,116.92
CUST00821,Emily Dubois,48,Female,Pharmacist,United States,Phoenix,Savings,10/09/2021,1573,0,Low,8,0,0.00%,"2,332.57",291.57
CUST00822,Hiroshi Ramirez,38,Male,Nurse,Japan,Osaka,Savings,27/10/2016,3352,0,Low,6,0,0.00%,612.14,102.02
CUST00823,Sven Scott,46,Male,Project Manager,India,Mumbai,Checking,25/06/2019,2381,0,Low,7,0,0.00%,749.56,107.08
CUST00824,Robert Schmidt,27,Male,Student,Australia,Melbourne,Savings,03/10/2019,2281,0,Medium,1,0,0.00%,66.4,66.4
CUST00825,Eric Lopez,47,Male,Real Estate Agent,Japan,Yokohama,Premium,25/06/2013,4572,0,Medium,6,0,0.00%,"1,115.73",185.96
CUST00826,Linda Davis,58,Female,Physician,South Korea,Seoul,Savings,21/01/2016,3632,0,Low,2,0,0.00%,153.86,76.93
CUST00827,Eric Robinson,26,Male,Consultant,France,Marseille,Checking,20/11/2014,4059,0,Medium,5,0,0.00%,670.97,134.19
CUST00828,Patricia Carter,36,Female,Physician,France,Lyon,Savings,09/02/2021,1786,0,Low,6,0,0.00%,472.52,78.75
CUST00829,Jacob Mensah,30,Male,Small Business Owner,India,Hyderabad,Premium,07/02/2016,3615,0,Medium,3,0,0.00%,206.02,68.67
CUST00830,Ingrid Hall,39,Female,Consultant,India,Chennai,Checking,31/10/2020,1887,0,Medium,4,0,0.00%,393.2,98.3
CUST00831,Freya Lee,38,Female,Accountant,Brazil,Rio de Janeiro,Checking,18/11/2018,2600,0,Medium,10,0,0.00%,"2,807.25",280.73
CUST00832,Ronald Ivanov,43,Male,Software Engineer,Poland,Krakow,Checking,10/09/2015,3765,0,Medium,9,1,11.10%,"2,633.60",292.62
CUST00833,Kofi Campbell,44,Male,Freelance Writer,Germany,Munich,Premium,28/04/2020,2073,0,Low,4,0,0.00%,358.36,89.59
CUST00834,Ingrid Roberts,41,Female,Civil Engineer,Canada,Ottawa,Checking,04/04/2016,3558,0,High,12,0,0.00%,"2,192.18",182.68
CUST00835,Amara Torres,45,Female,Consultant,Ireland,Cork,Checking,24/09/2016,3385,0,Low,8,1,12.50%,"1,630.70",203.84
CUST00836,Hiroshi Rodriguez,45,Male,Teacher,United States,Chicago,Checking,01/12/2021,1491,0,Low,4,0,0.00%,"1,245.73",311.43
CUST00837,Eric Harris,18,Male,Nurse,United States,New York,Checking,08/07/2017,3098,0,Low,8,0,0.00%,"2,452.40",306.55
CUST00838,Eric Kim,37,Male,Architect,Nigeria,Abuja,Premium,15/05/2023,961,0,High,8,0,0.00%,"1,536.03",192
CUST00839,Elizabeth Johnson,18,Female,Police Officer,Mexico,Mexico City,Checking,26/07/2016,3445,0,Low,10,1,10.00%,"3,110.23",311.02
CUST00840,Barbara Muller,34,Female,Operations Manager,United Kingdom,London,Checking,15/11/2019,2238,0,Low,4,0,0.00%,"1,279.81",319.95
CUST00841,Laura Mitchell,58,Female,Operations Manager,United States,New York,Checking,07/09/2014,4133,0,Medium,6,0,0.00%,768.12,128.02
CUST00842,Noor Martinez,26,Female,Customer Support Rep,United States,Phoenix,Checking,17/01/2023,1079,0,Medium,6,0,0.00%,482.14,80.36
CUST00843,Susan Gonzalez,18,Female,Retired,France,Lyon,Premium,16/12/2017,2937,0,Low,2,0,0.00%,153.06,76.53
CUST00844,Hiroshi Young,39,Male,Project Manager,France,Lyon,Savings,28/08/2017,3047,0,Low,3,0,0.00%,"1,583.52",527.84
CUST00845,Richard Rivera,22,Male,Real Estate Agent,Germany,Hamburg,Checking,16/01/2016,3637,0,Low,4,0,0.00%,413.33,103.33
CUST00846,Nancy White,51,Female,Data Analyst,United Kingdom,Edinburgh,Premium,05/04/2018,2827,0,Low,3,0,0.00%,235.25,78.42
CUST00847,Benjamin Khan,25,Male,Police Officer,Brazil,Brasilia,Savings,19/10/2013,4456,0,Low,4,0,0.00%,247.43,61.86
CUST00848,Carol Mitchell,18,Female,Electrician,Mexico,Monterrey,Premium,03/02/2019,2523,0,Low,11,0,0.00%,834.59,75.87
CUST00849,Steven Haddad,56,Male,Data Analyst,Poland,Warsaw,Premium,18/09/2019,2296,0,Low,8,2,25.00%,"1,986.69",248.34
CUST00850,Emily Campbell,42,Female,Chef,United States,Boston,Savings,26/02/2013,4691,0,Medium,5,0,0.00%,"1,114.13",222.83
CUST00851,Donna Williams,18,Female,HR Manager,Singapore,Singapore,Checking,08/12/2013,4406,0,Medium,8,0,0.00%,"1,471.01",183.88
CUST00852,Paul Ramirez,21,Male,University Professor,Australia,Brisbane,Checking,05/09/2023,848,0,Low,2,1,50.00%,478.82,239.41
CUST00853,Kimberly Okafor,34,Female,HR Manager,United States,Chicago,Business,11/11/2022,1146,1,High,10,3,30.00%,"1,123.50",112.35
CUST00854,Thomas King,45,Male,Physician,United States,Houston,Savings,22/04/2021,1714,0,Low,4,0,0.00%,456.84,114.21
CUST00855,Scott Kim,69,Male,Project Manager,United Kingdom,Manchester,Savings,08/09/2015,3767,0,Low,7,0,0.00%,"1,902.72",271.82
CUST00856,Nicholas Thompson,38,Male,Retail Manager,India,Hyderabad,Checking,24/09/2014,4116,0,Low,2,0,0.00%,539.81,269.91
CUST00857,Michelle Jones,33,Female,Retired,United Kingdom,Leeds,Checking,23/08/2019,2322,0,Medium,3,0,0.00%,253.38,84.46
CUST00858,Klaus Nelson,30,Male,Physician,United Kingdom,Edinburgh,Business,01/04/2019,2466,0,High,6,0,0.00%,983.5,163.92
CUST00859,Klaus Robinson,26,Male,Retired,Canada,Ottawa,Premium,04/07/2013,4563,1,High,8,2,25.00%,"3,719.55",464.94
CUST00860,Stephanie Miller,43,Female,Small Business Owner,Canada,Ottawa,Checking,17/06/2023,928,0,Low,6,0,0.00%,341.12,56.85
CUST00861,Carol Santos,46,Female,Student,United States,Houston,Savings,15/03/2022,1387,0,Low,4,0,0.00%,255.44,63.86
CUST00862,Rebecca Ali,47,Female,Freelance Writer,United Kingdom,Leeds,Premium,20/06/2017,3116,0,Low,2,0,0.00%,61.93,30.97
CUST00863,Joshua Patel,44,Male,Sales Manager,India,Delhi,Premium,25/02/2020,2136,0,Low,9,0,0.00%,"1,761.53",195.73
CUST00864,Linda Okafor,45,Female,Lawyer,Australia,Brisbane,Checking,19/12/2022,1108,0,Low,4,0,0.00%,367.51,91.88
CUST00865,Ahmed Taylor,51,Male,Freelance Writer,United States,Chicago,Checking,12/07/2018,2729,0,Low,4,1,25.00%,533.37,133.34
CUST00866,Wei Sanchez,40,Male,Data Analyst,United Kingdom,Leeds,Business,02/09/2015,3773,0,Low,1,0,0.00%,139.22,139.22
CUST00867,Kenneth Singh,61,Male,Consultant,United States,Los Angeles,Savings,29/08/2022,1220,0,Low,3,0,0.00%,570.22,190.07
CUST00868,Timothy Harris,38,Male,Consultant,India,Bengaluru,Business,05/04/2017,3192,0,Medium,3,0,0.00%,564.37,188.12
CUST00869,Nancy Hall,56,Female,Architect,United States,Boston,Checking,06/12/2016,3312,0,Low,4,1,25.00%,"3,341.22",835.31
CUST00870,Arjun Robinson,36,Male,Civil Engineer,Canada,Montreal,Savings,04/03/2022,1398,0,Low,3,0,0.00%,"1,823.07",607.69
CUST00871,Jessica Miller,41,Female,Marketing Specialist,Germany,Munich,Checking,06/03/2014,4318,0,Low,6,0,0.00%,"1,469.19",244.87
CUST00872,George Anderson,52,Male,Small Business Owner,France,Nice,Checking,21/08/2018,2689,1,High,3,1,33.30%,126.88,42.29
CUST00873,Larry Ramirez,37,Male,Civil Engineer,United States,Phoenix,Checking,07/10/2017,3007,0,Low,6,1,16.70%,688.91,114.82
CUST00874,Karen Williams,44,Female,Lawyer,United States,New York,Savings,20/01/2021,1806,0,Low,6,0,0.00%,385.08,64.18
CUST00875,Sven Wright,21,Male,Teacher,United States,Boston,Checking,30/07/2016,3441,0,Medium,4,0,0.00%,540.54,135.14
CUST00876,Hiroshi Wright,50,Male,Real Estate Agent,Canada,Montreal,Premium,24/03/2014,4300,0,Low,5,0,0.00%,510.25,102.05
CUST00877,Santiago Roberts,31,Male,Marketing Specialist,Japan,Nagoya,Savings,21/03/2018,2842,0,Medium,5,0,0.00%,520.35,104.07
CUST00878,Brian Rossi,50,Male,University Professor,Canada,Ottawa,Checking,16/12/2017,2937,0,Low,6,0,0.00%,591.24,98.54
CUST00879,Gary Mensah,42,Male,Police Officer,Mexico,Monterrey,Checking,05/09/2023,848,1,High,5,2,40.00%,708.24,141.65
CUST00880,Michelle Nelson,57,Female,Retail Manager,Canada,Calgary,Checking,28/07/2015,3809,0,High,6,0,0.00%,436.54,72.76
CUST00881,Timothy Rivera,47,Male,Pharmacist,United Kingdom,Birmingham,Savings,09/04/2021,1727,0,Low,4,0,0.00%,594.88,148.72
CUST00882,Kimberly Davis,43,Female,Pharmacist,United Kingdom,Birmingham,Premium,24/01/2014,4359,0,Medium,8,0,0.00%,656.92,82.12
CUST00883,Patricia Mensah,45,Female,Financial Analyst,United Kingdom,Manchester,Checking,21/03/2022,1381,0,High,11,0,0.00%,"1,933.21",175.75
CUST00884,Thomas Lopez,47,Male,Retired,United States,Miami,Savings,30/01/2018,2892,0,Low,6,1,16.70%,"3,001.28",500.21
CUST00885,Camila Robinson,26,Female,Electrician,United States,Houston,Checking,30/06/2017,3106,0,Low,3,0,0.00%,"2,366.03",788.68
CUST00886,Chioma Nelson,24,Female,Chef,Canada,Ottawa,Premium,11/06/2022,1299,0,Medium,4,0,0.00%,362.37,90.59
CUST00887,Larry Sanchez,34,Male,University Professor,Netherlands,Amsterdam,Checking,15/06/2020,2025,0,Low,9,0,0.00%,"1,067.06",118.56
CUST00888,Sarah Singh,25,Female,Police Officer,United States,Chicago,Savings,24/07/2016,3447,0,Low,5,0,0.00%,529.91,105.98
CUST00889,Carol Rodriguez,40,Female,Data Analyst,Germany,Berlin,Checking,08/11/2021,1514,0,Low,5,0,0.00%,838.05,167.61
CUST00890,Noor Brown,47,Female,Freelance Writer,India,Bengaluru,Premium,18/01/2014,4365,0,Medium,6,0,0.00%,"1,084.06",180.68
CUST00891,Michelle Khan,52,Female,Retired,United Arab Emirates,Sharjah,Premium,15/06/2013,4582,0,Low,4,0,0.00%,825.87,206.47
CUST00892,Anthony Wilson,43,Male,Sales Manager,United States,Chicago,Checking,17/08/2023,867,0,Low,5,0,0.00%,753.77,150.75
CUST00893,Kimberly Haddad,18,Female,Architect,Italy,Milan,Premium,26/03/2017,3202,0,Medium,14,0,0.00%,"1,491.42",106.53
CUST00894,Melissa Hernandez,20,Female,Student,United Kingdom,Edinburgh,Savings,01/06/2022,1309,0,Low,4,0,0.00%,540.21,135.05
CUST00895,Aoife Mitchell,34,Female,Graphic Designer,Canada,Calgary,Checking,30/05/2018,2772,0,Medium,6,0,0.00%,439.32,73.22
CUST00896,Paul Jones,34,Male,Electrician,United States,New York,Savings,17/07/2013,4550,0,Low,3,0,0.00%,304.14,101.38
CUST00897,Luca Sanchez,40,Male,Freelance Writer,United Kingdom,Manchester,Savings,07/03/2023,1030,0,Low,6,0,0.00%,628.87,104.81
CUST00898,Cynthia Rossi,18,Female,Student,United States,Seattle,Checking,14/03/2014,4310,0,Low,4,0,0.00%,434.16,108.54
CUST00899,Edward Garcia,37,Male,Architect,Brazil,Salvador,Savings,05/11/2015,3709,0,Medium,4,0,0.00%,422.52,105.63
CUST00900,Layla Park,50,Female,HR Manager,United Arab Emirates,Sharjah,Savings,05/02/2014,4347,0,Low,6,0,0.00%,254.83,42.47
CUST00901,Richard Ali,38,Male,Chef,Canada,Toronto,Checking,28/01/2014,4355,0,Medium,6,0,0.00%,654.91,109.15
CUST00902,Rebecca Garcia,52,Female,Data Analyst,Mexico,Guadalajara,Checking,17/02/2018,2874,0,Low,7,1,14.30%,"3,972.27",567.47
CUST00903,Margaret Nguyen,27,Female,Chef,Nigeria,Abuja,Checking,01/01/2014,4382,0,Low,9,1,11.10%,573.75,63.75
CUST00904,Amy Perez,39,Female,Electrician,India,Bengaluru,Savings,16/01/2017,3271,0,Low,5,0,0.00%,868.21,173.64
CUST00905,Karen Muller,46,Female,Customer Support Rep,United States,Boston,Checking,27/11/2022,1130,0,Low,6,0,0.00%,863.4,143.9
CUST00906,Klaus Botha,68,Male,Sales Manager,United Kingdom,Edinburgh,Business,14/04/2019,2453,0,Medium,6,0,0.00%,"1,536.09",256.02
CUST00907,Gary Sanchez,40,Male,Plumber,Canada,Calgary,Checking,28/11/2022,1129,0,Low,5,0,0.00%,"1,449.72",289.94
CUST00908,Aoife Lee,46,Female,Student,Japan,Tokyo,Savings,24/11/2022,1133,0,Low,8,1,12.50%,733.59,91.7
CUST00909,Ronald Hernandez,22,Male,HR Manager,France,Nice,Checking,08/10/2015,3737,0,Medium,5,0,0.00%,797.86,159.57
CUST00910,Nancy Carter,49,Female,Data Analyst,United Arab Emirates,Abu Dhabi,Savings,06/06/2023,939,0,Low,3,0,0.00%,247.87,82.62
CUST00911,Olga Martin,55,Female,Graphic Designer,Canada,Vancouver,Checking,30/11/2021,1492,0,Low,6,0,0.00%,566.15,94.36
CUST00912,Kevin Flores,34,Male,Retired,Germany,Hamburg,Savings,06/09/2020,1942,0,Medium,10,0,0.00%,"1,772.50",177.25
CUST00913,Thomas Sanchez,33,Male,Software Engineer,United Arab Emirates,Sharjah,Premium,03/05/2015,3895,0,Low,7,0,0.00%,"1,641.27",234.47
CUST00914,Kofi Silva,24,Male,Data Analyst,Australia,Sydney,Checking,06/02/2017,3250,0,Medium,5,0,0.00%,815.78,163.16
CUST00915,Brandon Schmidt,45,Male,Chef,United States,Miami,Savings,19/12/2018,2569,0,Low,7,0,0.00%,"1,474.52",210.65
CUST00916,Ashley Okafor,66,Female,Financial Analyst,United States,Houston,Savings,16/05/2023,960,0,High,5,0,0.00%,811.2,162.24
CUST00917,Timothy Jones,63,Male,Sales Manager,United States,New York,Checking,09/06/2016,3492,0,Low,6,0,0.00%,"1,170.86",195.14
CUST00918,Amanda Lopez,47,Female,Teacher,India,Mumbai,Business,31/03/2019,2467,0,Low,5,0,0.00%,414.14,82.83
CUST00919,Joshua Mensah,38,Male,Graphic Designer,France,Nice,Checking,08/07/2015,3829,0,Medium,5,0,0.00%,303.02,60.6
CUST00920,Barbara Hill,32,Female,Consultant,United Arab Emirates,Abu Dhabi,Savings,08/11/2013,4436,0,Low,4,0,0.00%,267.68,66.92
CUST00921,Ryan Okafor,34,Male,Accountant,Canada,Montreal,Checking,22/08/2018,2688,0,Low,8,0,0.00%,"1,227.43",153.43
CUST00922,Kimberly Nelson,37,Female,HR Manager,India,Chennai,Checking,14/01/2018,2908,0,Low,7,0,0.00%,"1,124.05",160.58
CUST00923,John Wilson,36,Male,Project Manager,Singapore,Singapore,Checking,30/06/2018,2741,0,Low,7,0,0.00%,875.68,125.1
CUST00924,Yuki Torres,36,Female,Electrician,United States,Seattle,Premium,03/01/2021,1823,0,Low,10,0,0.00%,"1,839.66",183.97
CUST00925,Melissa Taylor,41,Female,Architect,Brazil,Salvador,Business,03/02/2018,2888,0,Low,9,1,11.10%,955.66,106.18
CUST00926,Ivan White,20,Male,Plumber,Italy,Milan,Business,22/12/2015,3662,0,Medium,11,1,9.10%,"2,003.17",182.11
CUST00927,Joseph Brown,58,Male,Chef,Australia,Sydney,Premium,26/08/2015,3780,0,Low,9,0,0.00%,"5,198.15",577.57
CUST00928,Laura Chen,59,Female,Teacher,Japan,Yokohama,Checking,31/12/2019,2192,0,Medium,9,1,11.10%,"2,276.65",252.96
CUST00929,Mary Sanchez,37,Female,Student,Singapore,Singapore,Savings,24/01/2021,1802,0,Medium,3,0,0.00%,370.67,123.56
CUST00930,Stephen Okafor,44,Male,Consultant,Australia,Sydney,Checking,23/08/2022,1226,0,Medium,4,0,0.00%,585.83,146.46
CUST00931,Diego Haddad,49,Male,Architect,Germany,Berlin,Savings,03/08/2014,4168,0,Low,8,0,0.00%,"3,566.20",445.78
CUST00932,George Dubois,34,Male,Police Officer,France,Nice,Checking,24/12/2014,4025,1,High,5,1,20.00%,"2,556.54",511.31
CUST00933,Christopher Ivanov,39,Male,Plumber,Brazil,Brasilia,Checking,25/09/2018,2654,0,Low,9,0,0.00%,"1,123.93",124.88
CUST00934,Luca Davis,46,Male,Customer Support Rep,United Arab Emirates,Sharjah,Business,24/07/2020,1986,0,Low,3,0,0.00%,410.91,136.97
CUST00935,Freya Park,31,Female,Software Engineer,Poland,Warsaw,Checking,11/06/2017,3125,0,Low,6,0,0.00%,693.85,115.64
CUST00936,Yuki Rivera,52,Female,Accountant,India,Delhi,Savings,10/10/2020,1908,0,Low,1,0,0.00%,74.26,74.26
CUST00937,Jason Park,24,Male,Customer Support Rep,United Kingdom,Manchester,Savings,08/07/2017,3098,0,Low,9,0,0.00%,963.71,107.08
CUST00938,Joseph Flores,48,Male,Student,United States,Seattle,Checking,17/12/2015,3667,1,High,5,0,0.00%,383.48,76.7
CUST00939,Eric Walker,60,Male,Physician,Spain,Barcelona,Checking,14/08/2014,4157,0,Low,1,0,0.00%,255.55,255.55
CUST00940,Kevin Thompson,34,Male,Nurse,United States,Seattle,Checking,12/02/2015,3975,1,High,3,0,0.00%,647.31,215.77
CUST00941,William Khan,54,Male,HR Manager,United States,New York,Checking,17/12/2014,4032,0,Low,4,0,0.00%,"1,214.87",303.72
CUST00942,Margaret Baker,62,Female,Police Officer,Singapore,Singapore,Business,15/09/2015,3760,0,Low,4,0,0.00%,"1,143.23",285.81
CUST00943,Brian Jackson,47,Male,Freelance Writer,Netherlands,Amsterdam,Checking,13/09/2014,4127,0,Low,7,0,0.00%,"2,491.13",355.88
CUST00944,Sarah Clark,36,Female,Retired,United States,New York,Savings,08/10/2018,2641,0,Low,10,0,0.00%,"2,482.51",248.25
CUST00945,Jessica Smith,41,Female,Small Business Owner,United States,New York,Premium,19/03/2016,3574,0,Low,5,0,0.00%,"2,090.60",418.12
CUST00946,Amanda Muller,35,Female,Plumber,United States,New York,Savings,06/10/2022,1182,0,Low,8,1,12.50%,"1,510.64",188.83
CUST00947,Michelle Williams,41,Female,Project Manager,United Kingdom,Birmingham,Savings,03/10/2016,3376,0,Low,11,0,0.00%,"1,741.65",158.33
CUST00948,Anthony Torres,46,Male,Financial Analyst,Spain,Valencia,Checking,04/05/2020,2067,0,Low,4,0,0.00%,656.09,164.02
CUST00949,Kimberly Martin,39,Female,Graphic Designer,Singapore,Singapore,Premium,21/08/2022,1228,1,High,2,0,0.00%,540.84,270.42
CUST00950,Aiko Wilson,33,Female,Civil Engineer,United Kingdom,Leeds,Checking,29/12/2019,2194,0,Medium,3,0,0.00%,250.82,83.61
CUST00951,Mohammed Torres,18,Male,Project Manager,Italy,Milan,Checking,31/12/2021,1461,0,Low,12,0,0.00%,"2,495.85",207.99
CUST00952,Amanda Botha,33,Female,Chef,Brazil,Sao Paulo,Checking,18/06/2022,1292,1,High,6,1,16.70%,392.89,65.48
CUST00953,Linda Wilson,18,Female,Lawyer,Canada,Toronto,Checking,15/12/2022,1112,0,Low,11,1,9.10%,"2,458.83",223.53
CUST00954,Benjamin Ali,36,Male,Architect,United States,Seattle,Savings,01/06/2020,2039,0,Medium,4,0,0.00%,778.63,194.66
CUST00955,Pierre Park,33,Male,Accountant,United States,Boston,Checking,21/07/2017,3085,0,Low,5,0,0.00%,648.05,129.61
CUST00956,Grace Muller,46,Female,Nurse,Australia,Perth,Savings,09/06/2020,2031,0,Low,4,0,0.00%,794.87,198.72
CUST00957,Amy Schmidt,39,Female,Marketing Specialist,Japan,Osaka,Checking,23/04/2022,1348,0,Low,2,1,50.00%,617.45,308.73
CUST00958,Deborah Patel,35,Female,Graphic Designer,United Kingdom,Birmingham,Premium,28/01/2015,3990,0,Medium,5,1,20.00%,"1,051.09",210.22
CUST00959,Eric Brown,27,Male,Accountant,Australia,Perth,Checking,27/08/2022,1222,0,Low,3,0,0.00%,"1,091.99",364
CUST00960,Daniel Torres,31,Male,Freelance Writer,Singapore,Singapore,Savings,21/02/2017,3235,0,Medium,8,0,0.00%,"4,871.27",608.91
CUST00961,Rebecca Wilson,26,Female,Consultant,Brazil,Sao Paulo,Checking,13/01/2015,4005,0,Low,7,0,0.00%,"1,512.78",216.11
CUST00962,Brandon Chen,36,Male,Marketing Specialist,United Kingdom,Leeds,Checking,09/03/2021,1758,0,High,5,0,0.00%,419.23,83.85
CUST00963,Stephanie Rodriguez,52,Female,Consultant,Italy,Milan,Checking,17/10/2014,4093,0,Low,3,0,0.00%,"1,018.20",339.4
CUST00964,Ryan Haddad,64,Male,Operations Manager,India,Bengaluru,Checking,24/10/2017,2990,0,Low,8,1,12.50%,"2,669.13",333.64
CUST00965,Hiroshi Martinez,50,Male,Retired,South Africa,Durban,Checking,25/06/2017,3111,0,Medium,6,0,0.00%,"1,846.46",307.74
CUST00966,Benjamin Muller,18,Male,Consultant,Japan,Tokyo,Premium,13/09/2014,4127,0,Low,4,0,0.00%,207.28,51.82
CUST00967,Edward Rodriguez,28,Male,Architect,Brazil,Sao Paulo,Checking,26/03/2016,3567,0,Medium,9,0,0.00%,"1,536.34",170.7
CUST00968,Stephanie Adams,32,Female,Retail Manager,United States,New York,Checking,27/11/2022,1130,0,High,6,0,0.00%,929.4,154.9
CUST00969,Brandon Smith,52,Male,Freelance Writer,United Kingdom,Manchester,Savings,05/07/2016,3466,0,Low,5,0,0.00%,863.23,172.65
CUST00970,Stephanie Ali,46,Female,Civil Engineer,India,Delhi,Savings,11/04/2016,3551,0,Low,9,0,0.00%,"1,748.92",194.32
CUST00971,Sven Hill,19,Male,Police Officer,Mexico,Guadalajara,Checking,14/11/2015,3700,0,Low,4,0,0.00%,660.19,165.05
CUST00972,William Johnson,34,Male,Architect,United Kingdom,Leeds,Savings,22/05/2019,2415,0,Medium,5,0,0.00%,"2,120.08",424.02
CUST00973,Linda Mitchell,44,Female,Plumber,South Africa,Durban,Checking,24/01/2013,4724,0,Medium,6,0,0.00%,769.42,128.24
CUST00974,Melissa Anderson,28,Female,University Professor,Canada,Montreal,Savings,19/03/2014,4305,1,High,7,2,28.60%,524.44,74.92
CUST00975,Brandon Patel,38,Male,Pharmacist,Germany,Frankfurt,Checking,09/12/2015,3675,0,Low,3,0,0.00%,99.83,33.28
CUST00976,Larry Ramirez,47,Male,Real Estate Agent,United Kingdom,Manchester,Checking,05/08/2018,2705,0,Low,5,0,0.00%,301.49,60.3
CUST00977,Deborah Wang,59,Female,Sales Manager,United States,Phoenix,Checking,18/02/2014,4334,0,Low,4,0,0.00%,934.23,233.56
CUST00978,David Williams,18,Male,Sales Manager,South Korea,Busan,Checking,17/07/2016,3454,0,Medium,5,0,0.00%,723.71,144.74
CUST00979,Barbara Moore,62,Female,Pharmacist,Germany,Hamburg,Checking,10/04/2014,4283,0,Low,4,0,0.00%,289.89,72.47
CUST00980,Chioma Kumar,66,Female,Architect,India,Delhi,Checking,28/10/2018,2621,0,Medium,1,0,0.00%,204.58,204.58
CUST00981,Cynthia Roberts,27,Female,Physician,Japan,Osaka,Checking,01/11/2021,1521,0,Low,1,0,0.00%,31.06,31.06
CUST00982,Eric Walker,37,Male,Student,Japan,Yokohama,Business,25/04/2019,2442,0,Medium,3,0,0.00%,813.54,271.18
CUST00983,Jennifer Jones,56,Female,Project Manager,Ireland,Cork,Checking,06/01/2016,3647,0,Low,5,1,20.00%,524.48,104.9
CUST00984,Grace Hernandez,56,Female,Sales Manager,United Kingdom,Leeds,Checking,14/04/2014,4279,0,Low,1,0,0.00%,61.01,61.01
CUST00985,Amy Suzuki,56,Female,Accountant,United States,Los Angeles,Savings,03/03/2021,1764,0,Low,9,0,0.00%,"3,213.32",357.04
CUST00986,Sofia Martinez,63,Female,Real Estate Agent,India,Hyderabad,Savings,20/12/2014,4029,0,Low,5,0,0.00%,"1,383.42",276.68
CUST00987,Amanda Park,31,Female,Freelance Writer,Australia,Sydney,Savings,30/08/2018,2680,0,Medium,4,0,0.00%,501.73,125.43
CUST00988,Olga Nelson,44,Female,Electrician,United States,Seattle,Checking,23/02/2013,4694,0,Low,1,0,0.00%,60.81,60.81
CUST00989,Daniel Jones,24,Male,Student,United States,Phoenix,Savings,08/10/2015,3737,0,Medium,6,0,0.00%,"2,191.21",365.2
CUST00990,Raj Schmidt,31,Male,Project Manager,South Korea,Seoul,Savings,30/06/2017,3106,0,Low,5,0,0.00%,791.18,158.24
CUST00991,Hana Brown,42,Female,Small Business Owner,Canada,Calgary,Savings,30/12/2022,1097,0,Low,3,0,0.00%,334.01,111.34
CUST00992,Sven Scott,30,Male,Financial Analyst,United Kingdom,Manchester,Checking,05/01/2017,3282,0,Low,5,0,0.00%,"1,680.02",336
CUST00993,Mary Anderson,40,Female,Architect,France,Lyon,Premium,18/09/2013,4487,0,High,4,0,0.00%,709.53,177.38
CUST00994,Jacob Mitchell,44,Male,Operations Manager,France,Lyon,Premium,27/12/2020,1830,0,Low,8,0,0.00%,"1,286.21",160.78
CUST00995,Matthew Kim,30,Male,University Professor,Japan,Tokyo,Savings,28/01/2020,2164,0,Low,2,0,0.00%,339.07,169.54
CUST00996,Chioma Martin,19,Female,Customer Support Rep,United States,Boston,Savings,24/06/2015,3843,0,Low,5,0,0.00%,824.17,164.83
CUST00997,Ashley Khan,63,Female,Retired,Japan,Osaka,Premium,22/07/2021,1623,0,Medium,6,0,0.00%,"1,438.15",239.69
CUST00998,Linda King,50,Female,Freelance Writer,Germany,Berlin,Savings,01/05/2023,975,0,Low,4,0,0.00%,493.14,123.29
CUST00999,Kevin Schmidt,35,Male,Retired,India,Hyderabad,Premium,19/04/2021,1717,0,Low,5,0,0.00%,597.55,119.51
CUST01000,Priya King,18,Female,Sales Manager,United States,Miami,Business,15/10/2023,808,0,Low,4,0,0.00%,722.9,180.73
CUST01001,Stephanie Green,74,Female,HR Manager,France,Paris,Checking,30/10/2022,1158,0,Low,8,0,0.00%,"2,549.82",318.73
CUST01002,Sharon Wright,32,Female,Consultant,United States,Phoenix,Savings,04/12/2020,1853,0,Low,6,0,0.00%,767.24,127.87
CUST01003,Brandon Patel,49,Male,Chef,United Arab Emirates,Sharjah,Checking,09/07/2015,3828,0,Low,8,0,0.00%,"2,479.10",309.89
CUST01004,Thandiwe Harris,24,Female,HR Manager,Japan,Yokohama,Checking,27/04/2016,3535,0,Low,6,0,0.00%,"1,585.78",264.3
CUST01005,Justin Johnson,51,Male,Real Estate Agent,United Arab Emirates,Dubai,Savings,05/08/2014,4166,0,Medium,4,0,0.00%,458.41,114.6
CUST01006,Jonathan Wilson,44,Male,Real Estate Agent,Canada,Calgary,Savings,24/12/2019,2199,0,Low,4,0,0.00%,475.81,118.95
CUST01007,Anthony Jones,48,Male,Software Engineer,France,Paris,Checking,14/04/2023,992,0,Medium,4,0,0.00%,603.65,150.91
CUST01008,Betty Thomas,29,Female,Student,United States,Los Angeles,Checking,14/12/2022,1113,0,Low,6,0,0.00%,"2,464.24",410.71
CUST01009,Hiroshi Haddad,50,Male,Operations Manager,Canada,Vancouver,Savings,14/11/2013,4430,0,Low,4,0,0.00%,303.38,75.85
CUST01010,Joshua Muller,54,Male,Real Estate Agent,Brazil,Sao Paulo,Savings,03/10/2016,3376,0,Low,11,0,0.00%,"1,215.40",110.49
CUST01011,Thandiwe Kumar,43,Female,Student,South Korea,Busan,Checking,12/01/2021,1814,0,Low,5,0,0.00%,"1,294.92",258.98
CUST01012,Klaus Davis,28,Male,Lawyer,Canada,Calgary,Savings,10/03/2020,2122,0,Low,3,0,0.00%,489.06,163.02
CUST01013,Arjun King,18,Male,Graphic Designer,Canada,Calgary,Checking,21/02/2023,1044,0,Medium,6,0,0.00%,859.97,143.33
CUST01014,Amara Patel,32,Female,Graphic Designer,Australia,Perth,Checking,14/09/2022,1204,0,Low,6,0,0.00%,"1,267.39",211.23
CUST01015,Betty Wilson,66,Female,Police Officer,United States,Boston,Premium,24/11/2015,3690,0,Medium,5,0,0.00%,"1,475.59",295.12
CUST01016,David Allen,30,Male,Freelance Writer,India,Chennai,Business,17/09/2023,836,0,Low,5,0,0.00%,423.26,84.65
CUST01017,Raj Smith,72,Male,Police Officer,France,Paris,Checking,19/06/2016,3482,0,Low,6,0,0.00%,785.85,130.98
CUST01018,George Patel,33,Male,Project Manager,United States,New York,Checking,20/02/2018,2871,0,Low,5,0,0.00%,"1,690.49",338.1
CUST01019,Priya Singh,30,Female,Lawyer,United States,Los Angeles,Savings,11/11/2017,2972,0,Low,8,0,0.00%,"2,190.94",273.87
CUST01020,Ahmed Dubois,49,Male,Nurse,Italy,Naples,Savings,07/03/2020,2125,0,Low,4,0,0.00%,138.04,34.51
CUST01021,Raj Lopez,43,Male,Physician,United States,Seattle,Savings,07/01/2023,1089,0,Medium,4,0,0.00%,312.92,78.23
CUST01022,Donna Sanchez,59,Female,Graphic Designer,Canada,Ottawa,Checking,24/06/2023,921,0,Low,3,1,33.30%,579.35,193.12
CUST01023,Michelle Roberts,38,Female,Plumber,India,Mumbai,Checking,05/11/2016,3343,0,Medium,6,0,0.00%,"1,093.88",182.31
CUST01024,Santiago Khan,26,Male,Retired,Brazil,Rio de Janeiro,Savings,08/05/2022,1333,1,High,4,2,50.00%,357.76,89.44
CUST01025,Brandon Walker,70,Male,Retail Manager,Singapore,Singapore,Premium,19/03/2023,1018,0,Low,9,0,0.00%,"1,168.88",129.88
CUST01026,Fatima Park,35,Female,Customer Support Rep,Ireland,Cork,Checking,29/01/2013,4719,0,Medium,10,0,0.00%,"3,248.44",324.84
CUST01027,John Baker,46,Male,Operations Manager,France,Paris,Business,17/05/2019,2420,0,Low,7,0,0.00%,"2,873.49",410.5
CUST01028,Sofia Suzuki,18,Female,Chef,Germany,Munich,Premium,11/08/2015,3795,0,High,7,0,0.00%,"1,645.36",235.05
CUST01029,Jennifer Jackson,32,Female,Retail Manager,Australia,Sydney,Savings,20/08/2018,2690,0,Low,6,1,16.70%,"1,721.13",286.86
CUST01030,Ashley Taylor,35,Female,Software Engineer,United States,Chicago,Savings,28/10/2016,3351,0,Medium,2,0,0.00%,"1,142.00",571
CUST01031,Sven Gonzalez,24,Male,Chef,Australia,Melbourne,Checking,21/07/2014,4181,0,Medium,3,0,0.00%,316.51,105.5
CUST01032,Susan Anderson,34,Female,Retail Manager,Singapore,Singapore,Savings,19/03/2023,1018,0,Low,13,0,0.00%,"3,832.08",294.78
CUST01033,Ivan Kim,44,Male,Consultant,Singapore,Singapore,Savings,31/03/2016,3562,0,Medium,5,0,0.00%,790.44,158.09
CUST01034,Kwame Ramirez,58,Male,Freelance Writer,India,Mumbai,Checking,08/04/2017,3189,0,High,2,0,0.00%,431.58,215.79
CUST01035,Kenneth Jackson,70,Male,Freelance Writer,United Kingdom,Edinburgh,Savings,13/01/2022,1448,0,Low,6,0,0.00%,503.04,83.84
CUST01036,Cynthia Young,52,Female,Police Officer,United States,New York,Checking,04/06/2022,1306,0,Low,6,1,16.70%,"1,026.51",171.09
CUST01037,Amara Carter,42,Female,Freelance Writer,United Kingdom,Manchester,Savings,29/09/2023,824,0,Low,4,0,0.00%,865.37,216.34
CUST01038,James Thompson,61,Male,Police Officer,Australia,Sydney,Checking,30/12/2015,3654,0,Low,8,0,0.00%,"3,047.89",380.99
CUST01039,Laura Schmidt,34,Female,Student,United States,Chicago,Checking,10/08/2021,1604,0,Low,10,2,20.00%,"3,346.75",334.68
CUST01040,Jacob Chen,24,Male,Marketing Specialist,Germany,Munich,Checking,27/01/2017,3260,0,Medium,10,0,0.00%,"1,252.30",125.23
CUST01041,Aoife Silva,41,Female,Architect,United States,Los Angeles,Checking,20/11/2016,3328,0,Low,4,1,25.00%,"2,970.66",742.67
CUST01042,Jeffrey Smith,25,Male,Data Analyst,France,Lyon,Premium,07/10/2021,1546,0,Low,4,0,0.00%,"1,218.44",304.61
CUST01043,Susan Campbell,43,Female,University Professor,India,Hyderabad,Checking,25/03/2018,2838,0,Medium,7,0,0.00%,"1,376.77",196.68
CUST01044,Sofia Clark,23,Female,Financial Analyst,South Africa,Johannesburg,Checking,30/09/2021,1553,0,Low,4,0,0.00%,461.6,115.4
CUST01045,Kofi Schmidt,39,Male,Retail Manager,United States,Chicago,Savings,16/02/2022,1414,0,Low,5,0,0.00%,"2,286.50",457.3
CUST01046,Wei Campbell,39,Male,Small Business Owner,Canada,Vancouver,Business,17/01/2019,2540,0,Low,4,0,0.00%,839.61,209.9
CUST01047,Zanele Ivanov,53,Female,Teacher,United States,Los Angeles,Checking,14/08/2015,3792,0,Low,6,0,0.00%,"6,079.48","1,013.25"
CUST01048,Nancy Brown,18,Female,Retail Manager,India,Hyderabad,Checking,14/08/2022,1235,0,Low,4,0,0.00%,227.21,56.8
CUST01049,Jacob Adams,36,Male,Electrician,Canada,Vancouver,Checking,17/07/2015,3820,0,Low,5,1,20.00%,"1,282.22",256.44
CUST01050,Klaus Anderson,40,Male,Consultant,South Korea,Seoul,Savings,27/10/2022,1161,0,Medium,2,0,0.00%,370.97,185.49
CUST01051,Anthony Carter,28,Male,Plumber,United Kingdom,Manchester,Checking,04/02/2023,1061,0,Low,8,0,0.00%,"4,293.87",536.73
CUST01052,Santiago Singh,20,Male,Sales Manager,Mexico,Mexico City,Savings,07/07/2013,4560,0,Low,4,0,0.00%,332.46,83.12
CUST01053,Ronald Moore,51,Male,Chef,United States,Houston,Checking,31/10/2016,3348,0,Low,2,0,0.00%,80.46,40.23
CUST01054,George Taylor,40,Male,Teacher,Mexico,Monterrey,Business,17/07/2017,3089,0,Low,3,0,0.00%,259.88,86.63
CUST01055,Kofi Muller,41,Male,Chef,United Kingdom,Edinburgh,Checking,31/12/2021,1461,0,Low,6,0,0.00%,759.02,126.5
CUST01056,Joshua Lee,41,Male,Operations Manager,Nigeria,Lagos,Checking,09/06/2017,3127,0,Medium,7,0,0.00%,"1,821.66",260.24
CUST01057,Barbara Chen,56,Female,University Professor,Australia,Perth,Savings,02/04/2014,4291,0,Medium,7,0,0.00%,"1,492.69",213.24
CUST01058,Amy Scott,29,Female,Software Engineer,United Arab Emirates,Sharjah,Premium,13/02/2019,2513,0,Low,1,0,0.00%,82.9,82.9
CUST01059,Brian Singh,30,Male,Project Manager,Australia,Melbourne,Savings,02/12/2013,4412,0,Low,11,0,0.00%,"1,673.44",152.13
CUST01060,Olga Smith,46,Female,Electrician,Germany,Berlin,Business,21/06/2023,924,0,Low,8,0,0.00%,702.92,87.87
CUST01061,Aiko Jones,28,Female,Electrician,United States,Miami,Checking,18/07/2018,2723,0,Medium,7,0,0.00%,"1,504.30",214.9
CUST01062,Susan Ali,62,Female,Retail Manager,Italy,Milan,Business,27/12/2022,1100,0,High,7,1,14.30%,965.34,137.91
CUST01063,Diego Chen,33,Male,Civil Engineer,India,Delhi,Savings,25/11/2019,2228,0,Low,7,0,0.00%,794.58,113.51
CUST01064,Barbara Williams,25,Female,Retail Manager,Canada,Montreal,Savings,08/02/2022,1422,0,Low,2,0,0.00%,169.37,84.69
CUST01065,Layla Brown,39,Female,Chef,France,Nice,Savings,07/04/2015,3921,0,Low,6,0,0.00%,899.97,150
CUST01066,Lisa Mitchell,24,Female,Pharmacist,Brazil,Salvador,Checking,10/01/2016,3643,0,Low,2,0,0.00%,73.75,36.88
CUST01067,Elizabeth Roberts,45,Female,Plumber,United Kingdom,Birmingham,Savings,19/12/2017,2934,1,High,5,0,0.00%,"1,062.26",212.45
CUST01068,Kenneth Botha,59,Male,Project Manager,France,Lyon,Premium,01/02/2015,3986,0,Medium,7,0,0.00%,431.78,61.68
CUST01069,Amanda Davis,37,Female,HR Manager,United States,Seattle,Checking,17/12/2013,4397,0,Low,6,0,0.00%,855.43,142.57
CUST01070,Gary Garcia,72,Male,Physician,India,Bengaluru,Savings,15/12/2021,1477,0,Low,7,1,14.30%,"2,611.32",373.05
CUST01071,Freya Clark,40,Female,Sales Manager,United Kingdom,Birmingham,Savings,30/03/2021,1737,0,Low,4,0,0.00%,"1,496.17",374.04
CUST01072,Layla Clark,38,Female,Freelance Writer,India,Delhi,Business,29/04/2020,2072,0,Low,4,0,0.00%,385.42,96.36
CUST01073,Carlos Kumar,29,Male,Financial Analyst,India,Mumbai,Savings,18/03/2023,1019,0,Low,7,0,0.00%,"1,435.80",205.11
CUST01074,Stephen Kim,40,Male,Customer Support Rep,Germany,Berlin,Premium,25/08/2018,2685,0,Low,1,0,0.00%,82.45,82.45
CUST01075,Ingrid Nguyen,53,Female,Chef,India,Hyderabad,Premium,17/10/2019,2267,0,Low,7,0,0.00%,"1,016.89",145.27
CUST01076,Hana Rodriguez,43,Female,Civil Engineer,Brazil,Salvador,Business,10/12/2022,1117,0,Low,5,0,0.00%,362.91,72.58
CUST01077,Donna Martinez,33,Female,Nurse,United States,Chicago,Checking,28/10/2020,1890,0,Low,7,1,14.30%,"2,065.15",295.02
CUST01078,Christopher Clark,30,Male,HR Manager,France,Paris,Savings,19/08/2020,1960,0,Low,4,0,0.00%,366.21,91.55
CUST01079,Sarah Schmidt,31,Female,Physician,United States,Miami,Checking,10/12/2018,2578,0,Low,5,0,0.00%,913.25,182.65
CUST01080,Anthony Rodriguez,43,Male,Software Engineer,United Kingdom,Manchester,Checking,23/07/2014,4179,0,Low,6,0,0.00%,767.92,127.99
CUST01081,Laura Baker,58,Female,Pharmacist,Mexico,Monterrey,Business,05/02/2015,3982,0,Low,7,2,28.60%,"6,132.42",876.06
CUST01082,Grace Kim,56,Female,Customer Support Rep,United States,Boston,Premium,14/10/2018,2635,0,Low,1,0,0.00%,110.51,110.51
CUST01083,Sven Flores,65,Male,Graphic Designer,Japan,Yokohama,Business,18/05/2021,1688,0,High,5,0,0.00%,317.1,63.42
CUST01084,Thandiwe Miller,50,Female,Sales Manager,Brazil,Brasilia,Checking,24/09/2020,1924,0,Medium,9,0,0.00%,"1,097.00",121.89
CUST01085,Daniel Park,37,Male,Small Business Owner,United Kingdom,Manchester,Checking,14/12/2021,1478,0,Medium,7,0,0.00%,"2,437.10",348.16
CUST01086,Sofia Martin,46,Female,Graphic Designer,Germany,Munich,Savings,11/08/2022,1238,1,High,4,1,25.00%,740.1,185.03
CUST01087,Thomas Khan,51,Male,Financial Analyst,Brazil,Brasilia,Checking,07/11/2021,1515,0,Low,3,0,0.00%,370.36,123.45
CUST01088,Sofia Green,30,Female,Physician,United States,Chicago,Business,27/09/2019,2287,0,Low,7,0,0.00%,"2,491.01",355.86
CUST01089,Ingrid Hill,38,Female,Nurse,Mexico,Mexico City,Premium,20/05/2019,2417,0,Low,4,0,0.00%,947.83,236.96
CUST01090,Amy Green,46,Female,Sales Manager,South Korea,Seoul,Checking,22/08/2015,3784,0,Low,3,0,0.00%,146.41,48.8
CUST01091,Valentina Nguyen,56,Female,Retail Manager,France,Marseille,Checking,02/05/2013,4626,0,Low,2,0,0.00%,825.01,412.51
CUST01092,Sofia Jackson,52,Female,Operations Manager,United Kingdom,Leeds,Checking,01/10/2015,3744,0,Low,7,0,0.00%,"1,584.48",226.35
CUST01093,Ahmed Anderson,30,Male,Retired,Australia,Perth,Checking,28/10/2013,4447,1,High,2,0,0.00%,434.38,217.19
CUST01094,Jessica Flores,50,Female,Software Engineer,United States,Miami,Premium,29/12/2016,3289,0,Medium,8,0,0.00%,723.45,90.43
CUST01095,William Adams,58,Male,Teacher,Spain,Valencia,Premium,23/09/2016,3386,0,Low,8,0,0.00%,"2,082.25",260.28
CUST01096,Yuki Scott,31,Female,Civil Engineer,South Korea,Seoul,Checking,25/12/2022,1102,0,Low,6,0,0.00%,364.12,60.69
CUST01097,Hiroshi Lopez,40,Male,HR Manager,United States,Miami,Checking,27/09/2021,1556,0,Low,7,0,0.00%,"2,032.07",290.3
CUST01098,Aiko Davis,31,Female,Police Officer,United Arab Emirates,Sharjah,Premium,15/11/2019,2238,0,Low,6,0,0.00%,400.28,66.71
CUST01099,Sharon Mitchell,33,Female,Lawyer,Japan,Yokohama,Business,14/10/2023,809,0,Low,6,0,0.00%,929.16,154.86
CUST01100,Jacob Mensah,46,Male,Accountant,Canada,Vancouver,Savings,04/10/2015,3741,0,Low,5,1,20.00%,"1,979.59",395.92
CUST01101,Laura Khan,27,Female,Small Business Owner,United Kingdom,Manchester,Premium,19/11/2014,4060,0,Medium,2,0,0.00%,"1,666.25",833.13
CUST01102,Noor Wang,41,Female,Sales Manager,United States,Los Angeles,Business,23/04/2022,1348,0,Low,6,1,16.70%,794.05,132.34
CUST01103,Chidi Kim,56,Male,Consultant,United Arab Emirates,Dubai,Business,15/06/2013,4582,0,Low,6,0,0.00%,761.13,126.86
CUST01104,Barbara Smith,51,Female,Electrician,South Africa,Durban,Checking,31/08/2013,4505,0,Low,6,0,0.00%,832.84,138.81
CUST01105,Gary Haddad,51,Male,Freelance Writer,United Kingdom,Manchester,Premium,07/09/2021,1576,0,Low,4,0,0.00%,812.44,203.11
CUST01106,Justin Rossi,55,Male,Teacher,United States,Phoenix,Savings,24/07/2014,4178,0,Low,8,0,0.00%,"4,139.66",517.46
CUST01107,Luca Muller,36,Male,Marketing Specialist,United States,New York,Premium,18/01/2015,4000,1,High,8,2,25.00%,634.04,79.26
CUST01108,Raj Schmidt,54,Male,Nurse,France,Marseille,Checking,30/03/2019,2468,0,Medium,7,0,0.00%,614.67,87.81
CUST01109,Valentina Young,73,Female,Software Engineer,Germany,Berlin,Premium,06/05/2015,3892,0,Medium,9,0,0.00%,"1,220.58",135.62
CUST01110,Elizabeth Campbell,44,Female,Project Manager,Japan,Nagoya,Checking,30/07/2017,3076,0,Medium,2,0,0.00%,285.95,142.98
CUST01111,Carlos Schmidt,56,Male,Student,Canada,Toronto,Premium,26/09/2019,2288,0,Medium,3,0,0.00%,272.92,90.97
CUST01112,Emily Lee,54,Female,Project Manager,United States,New York,Checking,13/04/2022,1358,0,Medium,3,0,0.00%,244.01,81.34
CUST01113,Sarah Rivera,54,Female,Graphic Designer,United Kingdom,London,Checking,11/11/2020,1876,0,Medium,12,0,0.00%,"2,061.37",171.78
CUST01114,Melissa Miller,59,Female,Small Business Owner,United Kingdom,Birmingham,Premium,24/12/2017,2929,0,Low,4,0,0.00%,"1,612.01",403
CUST01115,Anthony White,46,Male,Freelance Writer,Canada,Toronto,Checking,16/03/2017,3212,0,Low,3,0,0.00%,157.51,52.5
CUST01116,Carol Hill,41,Female,Financial Analyst,Germany,Frankfurt,Checking,05/11/2022,1152,0,Medium,5,0,0.00%,"2,443.61",488.72
CUST01117,Christopher Johnson,83,Male,Sales Manager,United States,Phoenix,Business,27/09/2019,2287,0,Low,6,0,0.00%,670.11,111.69
CUST01118,Rafael Lee,71,Male,Nurse,United States,Houston,Savings,09/03/2022,1393,0,Low,4,0,0.00%,480.83,120.21
CUST01119,Yuki Mensah,19,Female,Architect,Mexico,Monterrey,Checking,06/08/2014,4165,0,Medium,4,0,0.00%,348.91,87.23
CUST01120,Aoife Okafor,18,Female,Student,India,Mumbai,Checking,29/03/2019,2469,0,Low,2,0,0.00%,140.49,70.25
CUST01121,Arjun Taylor,52,Male,Police Officer,Germany,Berlin,Checking,17/07/2018,2724,0,Low,6,0,0.00%,"1,094.80",182.47
CUST01122,Sarah Khan,30,Female,Plumber,Poland,Krakow,Checking,27/12/2021,1465,0,Medium,5,0,0.00%,368.56,73.71
CUST01123,Arjun Thomas,35,Male,Marketing Specialist,United States,Chicago,Checking,24/04/2014,4269,0,Low,6,0,0.00%,"1,493.94",248.99
CUST01124,Michelle Taylor,38,Female,Civil Engineer,United States,Chicago,Business,15/01/2023,1081,0,Medium,8,0,0.00%,"1,816.74",227.09
CUST01125,Jessica Martinez,31,Female,Software Engineer,United States,Boston,Checking,05/06/2015,3862,0,Medium,6,0,0.00%,490.82,81.8
CUST01126,Robert Tanaka,47,Male,Project Manager,Netherlands,Amsterdam,Checking,29/08/2018,2681,0,Low,7,0,0.00%,"1,126.70",160.96
CUST01127,David Hill,18,Male,Real Estate Agent,Canada,Toronto,Savings,17/06/2015,3850,0,Low,9,1,11.10%,"2,593.29",288.14
CUST01128,Benjamin Clark,43,Male,Project Manager,United States,Houston,Checking,06/11/2021,1516,0,High,6,0,0.00%,596.29,99.38
CUST01129,Christopher Scott,57,Male,Project Manager,Canada,Montreal,Checking,21/12/2019,2202,0,Low,10,0,0.00%,"2,773.65",277.37
CUST01130,Noor Walker,35,Female,HR Manager,Germany,Berlin,Premium,23/10/2022,1165,0,Medium,3,0,0.00%,416.55,138.85
CUST01131,Mei Ramirez,44,Female,Student,Germany,Munich,Business,08/02/2013,4709,0,Medium,8,0,0.00%,"1,016.63",127.08
CUST01132,Ingrid Smith,40,Female,Retired,United Kingdom,London,Savings,22/07/2013,4545,0,High,5,0,0.00%,907.1,181.42
CUST01133,Aoife Schmidt,28,Female,Physician,United States,Chicago,Checking,28/12/2018,2560,0,Low,4,0,0.00%,270.61,67.65
CUST01134,Kwame Rivera,57,Male,Lawyer,United Arab Emirates,Abu Dhabi,Checking,08/07/2021,1637,0,Medium,7,0,0.00%,941.03,134.43
CUST01135,Pierre Green,30,Male,Nurse,United States,Boston,Checking,07/09/2022,1211,0,Low,2,0,0.00%,512.67,256.34
CUST01136,Ronald Torres,31,Male,Data Analyst,United Kingdom,London,Checking,31/12/2022,1096,0,Low,7,0,0.00%,623.51,89.07
CUST01137,Joshua Ivanov,18,Male,Architect,United States,Phoenix,Business,19/03/2016,3574,0,Low,5,0,0.00%,430.12,86.02
CUST01138,Justin Chen,39,Male,Small Business Owner,United Kingdom,Edinburgh,Checking,20/10/2021,1533,0,Low,2,0,0.00%,74.96,37.48
CUST01139,Hana Schmidt,47,Female,Real Estate Agent,United States,Seattle,Savings,28/11/2021,1494,1,High,4,0,0.00%,750.81,187.7
CUST01140,Isabella Wilson,33,Female,Lawyer,United States,Boston,Checking,22/01/2018,2900,0,Medium,4,1,25.00%,410.26,102.57
CUST01141,Christopher Patel,47,Male,Lawyer,France,Paris,Checking,10/08/2015,3796,0,High,4,0,0.00%,"1,612.88",403.22
CUST01142,Elizabeth Campbell,34,Female,Civil Engineer,United Kingdom,Birmingham,Premium,03/09/2021,1580,0,Low,5,0,0.00%,"1,265.29",253.06
CUST01143,Jessica Robinson,61,Female,Customer Support Rep,Netherlands,Rotterdam,Business,15/10/2015,3730,0,Medium,6,0,0.00%,"3,801.33",633.56
CUST01144,Thandiwe Wright,41,Female,Freelance Writer,Italy,Turin,Checking,05/12/2019,2218,0,Low,10,0,0.00%,879.39,87.94
CUST01145,Rebecca Rossi,29,Female,HR Manager,Canada,Montreal,Savings,08/04/2022,1363,0,Low,7,0,0.00%,"1,033.43",147.63
CUST01146,Andrew Rossi,21,Male,Retail Manager,Japan,Osaka,Checking,15/11/2016,3333,0,Low,7,1,14.30%,"1,592.85",227.55
CUST01147,Luca Miller,59,Male,Customer Support Rep,Brazil,Sao Paulo,Savings,02/05/2018,2800,0,Low,3,0,0.00%,314.36,104.79
CUST01148,Stephanie Adams,41,Female,Sales Manager,France,Marseille,Checking,11/12/2016,3307,0,Low,10,0,0.00%,"3,364.97",336.5
CUST01149,Sofia Suzuki,34,Female,Freelance Writer,United Kingdom,Edinburgh,Business,11/01/2015,4007,0,High,3,0,0.00%,"1,328.02",442.67
CUST01150,Eric Rossi,39,Male,HR Manager,Canada,Montreal,Checking,02/11/2017,2981,0,Low,10,0,0.00%,"1,464.03",146.4
CUST01151,Ingrid Williams,48,Female,Freelance Writer,United States,New York,Premium,04/02/2019,2522,0,Low,4,0,0.00%,665.19,166.3
CUST01152,Jacob Green,39,Male,University Professor,Nigeria,Abuja,Checking,16/12/2018,2572,0,Medium,7,0,0.00%,"4,088.46",584.07
CUST01153,Justin Hill,56,Male,Plumber,United States,Chicago,Checking,29/05/2018,2773,0,Medium,3,0,0.00%,850.61,283.54
CUST01154,Jason Rossi,21,Male,Freelance Writer,Spain,Madrid,Premium,16/07/2017,3090,0,Low,3,0,0.00%,217.99,72.66
CUST01155,Isabella Botha,24,Female,Project Manager,India,Chennai,Checking,01/08/2018,2709,0,Low,5,0,0.00%,954.91,190.98
CUST01156,John Patel,26,Male,Financial Analyst,India,Chennai,Premium,17/04/2017,3180,0,Low,8,0,0.00%,897.94,112.24
CUST01157,Melissa Torres,37,Female,Consultant,United Kingdom,London,Checking,09/08/2023,875,0,Low,3,0,0.00%,"1,353.24",451.08
CUST01158,Ronald Hall,36,Male,Operations Manager,India,Hyderabad,Savings,14/08/2023,870,0,Low,4,0,0.00%,650.44,162.61
CUST01159,Stephanie Gonzalez,34,Female,Electrician,Germany,Frankfurt,Premium,30/11/2019,2223,0,Low,9,0,0.00%,799.06,88.78
CUST01160,Steven Young,47,Male,Marketing Specialist,United States,Phoenix,Premium,10/04/2017,3187,0,Low,2,0,0.00%,159.18,79.59
CUST01161,Michelle Anderson,26,Female,Consultant,United States,Chicago,Savings,13/09/2023,840,0,Low,4,0,0.00%,721.74,180.44
CUST01162,Hiroshi Kumar,55,Male,Project Manager,Canada,Ottawa,Checking,23/10/2013,4452,0,Low,7,0,0.00%,468.44,66.92
CUST01163,Nicholas Williams,34,Male,Consultant,Spain,Barcelona,Checking,10/07/2017,3096,0,Low,3,1,33.30%,361.26,120.42
CUST01164,Hana Rossi,37,Female,Nurse,United States,Houston,Checking,25/02/2020,2136,0,Medium,5,1,20.00%,"1,670.78",334.16
CUST01165,Sofia Baker,49,Female,Graphic Designer,France,Marseille,Premium,05/11/2019,2248,0,Low,4,0,0.00%,553.06,138.27
CUST01166,Raj Martinez,30,Male,Customer Support Rep,France,Lyon,Checking,11/09/2020,1937,0,Low,6,0,0.00%,544.69,90.78
CUST01167,Scott Kim,37,Male,Operations Manager,Canada,Vancouver,Premium,30/11/2016,3318,0,Low,3,0,0.00%,462.58,154.19
CUST01168,Kofi Gonzalez,48,Male,Project Manager,Ireland,Cork,Savings,08/11/2020,1879,0,Low,8,0,0.00%,520.32,65.04
CUST01169,Priya Kumar,37,Female,Civil Engineer,United Kingdom,Birmingham,Savings,31/12/2014,4018,0,Medium,6,0,0.00%,"1,656.48",276.08
CUST01170,Aiko Hill,19,Female,Electrician,Australia,Brisbane,Checking,04/09/2021,1579,0,High,7,0,0.00%,"1,630.40",232.91
CUST01171,Stephen Ivanov,33,Male,Real Estate Agent,Canada,Ottawa,Business,23/11/2021,1499,0,Low,7,1,14.30%,"1,590.47",227.21
CUST01172,Mei White,18,Female,Project Manager,Brazil,Salvador,Premium,13/07/2021,1632,0,Low,6,0,0.00%,"1,284.65",214.11
CUST01173,Amy Wright,55,Female,Police Officer,Canada,Ottawa,Premium,06/11/2014,4073,0,Medium,5,0,0.00%,"1,210.12",242.02
CUST01174,Sharon Haddad,38,Female,Retired,India,Mumbai,Savings,23/01/2018,2899,0,Medium,8,0,0.00%,"2,265.11",283.14
CUST01175,Steven Martin,36,Male,Retired,United States,Phoenix,Checking,15/06/2014,4217,0,Low,9,0,0.00%,"1,698.71",188.75
CUST01176,Kwame Rodriguez,55,Male,Pharmacist,Australia,Melbourne,Savings,07/06/2014,4225,0,Low,3,0,0.00%,269.39,89.8
CUST01177,Valentina Lee,26,Female,Financial Analyst,Brazil,Rio de Janeiro,Savings,15/05/2019,2422,0,Low,7,0,0.00%,543.27,77.61
CUST01178,Michael Young,47,Male,Operations Manager,United Kingdom,Birmingham,Savings,18/09/2018,2661,0,Low,8,0,0.00%,968.5,121.06
CUST01179,Sharon Jones,29,Female,Civil Engineer,Spain,Madrid,Savings,10/11/2020,1877,0,Low,6,0,0.00%,872.67,145.45
CUST01180,Ivan Scott,18,Male,Real Estate Agent,United Kingdom,Leeds,Checking,12/12/2021,1480,0,Low,7,0,0.00%,467.38,66.77
CUST01181,Diego Rossi,50,Male,Operations Manager,Singapore,Singapore,Savings,20/04/2023,986,0,Low,3,1,33.30%,854.53,284.84
CUST01182,Benjamin Hill,25,Male,University Professor,Brazil,Sao Paulo,Savings,27/10/2013,4448,0,Medium,8,0,0.00%,982.28,122.79
CUST01183,Sofia Lopez,18,Female,Lawyer,India,Delhi,Checking,10/04/2021,1726,0,Medium,5,1,20.00%,"2,391.31",478.26
CUST01184,Jessica Suzuki,52,Female,Real Estate Agent,United States,Phoenix,Checking,09/05/2018,2793,0,Medium,6,1,16.70%,980.39,163.4
CUST01185,Joseph Green,19,Male,Consultant,Germany,Hamburg,Premium,19/11/2014,4060,0,Low,5,0,0.00%,"1,249.56",249.91
CUST01186,Ryan Ramirez,60,Male,Sales Manager,Italy,Rome,Checking,15/12/2021,1477,0,Medium,6,0,0.00%,697.75,116.29
CUST01187,Jeffrey Allen,36,Male,University Professor,Australia,Sydney,Checking,03/06/2018,2768,0,Low,8,0,0.00%,"1,071.43",133.93
CUST01188,Jessica Green,45,Female,Data Analyst,France,Nice,Savings,05/08/2018,2705,0,Low,7,0,0.00%,"1,487.09",212.44
CUST01189,Yuki Jackson,49,Female,Physician,South Africa,Cape Town,Savings,23/11/2015,3691,0,Low,1,0,0.00%,91.14,91.14
CUST01190,Wei Jones,18,Male,Customer Support Rep,South Korea,Seoul,Savings,04/03/2016,3589,0,Medium,5,0,0.00%,850.91,170.18
CUST01191,Emily Okafor,19,Female,Lawyer,United States,Phoenix,Savings,02/10/2016,3377,0,Low,7,0,0.00%,"2,565.68",366.53
CUST01192,Ivan Thomas,43,Male,Data Analyst,United Kingdom,Manchester,Savings,21/04/2014,4272,0,Low,6,0,0.00%,437.62,72.94
CUST01193,Edward Allen,26,Male,Small Business Owner,Canada,Toronto,Savings,02/06/2013,4595,0,High,2,0,0.00%,80.28,40.14
CUST01194,Mark Lee,45,Male,Police Officer,Brazil,Salvador,Business,02/11/2016,3346,0,Medium,3,0,0.00%,291.3,97.1
CUST01195,Valentina Chen,24,Female,Operations Manager,India,Mumbai,Savings,05/11/2020,1882,0,Low,10,0,0.00%,"2,979.61",297.96
CUST01196,Fatima Schmidt,45,Female,Retired,Germany,Hamburg,Savings,13/07/2013,4554,0,Low,7,1,14.30%,"1,089.58",155.65
CUST01197,Susan Lee,22,Female,Student,United Arab Emirates,Abu Dhabi,Checking,30/03/2018,2833,0,Low,11,0,0.00%,"8,380.26",761.84
CUST01198,Diego Okafor,42,Male,Retired,Australia,Brisbane,Savings,02/11/2018,2616,0,Low,1,0,0.00%,93.28,93.28
CUST01199,Valentina White,46,Female,Pharmacist,Canada,Calgary,Business,18/01/2015,4000,0,Medium,8,0,0.00%,"1,742.03",217.75
CUST01200,Anthony Flores,18,Male,Consultant,Germany,Berlin,Checking,05/09/2022,1213,0,Medium,2,0,0.00%,217.24,108.62
CUST01201,Thandiwe Taylor,40,Female,University Professor,Canada,Ottawa,Business,25/03/2016,3568,0,Low,4,0,0.00%,344.3,86.08
CUST01202,Cynthia Dubois,33,Female,University Professor,France,Lyon,Savings,30/12/2020,1827,0,Low,9,0,0.00%,"2,321.20",257.91
CUST01203,Carol Torres,72,Female,Civil Engineer,United Kingdom,London,Savings,10/04/2019,2457,0,Low,5,0,0.00%,329.37,65.87
CUST01204,Jason Lewis,45,Male,Software Engineer,United States,New York,Checking,26/07/2013,4541,0,Medium,3,0,0.00%,345.6,115.2
CUST01205,Sandra Lopez,31,Female,Chef,Germany,Munich,Premium,25/12/2020,1832,0,Low,4,0,0.00%,"1,772.81",443.2
CUST01206,Edward Kumar,33,Male,Architect,France,Marseille,Checking,31/03/2022,1371,0,Low,2,0,0.00%,307.72,153.86
CUST01207,Scott Thomas,56,Male,Software Engineer,United Kingdom,Leeds,Checking,15/01/2019,2542,0,Low,6,0,0.00%,811.84,135.31
CUST01208,Isabella Silva,38,Female,Nurse,Australia,Melbourne,Savings,02/12/2015,3682,0,Low,9,0,0.00%,"2,630.48",292.28
CUST01209,Yuki Wright,24,Female,Small Business Owner,United States,Boston,Checking,21/08/2019,2324,0,Low,5,0,0.00%,590.22,118.04
CUST01210,Chioma Ramirez,26,Female,Customer Support Rep,Mexico,Guadalajara,Business,09/10/2015,3736,0,High,4,0,0.00%,"1,613.27",403.32
CUST01211,Jeffrey Jackson,44,Male,Software Engineer,Japan,Yokohama,Checking,25/12/2020,1832,0,Low,5,1,20.00%,380.81,76.16
CUST01212,Steven Mitchell,54,Male,Project Manager,Australia,Perth,Savings,16/12/2022,1111,1,High,6,2,33.30%,"3,612.55",602.09
CUST01213,Brian Patel,30,Male,Real Estate Agent,United Kingdom,Manchester,Business,03/12/2015,3681,0,Low,6,0,0.00%,689.24,114.87
CUST01214,Benjamin Allen,53,Male,Accountant,Germany,Berlin,Business,03/09/2017,3041,0,Low,9,0,0.00%,975.84,108.43
CUST01215,Steven Schmidt,19,Male,Police Officer,Canada,Montreal,Premium,13/02/2017,3243,0,Low,2,0,0.00%,75.81,37.91
CUST01216,Chioma Garcia,44,Female,Software Engineer,Germany,Frankfurt,Checking,06/04/2018,2826,0,Low,2,0,0.00%,596.82,298.41
CUST01217,Edward Mitchell,39,Male,Sales Manager,India,Hyderabad,Checking,17/06/2023,928,0,Low,3,0,0.00%,408.92,136.31
CUST01218,Stephen Silva,46,Male,Police Officer,Netherlands,Rotterdam,Savings,28/01/2014,4355,0,Low,7,0,0.00%,"1,027.43",146.78
CUST01219,Mohammed Kim,60,Male,Electrician,Australia,Melbourne,Premium,31/12/2020,1826,0,Low,4,1,25.00%,"1,830.02",457.51
CUST01220,Thomas Silva,46,Male,University Professor,Spain,Barcelona,Savings,14/07/2015,3823,0,Low,3,0,0.00%,513.16,171.05
CUST01221,Mateo King,28,Male,Architect,Spain,Barcelona,Premium,14/02/2018,2877,0,Low,5,0,0.00%,661.32,132.26
CUST01222,Carol Rossi,32,Female,Freelance Writer,United Kingdom,Manchester,Checking,08/09/2017,3036,0,Medium,4,0,0.00%,223.93,55.98
CUST01223,Hana Khan,21,Female,Teacher,India,Delhi,Checking,03/04/2022,1368,0,Low,3,0,0.00%,410.44,136.81
CUST01224,Nicholas King,39,Male,Graphic Designer,Germany,Hamburg,Checking,10/01/2019,2547,0,High,7,0,0.00%,"1,258.03",179.72
CUST01225,Fatima Garcia,35,Female,Chef,United States,Seattle,Premium,20/12/2015,3664,0,Low,9,0,0.00%,"1,299.93",144.44
CUST01226,Joseph Jackson,37,Male,Nurse,France,Marseille,Checking,14/11/2022,1143,0,Low,3,0,0.00%,273.12,91.04
CUST01227,Kwame Perez,58,Male,Retired,Italy,Naples,Checking,08/08/2017,3067,0,Low,8,0,0.00%,"1,923.81",240.48
CUST01228,Anastasia Smith,38,Female,HR Manager,Spain,Valencia,Checking,23/11/2021,1499,0,Medium,7,0,0.00%,950.6,135.8
CUST01229,Klaus Silva,26,Male,Real Estate Agent,Ireland,Dublin,Checking,20/12/2013,4394,0,Low,5,0,0.00%,936.4,187.28
CUST01230,Carlos Thomas,59,Male,Lawyer,Japan,Yokohama,Premium,19/04/2017,3178,0,Medium,3,0,0.00%,181.07,60.36
CUST01231,Brian Martin,48,Male,Software Engineer,Brazil,Sao Paulo,Checking,04/10/2018,2645,0,Low,11,0,0.00%,"2,461.94",223.81
CUST01232,Amy Wright,33,Female,Architect,United Kingdom,London,Checking,23/03/2020,2109,0,High,4,0,0.00%,178.1,44.53
CUST01233,Cynthia Adams,58,Female,Retired,Nigeria,Lagos,Checking,20/07/2021,1625,0,Medium,3,0,0.00%,"1,223.95",407.98
CUST01234,Donna Adams,52,Female,Operations Manager,Australia,Sydney,Premium,31/07/2015,3806,0,Low,1,0,0.00%,47.83,47.83
CUST01235,Stephanie Lopez,55,Female,Lawyer,Canada,Montreal,Savings,03/12/2021,1489,0,Low,7,0,0.00%,"3,587.31",512.47
CUST01236,Rebecca Lopez,30,Female,Software Engineer,Brazil,Rio de Janeiro,Checking,03/02/2022,1427,0,Low,4,1,25.00%,460.2,115.05
CUST01237,Wei Martin,37,Male,Nurse,United States,Phoenix,Checking,01/06/2018,2770,0,Low,7,0,0.00%,833.24,119.03
CUST01238,Michelle Taylor,18,Female,Physician,United States,Los Angeles,Savings,03/08/2014,4168,0,Medium,5,0,0.00%,855.35,171.07
CUST01239,Jacob Roberts,44,Male,Retail Manager,India,Bengaluru,Checking,09/08/2017,3066,0,Low,2,0,0.00%,230,115
CUST01240,Ryan Mitchell,26,Male,Architect,Australia,Melbourne,Savings,19/01/2019,2538,0,Low,5,0,0.00%,"1,367.84",273.57
CUST01241,Stephen Baker,54,Male,Chef,United States,Houston,Checking,28/08/2016,3412,0,High,10,1,10.00%,"2,640.17",264.02
CUST01242,Eric Kim,57,Male,Pharmacist,Australia,Sydney,Savings,29/08/2020,1950,0,Medium,13,1,7.70%,"2,339.18",179.94
CUST01243,Ivan Dubois,49,Male,Small Business Owner,Mexico,Mexico City,Premium,27/06/2022,1283,0,Low,4,0,0.00%,"3,563.19",890.8
CUST01244,Steven Suzuki,62,Male,Electrician,Germany,Frankfurt,Checking,18/07/2017,3088,0,High,5,0,0.00%,322.67,64.53
CUST01245,Robert Tanaka,34,Male,Nurse,Italy,Turin,Savings,16/04/2019,2451,0,Low,5,1,20.00%,"1,268.99",253.8
CUST01246,Olga Allen,44,Female,Physician,France,Marseille,Checking,09/05/2017,3158,0,Medium,7,0,0.00%,"2,761.06",394.44
CUST01247,Jessica Muller,47,Female,Graphic Designer,France,Lyon,Checking,20/06/2014,4212,0,High,2,0,0.00%,178.03,89.02
CUST01248,Santiago Hill,34,Male,Consultant,Germany,Hamburg,Checking,05/06/2015,3862,0,Low,9,0,0.00%,502.78,55.86
CUST01249,Emily Baker,35,Female,Police Officer,United States,Chicago,Checking,21/07/2021,1624,0,Low,7,0,0.00%,507.61,72.52
CUST01250,Chioma King,51,Female,University Professor,Mexico,Monterrey,Savings,23/09/2022,1195,0,Low,6,1,16.70%,"1,746.66",291.11
CUST01251,Edward Anderson,34,Male,Software Engineer,Ireland,Dublin,Checking,25/07/2016,3446,0,High,5,0,0.00%,"3,640.85",728.17
CUST01252,Sofia Rossi,28,Female,Small Business Owner,Germany,Frankfurt,Checking,05/03/2016,3588,0,Medium,5,0,0.00%,"1,235.23",247.05
CUST01253,Rebecca Hill,64,Female,Accountant,Nigeria,Lagos,Checking,28/05/2022,1313,1,High,5,1,20.00%,"1,001.94",200.39
CUST01254,Michael Harris,36,Male,University Professor,United States,New York,Savings,28/07/2021,1617,0,Low,7,0,0.00%,"5,300.28",757.18
CUST01255,Steven Singh,39,Male,Customer Support Rep,India,Hyderabad,Checking,12/10/2021,1541,0,Low,11,0,0.00%,"2,034.96",185
CUST01256,Karen Schmidt,26,Female,Electrician,Mexico,Mexico City,Checking,12/08/2022,1237,0,Medium,7,1,14.30%,646.61,92.37
CUST01257,Ahmed Khan,38,Male,Retail Manager,France,Nice,Savings,13/09/2023,840,0,Low,1,0,0.00%,55.78,55.78
CUST01258,Margaret Nguyen,53,Female,Project Manager,Italy,Turin,Premium,08/05/2023,968,0,Low,5,0,0.00%,298.34,59.67
CUST01259,Kofi Singh,49,Male,Electrician,South Korea,Busan,Savings,27/08/2015,3779,0,Low,4,0,0.00%,322.72,80.68
CUST01260,Donna Jones,43,Female,Retail Manager,United Kingdom,Edinburgh,Business,20/06/2018,2751,0,Low,10,0,0.00%,"2,229.58",222.96
CUST01261,Isabella Rossi,19,Female,Marketing Specialist,United Kingdom,London,Checking,30/12/2017,2923,1,High,5,2,40.00%,"1,109.51",221.9
CUST01262,Freya Rodriguez,48,Female,Financial Analyst,Poland,Krakow,Checking,13/12/2013,4401,0,Low,9,0,0.00%,"1,299.62",144.4
CUST01263,Wei Hall,47,Male,Chef,United Kingdom,Edinburgh,Checking,08/09/2023,845,0,Low,5,0,0.00%,563.78,112.76
CUST01264,Priya Hall,18,Female,Chef,United Kingdom,Manchester,Business,24/03/2018,2839,0,Medium,7,0,0.00%,445.39,63.63
CUST01265,Amanda Muller,51,Female,Sales Manager,Spain,Barcelona,Checking,24/10/2015,3721,0,Medium,7,0,0.00%,"1,674.04",239.15
CUST01266,Isabella Campbell,18,Female,Operations Manager,Ireland,Cork,Checking,14/12/2014,4035,0,Low,2,0,0.00%,547.82,273.91
CUST01267,Mark Torres,41,Male,Student,United States,Los Angeles,Checking,09/06/2016,3492,0,Low,8,0,0.00%,758.83,94.85
CUST01268,Daniel Rossi,48,Male,Nurse,Japan,Nagoya,Savings,06/05/2013,4622,0,High,4,0,0.00%,290.88,72.72
CUST01269,Mark Mensah,45,Male,Teacher,France,Paris,Checking,24/11/2019,2229,0,Low,6,0,0.00%,731.71,121.95
CUST01270,Daniel Thompson,18,Male,Customer Support Rep,Nigeria,Lagos,Premium,15/11/2014,4064,0,Low,4,0,0.00%,864.13,216.03
CUST01271,Samuel Robinson,23,Male,Nurse,France,Lyon,Savings,19/06/2018,2752,0,Low,9,0,0.00%,929.12,103.24
CUST01272,Timothy Garcia,47,Male,Freelance Writer,Poland,Krakow,Savings,13/11/2013,4431,0,Low,3,0,0.00%,328.29,109.43
CUST01273,Aiko Wilson,33,Female,Student,Canada,Toronto,Checking,12/07/2013,4555,0,Low,6,0,0.00%,600.98,100.16
CUST01274,Zanele Anderson,47,Female,Nurse,Mexico,Monterrey,Savings,30/01/2017,3257,0,Medium,4,1,25.00%,452.46,113.12
CUST01275,Freya Garcia,18,Female,HR Manager,United Arab Emirates,Dubai,Checking,17/01/2022,1444,0,Low,5,0,0.00%,"1,366.39",273.28
CUST01276,Deborah Lee,52,Female,Retired,Germany,Frankfurt,Checking,24/12/2015,3660,0,Low,3,0,0.00%,117.3,39.1
CUST01277,Noor Gonzalez,43,Female,Sales Manager,Australia,Brisbane,Business,02/03/2020,2130,0,Low,9,0,0.00%,"1,464.01",162.67
CUST01278,Anthony Khan,69,Male,Electrician,Italy,Rome,Checking,03/03/2021,1764,0,Low,11,0,0.00%,"1,861.29",169.21
CUST01279,Joshua Santos,44,Male,Graphic Designer,Brazil,Sao Paulo,Checking,08/12/2020,1849,0,Low,8,0,0.00%,"1,102.03",137.75
CUST01280,Deborah Young,54,Female,Sales Manager,Australia,Perth,Checking,03/02/2015,3984,0,Medium,6,0,0.00%,994.77,165.8
CUST01281,Laura Chen,50,Female,Plumber,South Korea,Busan,Checking,31/03/2013,4658,0,Low,8,1,12.50%,"1,378.57",172.32
CUST01282,Deborah Brown,37,Female,Chef,Germany,Munich,Savings,14/04/2015,3914,1,High,5,2,40.00%,813.7,162.74
CUST01283,Elizabeth Hernandez,53,Female,Consultant,United States,Seattle,Checking,01/06/2019,2405,0,Low,3,0,0.00%,171.96,57.32
CUST01284,John Patel,29,Male,Freelance Writer,Canada,Toronto,Checking,07/07/2016,3464,0,Low,7,1,14.30%,"1,500.27",214.32
CUST01285,Scott Davis,27,Male,Pharmacist,United Kingdom,Leeds,Business,08/08/2020,1971,0,Low,4,0,0.00%,"2,019.44",504.86
CUST01286,Grace Okafor,33,Female,University Professor,Australia,Brisbane,Savings,30/10/2015,3715,0,High,4,0,0.00%,334.88,83.72
CUST01287,Mary Scott,51,Female,Plumber,Japan,Osaka,Savings,25/01/2016,3628,0,Low,4,0,0.00%,199.71,49.93
CUST01288,Ingrid Khan,26,Female,Student,Japan,Yokohama,Checking,19/12/2013,4395,0,Low,8,0,0.00%,"1,250.16",156.27
CUST01289,Thandiwe Sanchez,30,Female,Plumber,Singapore,Singapore,Checking,22/12/2022,1105,1,High,5,1,20.00%,"1,020.67",204.13
CUST01290,Diego Taylor,49,Male,HR Manager,South Africa,Durban,Savings,26/09/2020,1922,0,Low,4,0,0.00%,"2,622.00",655.5
CUST01291,Michelle Suzuki,56,Female,Consultant,France,Lyon,Checking,29/08/2023,855,1,High,10,2,20.00%,807.35,80.74
CUST01292,Anastasia King,21,Female,Marketing Specialist,United Kingdom,Birmingham,Checking,10/10/2015,3735,0,Low,8,0,0.00%,"3,579.57",447.45
CUST01293,Noor Davis,62,Female,Customer Support Rep,United Kingdom,Birmingham,Checking,03/01/2021,1823,0,Low,5,0,0.00%,"1,003.08",200.62
CUST01294,John Thomas,31,Male,Chef,Nigeria,Abuja,Business,02/07/2017,3104,0,Medium,5,0,0.00%,817.12,163.42
CUST01295,Steven Haddad,26,Male,Student,Germany,Munich,Premium,29/12/2019,2194,0,Medium,2,0,0.00%,89.29,44.65
CUST01296,Aoife Moore,29,Female,Student,South Africa,Cape Town,Checking,03/02/2018,2888,0,Low,1,0,0.00%,56.44,56.44
CUST01297,Jonathan Harris,35,Male,Customer Support Rep,Japan,Yokohama,Checking,29/10/2018,2620,0,Low,3,0,0.00%,413.33,137.78
CUST01298,Laura Hernandez,38,Female,Accountant,Canada,Toronto,Savings,26/02/2019,2500,0,Medium,7,0,0.00%,405.87,57.98
CUST01299,Jacob Martinez,53,Male,Physician,United Kingdom,Leeds,Checking,28/05/2019,2409,0,Medium,5,1,20.00%,"3,480.41",696.08
CUST01300,Rebecca King,33,Female,Project Manager,Japan,Nagoya,Business,13/10/2016,3366,0,Low,3,0,0.00%,446.67,148.89
CUST01301,Eric Wang,55,Male,Customer Support Rep,Spain,Madrid,Checking,20/04/2022,1351,0,Medium,5,0,0.00%,332.49,66.5
CUST01302,Gary Taylor,61,Male,Student,France,Paris,Checking,18/02/2016,3604,0,Low,3,0,0.00%,245.23,81.74
CUST01303,Luca Lee,52,Male,Data Analyst,Italy,Naples,Savings,01/08/2013,4535,0,Low,3,0,0.00%,906.76,302.25
CUST01304,Laura Anderson,18,Female,Nurse,Germany,Frankfurt,Checking,05/07/2017,3101,0,Low,2,0,0.00%,111.32,55.66
CUST01305,Jessica Mitchell,18,Female,Small Business Owner,United States,Seattle,Savings,08/07/2020,2002,0,Low,5,0,0.00%,509.98,102
CUST01306,Christopher Jackson,39,Male,Operations Manager,United Kingdom,Leeds,Savings,11/03/2019,2487,0,Low,7,0,0.00%,736.16,105.17
CUST01307,Donna Ramirez,33,Female,Graphic Designer,Mexico,Monterrey,Premium,09/06/2018,2762,1,High,3,0,0.00%,396.46,132.15
CUST01308,Elizabeth Garcia,45,Female,Electrician,Mexico,Guadalajara,Checking,29/06/2017,3107,0,Low,6,0,0.00%,644.51,107.42
CUST01309,George Carter,44,Male,Retail Manager,India,Hyderabad,Savings,07/06/2022,1303,0,Low,4,0,0.00%,377.51,94.38
CUST01310,Amy Ali,56,Female,Real Estate Agent,United States,Boston,Savings,01/04/2022,1370,0,Low,9,0,0.00%,"1,574.82",174.98
CUST01311,Ivan Chen,18,Male,Lawyer,France,Lyon,Checking,28/10/2013,4447,0,Low,5,0,0.00%,"2,721.75",544.35
CUST01312,Sofia Khan,33,Female,Retired,Mexico,Guadalajara,Checking,04/09/2016,3405,0,Low,4,0,0.00%,378.46,94.62
CUST01313,Michael Flores,18,Male,Data Analyst,United States,Los Angeles,Savings,12/09/2016,3397,0,Medium,5,0,0.00%,405.28,81.06
CUST01314,Samuel Botha,67,Male,Project Manager,Singapore,Singapore,Savings,08/03/2013,4681,0,Low,4,1,25.00%,757.62,189.41
CUST01315,Nicholas Santos,33,Male,Plumber,United Kingdom,London,Checking,28/07/2022,1252,0,Medium,4,0,0.00%,828.52,207.13
CUST01316,Patricia Scott,35,Female,Operations Manager,India,Delhi,Premium,03/03/2021,1764,0,Low,4,0,0.00%,"1,231.65",307.91
CUST01317,Anastasia Khan,45,Female,Accountant,United Kingdom,Leeds,Savings,11/02/2017,3245,0,Low,7,0,0.00%,"1,218.33",174.05
CUST01318,Fatima Williams,34,Female,Consultant,Poland,Krakow,Checking,23/11/2021,1499,0,Low,4,0,0.00%,"1,085.69",271.42
CUST01319,Carol Carter,55,Female,Financial Analyst,Singapore,Singapore,Business,20/08/2022,1229,0,High,5,0,0.00%,508.93,101.79
CUST01320,Donna Jackson,53,Female,Graphic Designer,United States,Phoenix,Premium,22/04/2015,3906,0,Low,2,0,0.00%,113.14,56.57
CUST01321,Jeffrey Perez,29,Male,Teacher,India,Hyderabad,Business,21/02/2013,4696,0,Medium,10,1,10.00%,"3,393.23",339.32
CUST01322,John Hill,45,Male,Lawyer,Australia,Sydney,Checking,01/05/2020,2070,0,Low,7,0,0.00%,"1,839.05",262.72
CUST01323,Emily Carter,48,Female,Customer Support Rep,Germany,Berlin,Checking,04/05/2023,972,0,Low,6,1,16.70%,"1,280.30",213.38
CUST01324,Anastasia Walker,52,Female,Retail Manager,Germany,Hamburg,Business,10/04/2013,4648,0,Low,2,0,0.00%,79.82,39.91
CUST01325,Gary Okafor,44,Male,Electrician,United States,Los Angeles,Business,28/06/2018,2743,1,High,3,0,0.00%,160.42,53.47
CUST01326,Patricia Wright,18,Female,Data Analyst,Canada,Ottawa,Savings,07/05/2016,3525,0,Low,6,0,0.00%,"1,062.10",177.02
CUST01327,Valentina Taylor,55,Female,Small Business Owner,Japan,Nagoya,Checking,02/12/2018,2586,0,Low,1,0,0.00%,179.68,179.68
CUST01328,Betty Jackson,57,Female,Physician,United States,Chicago,Savings,24/02/2015,3963,0,Low,3,0,0.00%,186.43,62.14
CUST01329,Freya Ali,54,Female,Teacher,Spain,Madrid,Checking,22/10/2014,4088,0,Low,5,1,20.00%,"1,696.84",339.37
CUST01330,Donna Perez,44,Female,Software Engineer,United States,New York,Savings,14/06/2013,4583,0,Medium,8,0,0.00%,"1,613.19",201.65
CUST01331,Andrew Carter,34,Male,Physician,Singapore,Singapore,Premium,11/05/2017,3156,0,Low,4,0,0.00%,559.77,139.94
CUST01332,Daniel Park,21,Male,Project Manager,France,Paris,Checking,19/07/2020,1991,0,Low,3,0,0.00%,102.18,34.06
CUST01333,Sarah Mensah,38,Female,Financial Analyst,Canada,Calgary,Savings,22/07/2021,1623,0,Low,7,1,14.30%,"2,694.60",384.94
CUST01334,Carol Baker,56,Female,Pharmacist,Brazil,Brasilia,Savings,24/06/2015,3843,0,Low,4,0,0.00%,605.94,151.49
CUST01335,Hiroshi Adams,34,Male,Consultant,United States,Houston,Savings,06/10/2018,2643,0,Medium,6,0,0.00%,872.88,145.48
CUST01336,Rafael Moore,34,Male,Pharmacist,United States,New York,Checking,03/02/2017,3253,0,Low,6,0,0.00%,"1,280.09",213.35
CUST01337,Isabella Thompson,34,Female,Electrician,Canada,Ottawa,Savings,17/11/2013,4427,0,Low,9,0,0.00%,"2,265.73",251.75
CUST01338,Edward Park,53,Male,Accountant,United States,Los Angeles,Savings,17/11/2017,2966,1,High,4,1,25.00%,174.12,43.53
CUST01339,Sofia Khan,56,Female,Real Estate Agent,Brazil,Sao Paulo,Savings,18/12/2019,2205,0,Low,8,0,0.00%,"2,520.50",315.06
CUST01340,Benjamin Rivera,65,Male,Lawyer,Canada,Vancouver,Checking,05/07/2014,4197,0,Low,4,0,0.00%,682.38,170.6
CUST01341,Mary Thomas,52,Female,Chef,South Korea,Busan,Savings,03/06/2013,4594,0,Low,3,2,66.70%,176.44,58.81
CUST01342,Luca Williams,46,Male,Freelance Writer,United States,Phoenix,Premium,15/04/2016,3547,0,Low,8,0,0.00%,"2,828.09",353.51
CUST01343,William Hill,57,Male,Operations Manager,Japan,Osaka,Premium,17/04/2021,1719,0,Low,5,0,0.00%,"1,340.90",268.18
CUST01344,Jennifer Scott,48,Female,Retail Manager,Brazil,Rio de Janeiro,Premium,03/11/2023,789,0,Low,4,0,0.00%,705.48,176.37
CUST01345,Rebecca Anderson,22,Female,University Professor,South Korea,Busan,Checking,15/07/2017,3091,0,Low,6,0,0.00%,"1,357.10",226.18
CUST01346,Anthony Haddad,54,Male,Real Estate Agent,United States,Chicago,Savings,10/03/2023,1027,0,Low,4,0,0.00%,589.3,147.33
CUST01347,Sarah King,40,Female,Police Officer,Spain,Valencia,Checking,29/04/2014,4264,0,Low,7,1,14.30%,691.4,98.77
CUST01348,Yuki Scott,20,Female,Civil Engineer,Brazil,Sao Paulo,Savings,24/02/2016,3598,0,Medium,5,0,0.00%,"1,588.14",317.63
CUST01349,Isabella Mensah,46,Female,Plumber,United Kingdom,Edinburgh,Checking,24/11/2023,768,0,Low,3,0,0.00%,326.08,108.69
CUST01350,Valentina Miller,28,Female,University Professor,India,Bengaluru,Premium,26/01/2019,2531,0,Low,5,0,0.00%,941.97,188.39
CUST01351,Joseph Suzuki,18,Male,Chef,Nigeria,Abuja,Checking,13/11/2019,2240,0,Low,6,1,16.70%,"2,270.57",378.43
CUST01352,Diego Lewis,25,Male,Teacher,Canada,Montreal,Savings,15/08/2013,4521,0,Low,9,0,0.00%,"2,936.45",326.27
CUST01353,James Patel,38,Male,Civil Engineer,Spain,Barcelona,Checking,01/01/2023,1095,0,Low,3,0,0.00%,404.77,134.92
CUST01354,Layla Lewis,45,Female,Student,Spain,Barcelona,Checking,06/03/2013,4683,0,High,5,0,0.00%,"1,216.66",243.33
CUST01355,Daniel Nelson,49,Male,Small Business Owner,Japan,Tokyo,Checking,24/11/2016,3324,0,Low,7,0,0.00%,732.33,104.62
CUST01356,Ryan Brown,40,Male,Project Manager,United Kingdom,Birmingham,Checking,30/06/2014,4202,0,Low,5,0,0.00%,"1,110.86",222.17
CUST01357,Steven Baker,38,Male,Customer Support Rep,Mexico,Mexico City,Checking,15/09/2014,4125,0,Low,3,0,0.00%,"1,006.32",335.44
CUST01358,Elizabeth Khan,29,Female,Freelance Writer,India,Mumbai,Checking,27/11/2016,3321,0,Low,5,1,20.00%,"2,649.18",529.84
CUST01359,John Jones,34,Male,Lawyer,India,Bengaluru,Savings,09/12/2013,4405,0,Low,5,0,0.00%,"1,278.96",255.79
CUST01360,Thomas Davis,54,Male,Police Officer,Japan,Nagoya,Savings,22/04/2023,984,0,Low,8,1,12.50%,"1,777.01",222.13
CUST01361,Elizabeth Wilson,40,Female,Real Estate Agent,Spain,Madrid,Savings,25/08/2017,3050,0,Medium,3,0,0.00%,438.05,146.02
CUST01362,Rebecca Gonzalez,33,Female,Architect,Poland,Krakow,Checking,22/04/2021,1714,0,Low,2,1,50.00%,274.29,137.15
CUST01363,Amara Johnson,50,Female,Chef,United States,Miami,Premium,18/09/2018,2661,0,Medium,6,0,0.00%,321.36,53.56
CUST01364,Amara Gonzalez,32,Female,Consultant,Canada,Toronto,Savings,30/10/2018,2619,0,Low,3,0,0.00%,489.17,163.06
CUST01365,Susan Wilson,18,Female,Software Engineer,Brazil,Sao Paulo,Business,09/04/2017,3188,0,Medium,6,0,0.00%,694.13,115.69
CUST01366,Scott Taylor,33,Male,Pharmacist,United States,Phoenix,Premium,08/12/2019,2215,0,Medium,10,1,10.00%,"4,099.79",409.98
CUST01367,Cynthia White,39,Female,Marketing Specialist,United Kingdom,Manchester,Business,25/12/2014,4024,1,High,2,2,100.00%,181.1,90.55
CUST01368,Brandon Singh,40,Male,HR Manager,India,Bengaluru,Savings,06/06/2020,2034,0,Low,6,0,0.00%,"1,900.45",316.74
CUST01369,Karen Jackson,59,Female,Retail Manager,United States,Phoenix,Premium,25/02/2017,3231,0,Low,5,0,0.00%,"1,724.58",344.92
CUST01370,James Suzuki,22,Male,Project Manager,India,Delhi,Checking,12/04/2023,994,0,Low,3,0,0.00%,374.58,124.86
CUST01371,Freya Miller,37,Female,Electrician,United Arab Emirates,Abu Dhabi,Business,23/09/2021,1560,0,Low,4,0,0.00%,212.43,53.11
CUST01372,Margaret Rodriguez,46,Female,Consultant,United Kingdom,Manchester,Savings,06/06/2016,3495,0,High,5,0,0.00%,659.16,131.83
CUST01373,Amy Nelson,41,Female,University Professor,Mexico,Monterrey,Checking,28/07/2017,3078,0,High,5,0,0.00%,"2,080.25",416.05
CUST01374,Laura Nelson,52,Female,Graphic Designer,South Korea,Seoul,Checking,29/10/2018,2620,0,Low,10,0,0.00%,"2,363.38",236.34
CUST01375,Fatima Lewis,37,Female,Police Officer,United Arab Emirates,Dubai,Checking,03/10/2016,3376,0,Low,6,0,0.00%,479.1,79.85
CUST01376,Samuel Ramirez,34,Male,Marketing Specialist,Canada,Calgary,Business,07/09/2015,3768,0,Low,5,0,0.00%,"1,327.71",265.54
CUST01377,Hana Carter,25,Female,Civil Engineer,Poland,Krakow,Premium,08/11/2021,1514,0,Low,3,0,0.00%,"1,644.76",548.25
CUST01378,James Martinez,37,Male,Physician,United States,New York,Checking,12/09/2017,3032,0,Low,5,0,0.00%,566.57,113.31
CUST01379,Anthony Campbell,50,Male,Teacher,Germany,Berlin,Premium,08/09/2021,1575,0,Low,5,0,0.00%,593.83,118.77
CUST01380,Santiago King,42,Male,Retired,Japan,Osaka,Savings,10/02/2020,2151,0,Low,5,0,0.00%,579.25,115.85
CUST01381,Anthony Williams,58,Male,Graphic Designer,United States,Phoenix,Checking,15/09/2013,4490,0,Low,1,0,0.00%,83.21,83.21
CUST01382,Sarah Carter,23,Female,Pharmacist,Poland,Warsaw,Savings,15/02/2020,2146,0,Medium,5,1,20.00%,646.37,129.27
CUST01383,Steven Mitchell,58,Male,Operations Manager,India,Bengaluru,Premium,04/07/2016,3467,0,Low,12,0,0.00%,"5,983.61",498.63
CUST01384,Hana Singh,36,Female,Plumber,India,Mumbai,Savings,04/08/2022,1245,0,Low,7,0,0.00%,"2,132.89",304.7
CUST01385,Yuki Harris,31,Female,Civil Engineer,Brazil,Salvador,Checking,18/02/2016,3604,0,Low,4,0,0.00%,"1,555.42",388.86
CUST01386,Camila Young,32,Female,Police Officer,United States,New York,Business,13/05/2015,3885,0,Medium,2,0,0.00%,247.31,123.66
CUST01387,Larry Nguyen,37,Male,Operations Manager,Brazil,Rio de Janeiro,Checking,30/03/2020,2102,0,Low,7,1,14.30%,975.89,139.41
CUST01388,Kimberly Taylor,54,Female,University Professor,United States,Boston,Savings,28/07/2021,1617,0,Low,6,0,0.00%,"1,128.42",188.07
CUST01389,Yuki Rodriguez,37,Female,Graphic Designer,Australia,Perth,Savings,30/06/2015,3837,0,Low,1,0,0.00%,122.46,122.46
CUST01390,Deborah Silva,41,Female,HR Manager,Brazil,Salvador,Checking,29/11/2021,1493,0,Medium,6,1,16.70%,469.93,78.32
CUST01391,Ahmed Dubois,23,Male,Student,United Kingdom,Edinburgh,Savings,10/08/2018,2700,0,Medium,5,0,0.00%,567.3,113.46
CUST01392,Rafael Jones,46,Male,Civil Engineer,Australia,Melbourne,Checking,19/11/2013,4425,0,Medium,5,0,0.00%,444.93,88.99
CUST01393,Rebecca Ramirez,33,Female,Small Business Owner,Germany,Hamburg,Checking,14/12/2013,4400,0,Low,3,0,0.00%,"1,404.00",468
CUST01394,Kwame Mitchell,66,Male,Financial Analyst,Canada,Ottawa,Business,20/12/2022,1107,0,Low,3,0,0.00%,"1,316.67",438.89
CUST01395,Jacob Suzuki,76,Male,Physician,Spain,Madrid,Premium,16/05/2017,3151,1,High,8,2,25.00%,"1,224.55",153.07
CUST01396,Amanda Kumar,33,Female,Chef,Australia,Perth,Savings,26/01/2019,2531,0,Low,5,0,0.00%,310.49,62.1
CUST01397,Carol Wright,22,Female,Lawyer,Germany,Berlin,Checking,27/11/2021,1495,0,Medium,4,0,0.00%,"1,006.60",251.65
CUST01398,David Rivera,40,Male,Plumber,Canada,Toronto,Business,13/08/2020,1966,0,Low,7,0,0.00%,989.35,141.34
CUST01399,Valentina Hernandez,50,Female,Operations Manager,United States,Phoenix,Checking,12/07/2013,4555,0,Low,7,0,0.00%,"2,315.42",330.77
CUST01400,Ronald Jones,69,Male,Data Analyst,India,Delhi,Checking,05/03/2020,2127,0,Medium,12,0,0.00%,"2,556.29",213.02
CUST01401,Kevin Scott,33,Male,Civil Engineer,Australia,Melbourne,Business,01/05/2014,4262,0,Low,6,0,0.00%,758.3,126.38
CUST01402,Emily Johnson,34,Female,Freelance Writer,Australia,Brisbane,Savings,04/10/2020,1914,0,Low,7,1,14.30%,"2,905.19",415.03
CUST01403,Rebecca Kim,49,Female,Customer Support Rep,United States,New York,Business,17/08/2018,2693,0,Low,5,1,20.00%,647.98,129.6
CUST01404,Karen Patel,19,Female,Marketing Specialist,India,Delhi,Checking,23/10/2015,3722,0,Low,4,0,0.00%,627.28,156.82
CUST01405,Jonathan Okafor,50,Male,Freelance Writer,India,Chennai,Premium,26/10/2015,3719,0,Low,6,1,16.70%,"1,073.80",178.97
CUST01406,William Green,55,Male,University Professor,Canada,Vancouver,Checking,10/02/2019,2516,0,High,2,0,0.00%,196.1,98.05
CUST01407,Betty Khan,60,Female,Chef,Japan,Tokyo,Checking,20/09/2019,2294,0,Low,4,0,0.00%,"1,958.30",489.58
CUST01408,Michelle Johnson,31,Female,Retail Manager,United Kingdom,Birmingham,Checking,10/02/2020,2151,0,Low,6,0,0.00%,642.12,107.02
CUST01409,Pierre Kim,39,Male,Freelance Writer,Canada,Ottawa,Checking,23/07/2020,1987,0,Low,10,0,0.00%,"1,564.46",156.45
CUST01410,Sven Jones,44,Male,Police Officer,Singapore,Singapore,Checking,13/03/2022,1389,0,Low,2,0,0.00%,203.26,101.63
CUST01411,Olga Patel,47,Female,Lawyer,United States,Houston,Savings,13/04/2013,4645,0,Low,1,0,0.00%,379.79,379.79
CUST01412,Margaret Schmidt,57,Female,Nurse,Canada,Montreal,Premium,14/07/2017,3092,0,Medium,11,0,0.00%,"1,609.65",146.33
CUST01413,Michelle Lopez,48,Female,Graphic Designer,Australia,Sydney,Premium,08/05/2016,3524,0,Low,4,0,0.00%,373.31,93.33
CUST01414,Ahmed Rossi,39,Male,Software Engineer,Spain,Madrid,Business,08/09/2021,1575,0,Low,7,0,0.00%,"2,252.03",321.72
CUST01415,Donna Clark,33,Female,Marketing Specialist,United Arab Emirates,Abu Dhabi,Premium,10/07/2016,3461,0,Low,1,0,0.00%,88.61,88.61
CUST01416,Ronald Suzuki,48,Male,Software Engineer,South Korea,Seoul,Checking,03/04/2020,2098,0,Low,3,0,0.00%,261.35,87.12
CUST01417,Daniel Anderson,72,Male,Sales Manager,India,Hyderabad,Checking,25/03/2019,2473,0,High,2,0,0.00%,259.27,129.64
CUST01418,Mateo Clark,56,Male,Sales Manager,United States,Houston,Checking,12/06/2020,2028,0,Low,5,0,0.00%,"1,914.06",382.81
CUST01419,Priya Lee,50,Female,Architect,India,Hyderabad,Premium,22/05/2013,4606,0,Low,4,0,0.00%,428.4,107.1
CUST01420,Mohammed Ivanov,42,Male,Financial Analyst,France,Lyon,Savings,02/11/2023,790,0,Low,6,0,0.00%,588.77,98.13
CUST01421,Arjun Kim,43,Male,Architect,Germany,Munich,Premium,09/01/2018,2913,0,Low,10,1,10.00%,953.21,95.32
CUST01422,Fatima Ivanov,34,Female,Chef,United States,New York,Savings,27/08/2015,3779,0,Low,6,0,0.00%,627.6,104.6
CUST01423,Amy Hall,44,Female,Student,United States,Phoenix,Business,15/07/2019,2361,0,Low,3,0,0.00%,113.33,37.78
CUST01424,Lisa Wang,53,Female,Marketing Specialist,United States,Chicago,Savings,29/10/2013,4446,0,Low,5,0,0.00%,406.5,81.3
CUST01425,Jason White,47,Male,Student,Nigeria,Lagos,Savings,05/07/2019,2371,0,Low,7,0,0.00%,624.03,89.15
CUST01426,Santiago Lee,47,Male,Financial Analyst,Brazil,Brasilia,Checking,11/06/2016,3490,0,Low,4,0,0.00%,"1,041.12",260.28
CUST01427,Noor Ramirez,29,Female,Police Officer,Australia,Perth,Premium,23/04/2019,2444,0,Medium,5,1,20.00%,435.98,87.2
CUST01428,Deborah Martinez,42,Female,Freelance Writer,United States,Los Angeles,Checking,06/04/2018,2826,0,Low,7,0,0.00%,"2,091.00",298.71
CUST01429,Jacob Perez,34,Male,Financial Analyst,India,Delhi,Checking,31/03/2018,2832,1,High,6,2,33.30%,651.81,108.64
CUST01430,Raj Muller,44,Male,Lawyer,Mexico,Guadalajara,Checking,22/07/2015,3815,0,Low,1,0,0.00%,231.67,231.67
CUST01431,Robert Johnson,51,Male,Financial Analyst,Italy,Rome,Checking,20/12/2015,3664,0,Medium,3,0,0.00%,159.78,53.26
CUST01432,Luca Muller,28,Male,Retail Manager,India,Chennai,Checking,26/02/2023,1039,0,Low,6,0,0.00%,973.93,162.32
CUST01433,Aoife Khan,47,Female,Sales Manager,Brazil,Salvador,Checking,20/09/2014,4120,0,Low,5,0,0.00%,453.85,90.77
CUST01434,Kwame Williams,30,Male,Architect,United Arab Emirates,Dubai,Business,07/12/2021,1485,0,Low,8,2,25.00%,"1,376.85",172.11
CUST01435,Rebecca Perez,41,Female,Accountant,Canada,Toronto,Premium,28/04/2016,3534,0,Low,4,0,0.00%,261.24,65.31
CUST01436,Matthew Ramirez,49,Male,Student,Germany,Berlin,Savings,28/11/2013,4416,0,Medium,3,0,0.00%,153.41,51.14
CUST01437,Ahmed Miller,36,Male,Customer Support Rep,Canada,Ottawa,Savings,24/09/2016,3385,0,Low,4,0,0.00%,"1,348.07",337.02
CUST01438,Susan Roberts,56,Female,Student,United Kingdom,Birmingham,Premium,10/12/2018,2578,0,Low,6,0,0.00%,"1,855.76",309.29
CUST01439,Klaus Carter,31,Male,Freelance Writer,United Kingdom,Manchester,Business,03/07/2013,4564,0,Low,11,0,0.00%,"2,365.72",215.07
CUST01440,Margaret Lopez,36,Female,Software Engineer,United States,Miami,Savings,10/08/2023,874,0,Low,5,1,20.00%,"1,018.86",203.77
CUST01441,Anthony Rodriguez,40,Male,Marketing Specialist,France,Paris,Savings,25/12/2014,4024,0,Low,12,2,16.70%,"4,609.47",384.12
CUST01442,Noor Perez,39,Female,Teacher,Australia,Perth,Business,04/03/2018,2859,0,Low,4,0,0.00%,284.08,71.02
CUST01443,Justin Harris,29,Male,Architect,Australia,Melbourne,Premium,10/06/2013,4587,0,Low,9,1,11.10%,789.48,87.72
CUST01444,Jessica Robinson,30,Female,Civil Engineer,Japan,Tokyo,Checking,03/12/2019,2220,0,Low,7,2,28.60%,"1,808.79",258.4
CUST01445,Wei Green,32,Male,Software Engineer,France,Nice,Checking,14/07/2021,1631,0,Medium,2,0,0.00%,258.78,129.39
CUST01446,Arjun Scott,56,Male,Pharmacist,United States,Seattle,Premium,06/06/2023,939,0,Low,10,0,0.00%,"1,477.32",147.73
CUST01447,Kevin Silva,36,Male,Nurse,Brazil,Rio de Janeiro,Checking,04/02/2021,1791,0,Medium,8,0,0.00%,"2,646.73",330.84
CUST01448,Camila Roberts,52,Female,Real Estate Agent,United States,Chicago,Checking,12/03/2020,2120,0,Low,7,0,0.00%,"1,255.00",179.29
CUST01449,Grace Green,49,Female,University Professor,France,Nice,Checking,01/03/2023,1036,0,Low,9,0,0.00%,"2,175.78",241.75
CUST01450,Anastasia Ali,38,Female,Lawyer,India,Hyderabad,Business,26/09/2016,3383,0,Low,5,0,0.00%,314.26,62.85
CUST01451,Aoife Johnson,36,Female,Marketing Specialist,United States,New York,Checking,03/01/2017,3284,0,High,4,0,0.00%,978.13,244.53
CUST01452,Steven Kumar,42,Male,Freelance Writer,Mexico,Mexico City,Premium,20/12/2016,3298,0,Low,7,0,0.00%,"1,159.19",165.6
CUST01453,Eric Nguyen,30,Male,Civil Engineer,United Kingdom,Manchester,Checking,15/09/2019,2299,0,Medium,6,0,0.00%,954.94,159.16
CUST01454,Diego Khan,34,Male,Retired,France,Marseille,Checking,01/06/2022,1309,0,Low,6,0,0.00%,560.26,93.38
CUST01455,Zanele Garcia,38,Female,HR Manager,Netherlands,Rotterdam,Savings,26/08/2016,3414,0,Medium,8,1,12.50%,962.87,120.36
CUST01456,Sandra Nelson,29,Female,Consultant,Germany,Munich,Checking,11/08/2021,1603,0,Low,7,1,14.30%,"1,398.54",199.79
CUST01457,Sofia Young,44,Female,Operations Manager,United States,Houston,Savings,06/02/2017,3250,0,Low,8,1,12.50%,"3,719.79",464.97
CUST01458,Lisa Khan,46,Female,Pharmacist,India,Mumbai,Business,13/03/2023,1024,0,Low,2,0,0.00%,133.48,66.74
CUST01459,Anthony Miller,32,Male,Pharmacist,United States,Chicago,Checking,25/05/2013,4603,0,Low,3,0,0.00%,348.83,116.28
CUST01460,Brandon Okafor,41,Male,Customer Support Rep,Brazil,Rio de Janeiro,Savings,09/04/2021,1727,0,Low,10,0,0.00%,"8,615.32",861.53
CUST01461,Gary Flores,37,Male,Graphic Designer,United Kingdom,Manchester,Checking,04/03/2021,1763,0,Low,7,0,0.00%,748.95,106.99
CUST01462,Michelle Torres,44,Female,Project Manager,United Kingdom,Edinburgh,Savings,25/01/2013,4723,0,Low,5,0,0.00%,226.71,45.34
CUST01463,Sven Dubois,34,Male,Accountant,Singapore,Singapore,Savings,15/06/2019,2391,0,Low,4,0,0.00%,"1,012.12",253.03
CUST01464,Ryan Santos,42,Male,Architect,France,Nice,Checking,24/05/2015,3874,0,Low,5,0,0.00%,"1,592.49",318.5
CUST01465,Priya Williams,52,Female,Freelance Writer,United States,Miami,Checking,16/02/2019,2510,0,High,10,0,0.00%,"1,568.05",156.81
CUST01466,Michelle Park,19,Female,Sales Manager,United States,Chicago,Premium,13/01/2021,1813,0,Medium,7,0,0.00%,762.95,108.99
CUST01467,Joshua Carter,31,Male,Data Analyst,United States,Boston,Savings,11/02/2023,1054,0,Low,5,0,0.00%,"2,236.81",447.36
CUST01468,Margaret Martin,35,Female,Police Officer,Mexico,Mexico City,Business,15/11/2023,777,1,High,4,0,0.00%,746.21,186.55
CUST01469,Noor Mitchell,29,Female,Retail Manager,United Kingdom,Edinburgh,Premium,16/07/2013,4551,0,Low,4,1,25.00%,"2,087.42",521.86
CUST01470,Luca Mitchell,47,Male,Lawyer,United States,Boston,Savings,20/06/2020,2020,0,Low,8,0,0.00%,"1,909.92",238.74
CUST01471,Laura Jones,43,Female,Police Officer,United States,Los Angeles,Business,09/08/2019,2336,0,Low,5,1,20.00%,"4,331.49",866.3
CUST01472,Pierre Singh,49,Male,Financial Analyst,Canada,Montreal,Checking,16/03/2018,2847,0,Low,3,0,0.00%,458.58,152.86
CUST01473,Deborah Davis,27,Female,Pharmacist,Canada,Calgary,Checking,12/07/2013,4555,0,Medium,3,1,33.30%,"3,732.56","1,244.19"
CUST01474,Nicholas Jones,40,Male,Police Officer,Mexico,Guadalajara,Checking,04/11/2016,3344,0,Low,4,0,0.00%,"1,316.23",329.06
CUST01475,Hiroshi Jackson,27,Male,Financial Analyst,Mexico,Monterrey,Savings,24/10/2018,2625,0,Low,6,0,0.00%,"1,368.58",228.1
CUST01476,Steven Lee,36,Male,Software Engineer,Canada,Toronto,Checking,11/04/2015,3917,0,Low,7,0,0.00%,321.83,45.98
CUST01477,Stephanie Patel,34,Female,Student,France,Paris,Business,08/02/2018,2883,0,Low,6,0,0.00%,"1,071.41",178.57
CUST01478,Nancy Kumar,58,Female,Financial Analyst,United States,Phoenix,Checking,22/04/2018,2810,0,Medium,4,0,0.00%,674.86,168.72
CUST01479,Stephanie Flores,58,Female,Retired,Italy,Turin,Premium,25/06/2015,3842,0,Medium,8,0,0.00%,"2,318.96",289.87
CUST01480,Barbara Wilson,57,Female,Pharmacist,United States,Seattle,Savings,15/10/2014,4095,0,Medium,7,0,0.00%,"1,101.79",157.4
CUST01481,Layla Patel,48,Female,Student,United States,Phoenix,Premium,06/11/2023,786,0,Medium,4,0,0.00%,"1,871.27",467.82
CUST01482,Mary Gonzalez,59,Female,Accountant,United States,Miami,Savings,12/01/2018,2910,0,Low,3,0,0.00%,240.28,80.09
CUST01483,Ryan Perez,55,Male,Graphic Designer,India,Bengaluru,Savings,30/10/2021,1523,0,Medium,4,0,0.00%,244.06,61.02
CUST01484,Matthew Santos,18,Male,Nurse,United Kingdom,Edinburgh,Checking,24/07/2017,3082,0,Medium,8,0,0.00%,"1,655.84",206.98
CUST01485,John White,41,Male,Operations Manager,Nigeria,Lagos,Checking,04/01/2021,1822,0,Low,10,0,0.00%,"3,152.89",315.29
CUST01486,Cynthia Wilson,56,Female,University Professor,India,Delhi,Checking,10/01/2023,1086,0,Medium,9,0,0.00%,"2,168.85",240.98
CUST01487,Kenneth Rodriguez,42,Male,Consultant,India,Mumbai,Savings,09/05/2017,3158,0,Low,3,0,0.00%,423.72,141.24
CUST01488,Pierre Gonzalez,31,Male,Software Engineer,Canada,Toronto,Premium,08/12/2020,1849,0,Low,8,0,0.00%,"3,285.62",410.7
CUST01489,Brandon Garcia,44,Male,Nurse,Brazil,Rio de Janeiro,Savings,23/01/2018,2899,0,Low,7,0,0.00%,525.72,75.1
CUST01490,Jonathan Wright,57,Male,Police Officer,France,Nice,Premium,12/08/2018,2698,0,Low,6,0,0.00%,451.62,75.27
CUST01491,Amanda Mitchell,40,Female,Real Estate Agent,United States,Seattle,Checking,20/05/2020,2051,0,High,5,0,0.00%,532.13,106.43
CUST01492,Sofia Kim,47,Female,Lawyer,United Kingdom,Leeds,Premium,12/04/2023,994,0,Medium,10,0,0.00%,912.48,91.25
CUST01493,Hana Gonzalez,32,Female,Software Engineer,Brazil,Salvador,Checking,27/02/2014,4325,0,Medium,5,0,0.00%,625.25,125.05
CUST01494,Sarah Brown,37,Female,Architect,Australia,Sydney,Savings,05/03/2014,4319,0,Medium,4,0,0.00%,703.35,175.84
CUST01495,Zanele Young,27,Female,Physician,Canada,Calgary,Checking,26/12/2016,3292,0,Low,6,0,0.00%,"2,901.64",483.61
CUST01496,Aiko Chen,18,Female,Real Estate Agent,United Arab Emirates,Dubai,Checking,20/11/2023,772,0,Low,9,0,0.00%,"4,179.72",464.41
CUST01497,Carol Williams,25,Female,Pharmacist,United Kingdom,Birmingham,Business,15/02/2014,4337,0,Medium,8,1,12.50%,"1,185.21",148.15
CUST01498,Carol Khan,52,Female,Marketing Specialist,France,Nice,Savings,07/06/2019,2399,0,Low,7,0,0.00%,713.54,101.93
CUST01499,Melissa Kumar,43,Female,Police Officer,France,Nice,Checking,15/07/2016,3456,0,Low,4,0,0.00%,626.95,156.74
CUST01500,Noor Roberts,72,Female,Small Business Owner,United States,Houston,Business,08/12/2015,3676,0,Low,1,0,0.00%,31.15,31.15
CUST01501,Olga Santos,32,Female,Teacher,United States,Chicago,Savings,03/05/2018,2799,0,Low,5,0,0.00%,536.61,107.32
CUST01502,Carlos Okafor,40,Male,University Professor,Germany,Hamburg,Checking,13/01/2022,1448,0,Medium,2,0,0.00%,92.46,46.23
CUST01503,Priya Botha,35,Female,Marketing Specialist,Germany,Munich,Checking,19/07/2021,1626,0,Low,5,0,0.00%,969.7,193.94
CUST01504,Grace Lopez,35,Female,Nurse,India,Chennai,Savings,23/11/2015,3691,1,High,3,0,0.00%,484.16,161.39
CUST01505,Carol Roberts,36,Female,Freelance Writer,United States,Phoenix,Checking,13/06/2021,1662,0,High,8,0,0.00%,"1,346.60",168.33
CUST01506,Sofia Thomas,56,Female,Real Estate Agent,India,Delhi,Savings,28/07/2013,4539,0,Low,3,0,0.00%,"1,327.10",442.37
CUST01507,Barbara Nelson,33,Female,University Professor,France,Lyon,Business,21/06/2013,4576,0,High,4,0,0.00%,213.12,53.28
CUST01508,Elizabeth Baker,41,Female,Lawyer,France,Nice,Savings,02/08/2016,3438,0,Medium,3,0,0.00%,653.65,217.88
CUST01509,Sharon Robinson,34,Female,Marketing Specialist,Germany,Frankfurt,Checking,16/08/2022,1233,0,Low,7,0,0.00%,948.51,135.5
CUST01510,George Harris,43,Male,Retired,Australia,Sydney,Savings,30/06/2017,3106,0,Low,5,0,0.00%,357.45,71.49
CUST01511,Stephanie Smith,41,Female,Small Business Owner,Singapore,Singapore,Savings,21/04/2017,3176,0,Low,7,0,0.00%,"1,119.10",159.87
CUST01512,Sharon Green,24,Female,Freelance Writer,Netherlands,Rotterdam,Business,23/12/2014,4026,0,Low,7,1,14.30%,448.9,64.13
CUST01513,Mei Lewis,44,Female,Nurse,France,Nice,Checking,26/10/2023,797,0,Low,10,0,0.00%,"2,081.12",208.11
CUST01514,Christopher Nguyen,52,Male,Customer Support Rep,Germany,Munich,Savings,25/04/2018,2807,0,Low,6,0,0.00%,"1,238.59",206.43
CUST01515,Joshua Jackson,29,Male,Retired,France,Paris,Checking,15/03/2017,3213,0,Low,15,0,0.00%,"1,697.22",113.15
CUST01516,Grace Thomas,53,Female,Financial Analyst,Brazil,Salvador,Savings,04/11/2016,3344,0,High,4,0,0.00%,688.22,172.06
CUST01517,Mohammed Carter,40,Male,Teacher,Canada,Montreal,Checking,17/03/2022,1385,0,Medium,6,0,0.00%,568.16,94.69
CUST01518,Diego Lewis,18,Male,Student,Japan,Tokyo,Premium,26/07/2013,4541,0,Low,9,0,0.00%,"1,527.04",169.67
CUST01519,Eric Patel,36,Male,Small Business Owner,United Kingdom,Manchester,Savings,05/09/2023,848,0,Medium,4,0,0.00%,"1,080.90",270.23
CUST01520,Carlos Schmidt,50,Male,Physician,United States,Miami,Checking,15/07/2019,2361,0,Medium,9,0,0.00%,"1,612.23",179.14
CUST01521,Donna Harris,24,Female,Student,Australia,Perth,Checking,30/10/2022,1158,0,Medium,4,0,0.00%,848.02,212.01
CUST01522,Anastasia Miller,35,Female,University Professor,Brazil,Brasilia,Savings,15/10/2018,2634,0,High,9,0,0.00%,"2,161.69",240.19
CUST01523,Cynthia Dubois,31,Female,Small Business Owner,United Kingdom,Manchester,Checking,26/07/2021,1619,0,Low,4,0,0.00%,504.45,126.11
CUST01524,Layla Johnson,40,Female,Physician,Ireland,Dublin,Premium,24/04/2016,3538,0,Low,9,1,11.10%,814.48,90.5
CUST01525,Stephanie Kumar,61,Female,Real Estate Agent,Ireland,Dublin,Premium,15/07/2013,4552,0,Low,1,0,0.00%,144.54,144.54
CUST01526,Nicholas Thompson,49,Male,Teacher,Mexico,Mexico City,Savings,20/02/2018,2871,0,Low,6,0,0.00%,289.01,48.17
CUST01527,Karen Kim,18,Female,Marketing Specialist,United States,New York,Savings,03/08/2022,1246,0,Low,6,0,0.00%,626.29,104.38
CUST01528,Ahmed Thompson,43,Male,Pharmacist,India,Chennai,Savings,22/03/2015,3937,0,High,7,0,0.00%,"1,160.26",165.75
CUST01529,Sofia Lopez,31,Female,Freelance Writer,France,Nice,Premium,22/03/2014,4302,0,High,4,0,0.00%,356.03,89.01
CUST01530,Raj Khan,40,Male,Physician,Australia,Sydney,Checking,29/07/2022,1251,0,Medium,13,1,7.70%,"3,047.83",234.45
CUST01531,Wei Tanaka,46,Male,Marketing Specialist,Australia,Sydney,Checking,04/05/2017,3163,0,Low,3,0,0.00%,113.1,37.7
CUST01532,Kimberly Gonzalez,25,Female,Operations Manager,United Kingdom,Leeds,Savings,21/11/2021,1501,0,Medium,4,0,0.00%,907.48,226.87
CUST01533,Grace Singh,51,Female,Small Business Owner,United States,Chicago,Savings,21/10/2022,1167,0,Low,4,0,0.00%,"1,871.26",467.82
CUST01534,Yuki Park,33,Female,Graphic Designer,Netherlands,Rotterdam,Premium,21/10/2014,4089,0,Low,4,0,0.00%,"1,069.00",267.25
CUST01535,Arjun Park,47,Male,Operations Manager,South Korea,Busan,Savings,16/03/2023,1021,0,Medium,8,0,0.00%,"1,858.78",232.35
CUST01536,Aoife Thomas,54,Female,Freelance Writer,Germany,Munich,Checking,02/02/2013,4715,0,Low,4,0,0.00%,422.5,105.63
CUST01537,Chidi White,44,Male,Software Engineer,Germany,Hamburg,Savings,11/12/2014,4038,0,Low,3,0,0.00%,"1,746.29",582.1
CUST01538,Scott Clark,28,Male,Pharmacist,United States,Chicago,Savings,08/12/2022,1119,0,High,4,0,0.00%,498.86,124.72
CUST01539,Jennifer Hernandez,24,Female,Nurse,Japan,Yokohama,Savings,04/11/2019,2249,0,Low,4,0,0.00%,523.24,130.81
CUST01540,Hiroshi Smith,18,Male,Marketing Specialist,Australia,Brisbane,Checking,27/05/2023,949,0,High,7,1,14.30%,"2,118.62",302.66
CUST01541,Yuki Nguyen,36,Female,Real Estate Agent,United States,Boston,Checking,09/05/2022,1332,0,Medium,7,0,0.00%,909.65,129.95
CUST01542,Mei Rivera,28,Female,Architect,United States,Houston,Checking,16/03/2016,3577,0,Low,7,0,0.00%,"1,307.83",186.83
CUST01543,Ashley Jones,48,Female,Civil Engineer,Spain,Madrid,Premium,23/07/2020,1987,0,Low,6,0,0.00%,791.25,131.88
CUST01544,Thomas Okafor,49,Male,Civil Engineer,United States,Seattle,Premium,22/10/2020,1896,0,Medium,9,0,0.00%,"1,078.38",119.82
CUST01545,Elizabeth Okafor,41,Female,Financial Analyst,United Kingdom,Birmingham,Premium,22/08/2019,2323,0,Medium,8,0,0.00%,499.86,62.48
CUST01546,Gary Hernandez,59,Male,Financial Analyst,Nigeria,Abuja,Checking,17/05/2013,4611,0,Low,6,0,0.00%,465.13,77.52
CUST01547,Elizabeth Wright,49,Female,Pharmacist,United States,Houston,Checking,28/11/2015,3686,0,High,3,0,0.00%,"1,095.90",365.3
CUST01548,Aiko Lee,32,Female,Electrician,United States,Chicago,Premium,16/05/2020,2055,0,Low,8,0,0.00%,"1,095.93",136.99
CUST01549,Michael Young,43,Male,Accountant,Spain,Barcelona,Business,10/07/2022,1270,0,Low,3,0,0.00%,234.39,78.13
CUST01550,Laura Rodriguez,56,Female,Consultant,United States,Los Angeles,Checking,07/11/2019,2246,0,Low,3,0,0.00%,90.61,30.2
CUST01551,Karen Lewis,39,Female,Financial Analyst,India,Mumbai,Checking,27/10/2022,1161,0,Medium,2,0,0.00%,133.75,66.88
CUST01552,Stephanie Wilson,53,Female,Operations Manager,South Korea,Seoul,Checking,13/12/2021,1479,0,Low,6,0,0.00%,767.45,127.91
CUST01553,Anastasia Rossi,42,Female,Nurse,Germany,Frankfurt,Checking,24/01/2016,3629,0,Low,12,0,0.00%,"2,732.24",227.69
CUST01554,Kenneth Gonzalez,30,Male,Plumber,Canada,Toronto,Savings,02/01/2022,1459,0,Low,7,0,0.00%,924.88,132.13
CUST01555,Lisa Hall,29,Female,Operations Manager,United States,Miami,Premium,28/07/2018,2713,0,High,1,0,0.00%,901.6,901.6
CUST01556,Carlos Tanaka,59,Male,Student,United Kingdom,Manchester,Checking,18/07/2016,3453,0,Low,10,0,0.00%,"4,478.30",447.83
CUST01557,Luca Wright,26,Male,Teacher,Canada,Montreal,Savings,27/12/2015,3657,0,Low,2,0,0.00%,153.38,76.69
CUST01558,Laura Ivanov,44,Female,Graphic Designer,Canada,Calgary,Checking,14/12/2019,2209,0,Low,9,0,0.00%,"1,119.75",124.42
CUST01559,Kimberly Kumar,46,Female,HR Manager,United Kingdom,Manchester,Checking,30/06/2020,2010,0,Low,3,2,66.70%,"1,847.21",615.74
CUST01560,Kevin Chen,43,Male,Freelance Writer,Italy,Naples,Business,10/06/2014,4222,0,Medium,2,0,0.00%,169.94,84.97
CUST01561,Diego Walker,44,Male,Accountant,Australia,Melbourne,Savings,20/06/2017,3116,0,Low,9,0,0.00%,803.56,89.28
CUST01562,Freya Silva,32,Female,Operations Manager,United States,New York,Premium,16/02/2013,4701,0,Low,3,0,0.00%,439.42,146.47
CUST01563,Noor Moore,29,Female,Retail Manager,South Africa,Cape Town,Savings,22/02/2018,2869,0,Low,5,0,0.00%,601.76,120.35
CUST01564,Ingrid Thomas,21,Female,Lawyer,United States,New York,Checking,03/01/2017,3284,0,Medium,8,0,0.00%,"1,455.47",181.93
CUST01565,Mary Kumar,54,Female,Student,India,Hyderabad,Checking,07/07/2015,3830,0,Medium,6,1,16.70%,"2,367.33",394.56
CUST01566,Sofia Kim,72,Female,Real Estate Agent,Germany,Berlin,Checking,09/02/2017,3247,0,Low,7,0,0.00%,"1,743.58",249.08
CUST01567,Santiago Kim,50,Male,Plumber,United Kingdom,Manchester,Premium,16/12/2021,1476,0,Medium,6,0,0.00%,424.11,70.69
CUST01568,Aiko Rivera,41,Female,Teacher,United Kingdom,Edinburgh,Checking,13/05/2018,2789,0,Low,6,0,0.00%,672.13,112.02
CUST01569,Joseph Baker,30,Male,Police Officer,Canada,Vancouver,Savings,05/08/2014,4166,0,Medium,4,0,0.00%,"1,651.04",412.76
CUST01570,Jessica Nguyen,49,Female,Small Business Owner,United States,Boston,Checking,17/08/2020,1962,0,Low,5,0,0.00%,379.31,75.86
CUST01571,Raj Haddad,58,Male,Lawyer,United States,Houston,Premium,27/07/2013,4540,0,Low,7,0,0.00%,"1,349.89",192.84
CUST01572,Valentina Tanaka,43,Female,Customer Support Rep,France,Paris,Savings,06/06/2013,4591,0,Low,9,0,0.00%,"1,725.55",191.73
CUST01573,Fatima Davis,46,Female,Physician,Germany,Berlin,Savings,06/01/2017,3281,0,Low,6,1,16.70%,"1,748.54",291.42
CUST01574,Richard Smith,29,Male,Physician,Spain,Valencia,Savings,31/10/2021,1522,0,Low,2,0,0.00%,317.54,158.77
CUST01575,Ryan Rossi,61,Male,Civil Engineer,Mexico,Mexico City,Savings,26/12/2017,2927,0,Medium,7,0,0.00%,434.61,62.09
CUST01576,Joseph Rossi,36,Male,Software Engineer,United Kingdom,Manchester,Checking,17/04/2015,3911,0,Medium,6,0,0.00%,379.87,63.31
CUST01577,Edward Mitchell,45,Male,Small Business Owner,South Africa,Cape Town,Checking,12/02/2019,2514,0,Medium,9,0,0.00%,"2,068.50",229.83
CUST01578,Kimberly Wilson,49,Female,Chef,United Kingdom,Edinburgh,Checking,08/02/2022,1422,0,Low,5,0,0.00%,437.4,87.48
CUST01579,Mary Rivera,21,Female,Plumber,United Kingdom,Manchester,Checking,05/09/2022,1213,0,Low,6,0,0.00%,400.46,66.74
CUST01580,Edward Wang,34,Male,Retired,France,Marseille,Checking,25/10/2013,4450,1,High,5,0,0.00%,718.54,143.71
CUST01581,Priya Wright,57,Female,Nurse,Spain,Barcelona,Premium,08/06/2018,2763,0,Low,7,0,0.00%,"1,970.92",281.56
CUST01582,Aoife Taylor,30,Female,Consultant,Brazil,Salvador,Checking,17/04/2018,2815,0,Low,4,0,0.00%,566.73,141.68
CUST01583,Stephanie Taylor,55,Female,Nurse,United Kingdom,London,Checking,12/01/2015,4006,1,High,3,0,0.00%,328.63,109.54
CUST01584,Stephen Johnson,33,Male,Freelance Writer,United States,Houston,Premium,03/05/2023,973,0,Low,4,1,25.00%,502.15,125.54
CUST01585,Benjamin Johnson,45,Male,Electrician,France,Nice,Savings,03/09/2020,1945,0,Low,6,0,0.00%,512.27,85.38
CUST01586,Ryan Young,20,Male,Architect,Italy,Milan,Checking,28/09/2015,3747,0,Low,10,1,10.00%,"2,511.97",251.2
CUST01587,Klaus Anderson,48,Male,University Professor,United States,Phoenix,Premium,22/01/2016,3631,0,Low,3,0,0.00%,269.89,89.96
CUST01588,Margaret Schmidt,18,Female,Student,Japan,Tokyo,Premium,22/01/2016,3631,0,Low,4,0,0.00%,"1,091.19",272.8
CUST01589,Margaret Martin,51,Female,Marketing Specialist,Canada,Toronto,Premium,09/06/2022,1301,0,Low,2,0,0.00%,202.81,101.41
CUST01590,Anthony Jackson,56,Male,Electrician,France,Paris,Savings,02/01/2017,3285,0,Low,6,0,0.00%,424.98,70.83
CUST01591,Stephanie Chen,35,Female,HR Manager,United Arab Emirates,Abu Dhabi,Business,26/01/2016,3627,0,Low,5,0,0.00%,322.71,64.54
CUST01592,George Kumar,18,Male,Retail Manager,India,Mumbai,Business,15/03/2018,2848,0,Low,6,0,0.00%,"1,425.41",237.57
CUST01593,Joseph Wright,50,Male,Physician,Singapore,Singapore,Premium,06/05/2013,4622,0,Low,5,1,20.00%,612.5,122.5
CUST01594,Brian Miller,28,Male,Graphic Designer,United States,New York,Checking,30/11/2023,762,0,Low,6,0,0.00%,"2,294.68",382.45
CUST01595,Betty Torres,53,Female,Retail Manager,United States,Phoenix,Premium,24/09/2013,4481,0,Low,3,0,0.00%,590.08,196.69
CUST01596,Andrew Rossi,31,Male,Physician,India,Bengaluru,Checking,04/07/2020,2006,0,Low,5,0,0.00%,260.58,52.12
CUST01597,Isabella Okafor,38,Female,Freelance Writer,United Kingdom,Manchester,Business,16/03/2020,2116,0,Low,8,0,0.00%,957.22,119.65
CUST01598,Layla Kim,58,Female,Architect,United States,Seattle,Savings,01/04/2021,1735,0,Medium,6,0,0.00%,"1,806.63",301.11
CUST01599,Jason Lopez,43,Male,Plumber,Italy,Rome,Savings,16/06/2022,1294,0,High,5,0,0.00%,756.98,151.4
CUST01600,Jennifer Harris,28,Female,Civil Engineer,Japan,Nagoya,Checking,17/07/2013,4550,0,High,3,0,0.00%,363.76,121.25
CUST01601,Amara Baker,20,Female,Small Business Owner,France,Nice,Checking,21/05/2015,3877,0,Low,3,0,0.00%,580.04,193.35
CUST01602,Jennifer Taylor,31,Female,Civil Engineer,United States,Miami,Checking,30/09/2017,3014,0,Medium,9,1,11.10%,"2,058.39",228.71
CUST01603,Zanele Mensah,27,Female,Physician,United States,Seattle,Checking,22/11/2018,2596,0,Low,6,2,33.30%,"1,617.68",269.61
CUST01604,Ryan Rodriguez,28,Male,Retail Manager,Mexico,Guadalajara,Business,17/01/2018,2905,0,High,3,1,33.30%,"2,672.79",890.93
CUST01605,Patricia Perez,46,Female,Architect,Canada,Montreal,Checking,09/02/2016,3613,0,Medium,3,0,0.00%,218.2,72.73
CUST01606,Scott Davis,37,Male,Operations Manager,India,Delhi,Checking,13/08/2015,3793,0,Low,7,0,0.00%,"1,006.92",143.85
CUST01607,Larry Tanaka,53,Male,Accountant,Australia,Melbourne,Business,04/01/2019,2553,0,Low,7,0,0.00%,376.5,53.79
CUST01608,Klaus Roberts,29,Male,Lawyer,Canada,Ottawa,Savings,15/11/2020,1872,0,Low,9,1,11.10%,"1,940.77",215.64
CUST01609,Scott Ramirez,55,Male,Project Manager,Italy,Rome,Business,22/01/2014,4361,0,Medium,2,0,0.00%,675.48,337.74
CUST01610,Aiko Kim,29,Female,Financial Analyst,South Africa,Cape Town,Savings,12/05/2014,4251,0,Medium,6,0,0.00%,391.91,65.32
CUST01611,Freya Thomas,30,Female,Graphic Designer,United Kingdom,Manchester,Savings,30/05/2023,946,0,Low,4,0,0.00%,286.03,71.51
CUST01612,Raj Jackson,20,Male,Plumber,South Korea,Busan,Checking,09/07/2013,4558,0,Low,9,0,0.00%,"2,447.17",271.91
CUST01613,Linda Young,32,Female,Customer Support Rep,United States,Houston,Checking,04/12/2017,2949,0,Low,10,0,0.00%,"1,102.99",110.3
CUST01614,Camila Mitchell,41,Female,Consultant,Australia,Sydney,Premium,22/04/2013,4636,0,Medium,7,0,0.00%,510.23,72.89
CUST01615,Noor Moore,18,Female,Electrician,United Kingdom,Leeds,Premium,12/08/2020,1967,0,Low,8,0,0.00%,"1,628.54",203.57
CUST01616,Arjun Johnson,30,Male,Customer Support Rep,United States,Seattle,Premium,17/06/2021,1658,0,Low,6,0,0.00%,514.32,85.72
CUST01617,Andrew Williams,36,Male,Data Analyst,Netherlands,The Hague,Premium,09/03/2014,4315,0,Low,4,1,25.00%,283.95,70.99
CUST01618,Susan Carter,34,Female,Pharmacist,Germany,Frankfurt,Savings,01/03/2014,4323,0,High,3,0,0.00%,"1,143.58",381.19
CUST01619,Betty Khan,34,Female,Marketing Specialist,United Kingdom,Birmingham,Savings,27/11/2020,1860,0,Low,4,0,0.00%,236.86,59.22
CUST01620,Zanele Patel,48,Female,Sales Manager,Netherlands,Rotterdam,Checking,27/04/2021,1709,0,Low,6,0,0.00%,"2,039.81",339.97
CUST01621,Christopher Dubois,35,Male,Accountant,India,Chennai,Checking,19/11/2021,1503,0,High,7,0,0.00%,"1,459.48",208.5
CUST01622,Lisa Harris,27,Female,Project Manager,Spain,Barcelona,Checking,05/05/2013,4623,0,Low,6,0,0.00%,"1,428.43",238.07
CUST01623,Patricia Flores,36,Female,Graphic Designer,Australia,Melbourne,Savings,02/10/2014,4108,0,Low,4,0,0.00%,267.14,66.79
CUST01624,Elizabeth Jackson,24,Female,Accountant,United Kingdom,Edinburgh,Business,03/03/2021,1764,0,Medium,3,0,0.00%,242.07,80.69
CUST01625,Rebecca Gonzalez,55,Female,Retired,United Kingdom,Leeds,Business,19/05/2022,1322,0,Low,3,0,0.00%,573.01,191
CUST01626,Chioma Gonzalez,21,Female,Lawyer,United States,Miami,Business,09/09/2023,844,0,High,8,0,0.00%,"2,346.74",293.34
CUST01627,Kwame Garcia,41,Male,Sales Manager,United Kingdom,Manchester,Checking,14/04/2015,3914,0,Low,8,0,0.00%,803.7,100.46
CUST01628,Raj Johnson,30,Male,Operations Manager,France,Paris,Business,07/03/2013,4682,0,Low,4,0,0.00%,614.06,153.52
CUST01629,Amanda Hernandez,43,Female,Civil Engineer,Canada,Vancouver,Premium,14/07/2018,2727,0,Low,3,0,0.00%,650.25,216.75
CUST01630,Nancy Flores,31,Female,Consultant,United States,Boston,Checking,10/03/2022,1392,0,Medium,5,0,0.00%,"1,647.13",329.43
CUST01631,Kimberly Botha,52,Female,Nurse,United States,New York,Checking,02/09/2014,4138,1,High,1,0,0.00%,26.28,26.28
CUST01632,Susan Tanaka,30,Female,Plumber,Germany,Hamburg,Business,01/05/2022,1340,1,High,5,0,0.00%,331,66.2
CUST01633,Paul Kumar,28,Male,Lawyer,Germany,Munich,Savings,16/12/2019,2207,0,Medium,4,0,0.00%,479.17,119.79
CUST01634,Santiago Roberts,35,Male,Real Estate Agent,Netherlands,The Hague,Checking,10/09/2014,4130,0,Low,6,0,0.00%,784.96,130.83
CUST01635,Joseph Lewis,22,Male,Nurse,United States,Phoenix,Checking,30/11/2019,2223,0,Low,10,0,0.00%,"1,286.21",128.62
CUST01636,Ronald Hernandez,35,Male,Plumber,United Kingdom,London,Checking,20/02/2017,3236,0,Low,3,0,0.00%,425.3,141.77
CUST01637,George White,46,Male,Real Estate Agent,Germany,Hamburg,Checking,27/03/2022,1375,0,High,7,0,0.00%,"2,232.59",318.94
CUST01638,Amara Torres,45,Female,Physician,United States,Los Angeles,Checking,17/11/2020,1870,0,Low,2,0,0.00%,952.59,476.3
CUST01639,Emily Martinez,35,Female,Operations Manager,Spain,Madrid,Savings,04/04/2014,4289,0,Low,6,0,0.00%,549.04,91.51
CUST01640,Wei Jackson,26,Male,Consultant,Netherlands,Amsterdam,Checking,17/07/2019,2359,0,Low,4,0,0.00%,375.3,93.83
CUST01641,Priya Rodriguez,66,Female,Nurse,United States,Miami,Checking,27/02/2013,4690,0,Low,8,0,0.00%,"5,301.79",662.72
CUST01642,Brian Taylor,55,Male,Graphic Designer,Japan,Nagoya,Savings,19/12/2019,2204,0,Low,6,0,0.00%,325.52,54.25
CUST01643,Ahmed Chen,38,Male,Architect,United States,Seattle,Business,15/05/2022,1326,0,Low,6,0,0.00%,"6,440.78","1,073.46"
CUST01644,Ashley Roberts,29,Female,Electrician,United Kingdom,Leeds,Premium,06/05/2018,2796,0,Low,5,1,20.00%,994.99,199
CUST01645,Larry Robinson,53,Male,Lawyer,Italy,Rome,Savings,28/05/2017,3139,0,Low,2,0,0.00%,454.61,227.31
CUST01646,Thandiwe Lewis,33,Female,Student,France,Paris,Premium,13/04/2021,1723,0,Low,1,0,0.00%,162.37,162.37
CUST01647,Kofi Williams,46,Male,Physician,United States,Boston,Premium,07/03/2013,4682,0,Low,4,0,0.00%,"1,076.79",269.2
CUST01648,Rafael Hall,37,Male,Physician,Australia,Melbourne,Checking,12/08/2020,1967,0,Medium,4,1,25.00%,392.6,98.15
CUST01649,Freya Wang,49,Female,Marketing Specialist,Japan,Osaka,Savings,21/08/2014,4150,0,High,2,0,0.00%,232.61,116.31
CUST01650,Jessica Jackson,18,Female,Lawyer,France,Paris,Checking,11/02/2016,3611,0,High,5,0,0.00%,"1,866.36",373.27
CUST01651,Ahmed Wilson,23,Male,Real Estate Agent,United States,Los Angeles,Premium,28/07/2018,2713,0,Low,8,0,0.00%,"3,242.07",405.26
CUST01652,Patricia Jackson,53,Female,Physician,India,Delhi,Savings,13/01/2023,1083,0,Low,5,0,0.00%,"1,213.07",242.61
CUST01653,Kwame Wang,32,Male,Sales Manager,Australia,Melbourne,Savings,26/08/2018,2684,0,Low,7,0,0.00%,836.12,119.45
CUST01654,Grace Hill,42,Female,Retail Manager,Brazil,Salvador,Premium,26/10/2015,3719,0,Medium,8,2,25.00%,971.68,121.46
CUST01655,Grace Johnson,50,Female,Small Business Owner,Singapore,Singapore,Premium,04/03/2022,1398,0,Low,8,1,12.50%,"1,635.38",204.42
CUST01656,Chioma Thompson,41,Female,HR Manager,Australia,Melbourne,Savings,19/10/2023,804,0,Low,5,0,0.00%,"1,002.30",200.46
CUST01657,Santiago Ivanov,30,Male,Data Analyst,United States,Phoenix,Business,12/08/2013,4524,0,Low,3,0,0.00%,"1,054.69",351.56
CUST01658,Paul Kumar,30,Male,Police Officer,India,Delhi,Business,14/11/2020,1873,0,Low,4,1,25.00%,"1,046.27",261.57
CUST01659,Sarah Ramirez,35,Female,Lawyer,United States,New York,Premium,19/06/2021,1656,0,Medium,4,0,0.00%,597.51,149.38
CUST01660,Freya Martinez,42,Female,Customer Support Rep,Canada,Calgary,Checking,26/07/2018,2715,0,Low,11,0,0.00%,"2,535.21",230.47
CUST01661,Stephanie Perez,32,Female,Teacher,United Arab Emirates,Abu Dhabi,Checking,01/09/2016,3408,0,Low,1,0,0.00%,16.78,16.78
CUST01662,Richard Martinez,30,Male,Physician,Germany,Frankfurt,Premium,10/08/2023,874,0,Low,9,1,11.10%,"2,434.50",270.5
CUST01663,Richard Rodriguez,38,Male,Civil Engineer,Brazil,Sao Paulo,Savings,09/06/2015,3858,0,Medium,2,0,0.00%,135.32,67.66
CUST01664,Anthony Jones,32,Male,Marketing Specialist,South Korea,Busan,Premium,19/12/2022,1108,0,Low,7,0,0.00%,318.94,45.56
CUST01665,Olga Dubois,33,Female,Teacher,Nigeria,Lagos,Checking,23/05/2020,2048,0,Low,5,0,0.00%,"1,972.16",394.43
CUST01666,Timothy Torres,40,Male,Lawyer,India,Hyderabad,Checking,25/09/2021,1558,0,Low,6,1,16.70%,"4,394.40",732.4
CUST01667,Timothy Taylor,23,Male,Student,Singapore,Singapore,Checking,15/03/2020,2117,0,Low,11,0,0.00%,999.51,90.86
CUST01668,Susan Santos,68,Female,Operations Manager,France,Lyon,Savings,27/08/2023,857,0,Medium,7,0,0.00%,"1,329.23",189.89
CUST01669,Brandon Jones,62,Male,Small Business Owner,United States,Chicago,Business,22/03/2022,1380,0,Low,3,1,33.30%,514.06,171.35
CUST01670,Raj Lopez,25,Male,Student,Brazil,Rio de Janeiro,Checking,01/01/2014,4382,0,Low,5,0,0.00%,276.45,55.29
CUST01671,Karen Lee,54,Female,HR Manager,France,Marseille,Business,26/11/2018,2592,0,Low,6,0,0.00%,"1,461.28",243.55
CUST01672,Ronald Singh,40,Male,Teacher,Germany,Hamburg,Checking,28/03/2021,1739,0,Medium,5,1,20.00%,310.62,62.12
CUST01673,Elizabeth Martin,46,Female,Project Manager,Spain,Valencia,Business,05/05/2018,2797,0,Low,5,0,0.00%,561.12,112.22
CUST01674,Klaus Flores,37,Male,Data Analyst,Japan,Tokyo,Premium,29/04/2018,2803,0,Low,1,1,100.00%,10.92,10.92
CUST01675,Joshua Lee,35,Male,Accountant,Germany,Frankfurt,Checking,15/06/2017,3121,0,Low,12,0,0.00%,"1,135.55",94.63
CUST01676,Matthew Ivanov,42,Male,Financial Analyst,Canada,Calgary,Checking,18/01/2021,1808,0,Low,4,0,0.00%,416.47,104.12
CUST01677,Thomas Thomas,41,Male,Project Manager,United States,Boston,Savings,23/06/2023,922,0,Low,7,0,0.00%,"1,387.44",198.21
CUST01678,Jeffrey Taylor,30,Male,Chef,France,Marseille,Savings,04/03/2018,2859,0,Low,8,0,0.00%,631.44,78.93
CUST01679,Deborah Hernandez,36,Female,Real Estate Agent,Germany,Hamburg,Savings,31/03/2018,2832,0,Low,6,0,0.00%,"1,188.39",198.07
CUST01680,Isabella Garcia,60,Female,Architect,India,Mumbai,Savings,11/08/2015,3795,0,Low,8,1,12.50%,"1,525.24",190.66
CUST01681,Freya Johnson,43,Female,Sales Manager,United States,Los Angeles,Checking,29/08/2020,1950,0,Low,4,1,25.00%,682.9,170.73
CUST01682,Elizabeth Lewis,47,Female,Lawyer,Singapore,Singapore,Checking,01/06/2016,3500,0,Low,1,0,0.00%,96.68,96.68
CUST01683,Wei Park,22,Male,Plumber,United States,Boston,Checking,12/09/2022,1206,0,Low,3,0,0.00%,"1,236.75",412.25
CUST01684,Rebecca Singh,49,Female,Civil Engineer,Italy,Turin,Checking,26/03/2020,2106,0,Medium,6,1,16.70%,402.62,67.1
CUST01685,Benjamin Rossi,38,Male,Civil Engineer,United States,Boston,Savings,21/08/2022,1228,0,Medium,2,0,0.00%,45.55,22.78
CUST01686,Christopher Schmidt,50,Male,Sales Manager,United Arab Emirates,Sharjah,Checking,11/07/2021,1634,0,Low,5,1,20.00%,"1,962.67",392.53
CUST01687,Benjamin Carter,52,Male,Teacher,United States,Seattle,Savings,24/01/2015,3994,0,Medium,6,0,0.00%,751.42,125.24
CUST01688,John Ramirez,42,Male,University Professor,Australia,Sydney,Savings,27/03/2013,4662,0,Low,8,0,0.00%,"1,524.53",190.57
CUST01689,Andrew Thompson,28,Male,Accountant,Ireland,Dublin,Checking,22/02/2023,1043,0,Low,6,1,16.70%,956.86,159.48
CUST01690,Chidi Ali,25,Male,University Professor,Japan,Nagoya,Checking,13/01/2018,2909,0,Low,2,0,0.00%,116.91,58.46
CUST01691,Lisa Miller,48,Female,Accountant,India,Chennai,Savings,01/02/2020,2160,0,Low,7,0,0.00%,536.92,76.7
CUST01692,Anthony Hall,46,Male,Electrician,Ireland,Cork,Checking,03/08/2018,2707,0,Medium,7,0,0.00%,824.89,117.84
CUST01693,Grace Singh,43,Female,Physician,Brazil,Salvador,Premium,09/09/2014,4131,1,High,5,1,20.00%,712.67,142.53
CUST01694,Chioma Sanchez,39,Female,Accountant,United Kingdom,Leeds,Checking,02/01/2017,3285,0,Low,2,1,50.00%,538.91,269.46
CUST01695,Noor Green,36,Female,Software Engineer,South Korea,Seoul,Premium,12/11/2013,4432,0,Low,9,1,11.10%,814.25,90.47
CUST01696,Chidi Green,44,Male,Nurse,United Arab Emirates,Sharjah,Savings,13/05/2019,2424,0,Low,4,0,0.00%,664.97,166.24
CUST01697,Cynthia Taylor,50,Female,Pharmacist,Brazil,Salvador,Checking,02/10/2016,3377,0,Low,3,0,0.00%,284.09,94.7
CUST01698,Mark Harris,18,Male,Electrician,Japan,Osaka,Savings,07/03/2017,3221,0,Low,10,0,0.00%,"3,681.75",368.18
CUST01699,Anthony Johnson,39,Male,Physician,United Kingdom,Birmingham,Checking,27/09/2023,826,0,Low,8,0,0.00%,446.42,55.8
CUST01700,Arjun Thomas,55,Male,Student,Italy,Turin,Checking,23/08/2016,3417,0,Medium,7,1,14.30%,"1,938.94",276.99
CUST01701,Timothy Rivera,40,Male,Customer Support Rep,Poland,Krakow,Premium,20/01/2018,2902,0,Low,3,0,0.00%,178.21,59.4
CUST01702,Matthew Ivanov,29,Male,Electrician,Germany,Frankfurt,Checking,08/12/2021,1484,0,Low,5,0,0.00%,405.83,81.17
CUST01703,Ryan Carter,50,Male,Small Business Owner,United Kingdom,Edinburgh,Business,22/10/2016,3357,0,Low,10,0,0.00%,"1,592.90",159.29
CUST01704,Susan Lopez,50,Female,Operations Manager,Canada,Toronto,Savings,30/11/2022,1127,0,Low,5,0,0.00%,804.76,160.95
CUST01705,Laura Wilson,32,Female,Retail Manager,Germany,Berlin,Checking,25/10/2016,3354,0,Medium,5,0,0.00%,"1,841.14",368.23
CUST01706,Jennifer Nguyen,77,Female,University Professor,France,Nice,Checking,18/07/2021,1627,0,Medium,4,0,0.00%,301.96,75.49
CUST01707,Jason Anderson,28,Male,Civil Engineer,Germany,Hamburg,Checking,05/04/2013,4653,0,Medium,2,0,0.00%,104.22,52.11
CUST01708,Amy Chen,36,Female,Police Officer,United States,Miami,Checking,01/11/2023,791,0,Low,1,0,0.00%,114.83,114.83
CUST01709,Aiko Torres,57,Female,Financial Analyst,Australia,Brisbane,Checking,21/06/2020,2019,0,Low,7,0,0.00%,393.02,56.15
CUST01710,Laura Walker,34,Female,Software Engineer,Germany,Hamburg,Checking,22/07/2023,893,1,High,5,0,0.00%,"1,135.34",227.07
CUST01711,Ronald Suzuki,56,Male,Customer Support Rep,Japan,Yokohama,Business,29/02/2020,2132,0,Medium,8,1,12.50%,"2,449.77",306.22
CUST01712,Sharon Walker,67,Female,Data Analyst,Ireland,Cork,Checking,04/10/2021,1549,0,Low,5,0,0.00%,400.85,80.17
CUST01713,John Kumar,49,Male,Sales Manager,Nigeria,Abuja,Premium,03/10/2015,3742,0,Low,6,0,0.00%,890.59,148.43
CUST01714,Mei Lee,36,Female,Electrician,Ireland,Dublin,Checking,21/10/2022,1167,0,Low,6,0,0.00%,682.86,113.81
CUST01715,Joseph Patel,33,Male,Customer Support Rep,France,Marseille,Checking,13/07/2014,4189,0,Low,4,0,0.00%,"1,186.49",296.62
CUST01716,Betty Lopez,40,Female,Accountant,India,Mumbai,Premium,06/01/2019,2551,1,High,6,2,33.30%,"1,911.58",318.6
CUST01717,Karen Brown,30,Female,Architect,United Arab Emirates,Sharjah,Business,28/10/2017,2986,0,Low,7,0,0.00%,"1,765.30",252.19
CUST01718,Jason Brown,65,Male,Retired,France,Lyon,Checking,31/10/2018,2618,0,Low,7,0,0.00%,785.64,112.23
CUST01719,Lisa Walker,52,Female,Pharmacist,United States,Houston,Premium,03/08/2020,1976,0,Medium,3,0,0.00%,336.97,112.32
CUST01720,Noor Carter,46,Female,Freelance Writer,Spain,Barcelona,Checking,11/07/2016,3460,0,Medium,7,0,0.00%,645.66,92.24
CUST01721,Christopher Williams,48,Male,Pharmacist,United States,Los Angeles,Checking,04/09/2022,1214,0,Medium,6,0,0.00%,514.39,85.73
CUST01722,Susan Jackson,18,Female,Small Business Owner,Australia,Brisbane,Checking,20/11/2013,4424,0,Low,6,0,0.00%,"1,857.50",309.58
CUST01723,Kofi Campbell,35,Male,Police Officer,Germany,Munich,Checking,16/07/2019,2360,0,Low,3,0,0.00%,366.59,122.2
CUST01724,Laura Martinez,25,Female,Retail Manager,South Korea,Seoul,Savings,24/07/2021,1621,0,Low,4,0,0.00%,371.59,92.9
CUST01725,Brian Ali,54,Male,Operations Manager,United Kingdom,Manchester,Checking,26/11/2021,1496,0,Medium,7,1,14.30%,"2,098.62",299.8
CUST01726,Sofia Haddad,38,Female,Pharmacist,India,Hyderabad,Savings,02/05/2014,4261,1,High,9,2,22.20%,"1,629.00",181
CUST01727,Melissa Dubois,24,Female,Architect,Germany,Berlin,Savings,22/02/2022,1408,0,Low,5,0,0.00%,505.62,101.12
CUST01728,Joseph Harris,47,Male,Architect,Ireland,Dublin,Premium,28/11/2017,2955,1,High,8,1,12.50%,945.29,118.16
CUST01729,Karen Ramirez,36,Female,University Professor,United States,Seattle,Savings,19/08/2022,1230,0,Low,2,0,0.00%,"1,450.86",725.43
CUST01730,Thomas Lewis,43,Male,Accountant,Nigeria,Lagos,Checking,01/12/2020,1856,0,Low,7,0,0.00%,702.83,100.4
CUST01731,William Hall,59,Male,Student,United States,Phoenix,Checking,06/09/2018,2673,0,Low,3,0,0.00%,252.24,84.08
CUST01732,Stephen Kim,23,Male,Police Officer,Italy,Milan,Checking,11/02/2021,1784,0,Medium,3,0,0.00%,108.65,36.22
CUST01733,Aoife Scott,34,Female,Lawyer,Mexico,Mexico City,Checking,17/05/2017,3150,0,High,5,0,0.00%,"1,034.47",206.89
CUST01734,Nancy Clark,52,Female,Retired,France,Nice,Checking,22/01/2019,2535,0,Low,3,0,0.00%,297.26,99.09
CUST01735,Luca Wright,42,Male,Customer Support Rep,Australia,Brisbane,Business,07/12/2016,3311,0,Low,4,0,0.00%,774.55,193.64
CUST01736,Anthony Haddad,36,Male,Physician,France,Marseille,Savings,07/11/2013,4437,0,Low,5,0,0.00%,599.15,119.83
CUST01737,Daniel Jones,50,Male,HR Manager,United States,Phoenix,Savings,04/05/2017,3163,0,Low,8,0,0.00%,"1,982.42",247.8
CUST01738,Valentina Kim,30,Female,Physician,Italy,Turin,Business,02/08/2023,882,0,Low,6,0,0.00%,343.28,57.21
CUST01739,Sharon White,24,Female,Physician,United States,Houston,Checking,08/02/2023,1057,0,Low,6,0,0.00%,"1,266.56",211.09
CUST01740,Christopher Green,32,Male,Nurse,France,Paris,Business,07/05/2020,2064,0,Low,4,0,0.00%,967.85,241.96
CUST01741,Betty Muller,39,Female,Project Manager,Germany,Frankfurt,Checking,03/11/2013,4441,0,Low,8,0,0.00%,"1,396.78",174.6
CUST01742,Joshua Ramirez,66,Male,HR Manager,Germany,Munich,Savings,07/10/2022,1181,0,Medium,5,0,0.00%,"1,500.87",300.17
CUST01743,Hana Martinez,37,Female,Project Manager,Germany,Hamburg,Savings,08/04/2016,3554,0,Low,5,0,0.00%,231.83,46.37
CUST01744,Brian Sanchez,39,Male,Civil Engineer,Brazil,Sao Paulo,Business,02/12/2014,4047,0,Medium,6,0,0.00%,276.47,46.08
CUST01745,Kenneth Wang,44,Male,Nurse,Japan,Tokyo,Savings,04/11/2018,2614,0,Low,6,0,0.00%,828.74,138.12
CUST01746,Jason Walker,37,Male,Project Manager,South Africa,Johannesburg,Savings,21/09/2020,1927,1,High,4,0,0.00%,459.01,114.75
CUST01747,Olga Smith,39,Female,Police Officer,France,Nice,Checking,24/09/2020,1924,0,Medium,3,0,0.00%,456.03,152.01
CUST01748,Jennifer Park,18,Female,Police Officer,Japan,Tokyo,Savings,20/02/2020,2141,0,Low,4,0,0.00%,785.07,196.27
CUST01749,Richard Wang,28,Male,Retired,United States,Phoenix,Savings,02/11/2020,1885,0,Low,7,0,0.00%,778.7,111.24
CUST01750,William Mensah,44,Male,Freelance Writer,India,Bengaluru,Checking,20/05/2018,2782,0,Low,5,0,0.00%,850.29,170.06
CUST01751,Ahmed Ivanov,64,Male,Retail Manager,Canada,Toronto,Checking,19/06/2014,4213,0,High,2,0,0.00%,150.85,75.43
CUST01752,Patricia Lewis,48,Female,Teacher,United Kingdom,London,Checking,13/05/2022,1328,0,Low,8,0,0.00%,926.08,115.76
CUST01753,Ahmed Singh,18,Male,Marketing Specialist,United States,Chicago,Checking,07/12/2022,1120,0,Medium,4,0,0.00%,"1,103.51",275.88
CUST01754,Deborah Park,44,Female,Software Engineer,Japan,Tokyo,Checking,03/01/2021,1823,0,Low,2,0,0.00%,300.68,150.34
CUST01755,John Hill,49,Male,Accountant,Australia,Brisbane,Checking,24/03/2020,2108,0,Low,4,0,0.00%,"1,050.10",262.53
CUST01756,Stephanie Wright,64,Female,Student,India,Delhi,Business,19/07/2013,4548,0,Low,6,0,0.00%,"1,530.53",255.09
CUST01757,Thomas Green,22,Male,University Professor,Australia,Melbourne,Checking,23/06/2015,3844,0,Medium,6,0,0.00%,581.59,96.93
CUST01758,Laura Ali,65,Female,Real Estate Agent,Germany,Berlin,Savings,25/01/2018,2897,0,Low,2,0,0.00%,"2,869.75","1,434.88"
CUST01759,Sofia Rossi,29,Female,Financial Analyst,Japan,Yokohama,Checking,04/04/2015,3924,0,Low,4,0,0.00%,214.6,53.65
CUST01760,Andrew Nguyen,49,Male,Student,Germany,Berlin,Checking,18/12/2019,2205,0,Low,3,0,0.00%,370.55,123.52
CUST01761,Sofia Clark,55,Female,Student,India,Mumbai,Checking,29/01/2023,1067,0,Low,5,0,0.00%,328.35,65.67
CUST01762,James Ramirez,24,Male,Chef,United States,Miami,Checking,24/10/2021,1529,0,Low,8,0,0.00%,"1,077.21",134.65
CUST01763,Arjun Kim,38,Male,HR Manager,United Kingdom,Birmingham,Checking,24/05/2015,3874,0,Low,5,0,0.00%,600.02,120
CUST01764,Valentina Martin,43,Female,University Professor,India,Hyderabad,Checking,26/09/2022,1192,0,Low,1,0,0.00%,84.06,84.06
CUST01765,Ronald Roberts,23,Male,Chef,Japan,Osaka,Savings,05/03/2015,3954,0,Low,6,1,16.70%,"2,478.95",413.16
CUST01766,Ryan Perez,56,Male,Real Estate Agent,India,Bengaluru,Checking,01/04/2013,4657,0,Low,8,0,0.00%,796.91,99.61
CUST01767,Karen Muller,19,Female,Plumber,India,Mumbai,Premium,26/07/2015,3811,0,High,3,0,0.00%,419.74,139.91
CUST01768,Gary White,35,Male,Financial Analyst,India,Mumbai,Checking,31/07/2018,2710,0,Low,5,0,0.00%,"1,303.12",260.62
CUST01769,Andrew Thomas,39,Male,Police Officer,Canada,Ottawa,Business,23/12/2022,1104,0,Low,8,1,12.50%,"1,440.45",180.06
CUST01770,Edward Santos,19,Male,Electrician,Canada,Ottawa,Checking,06/03/2020,2126,0,Medium,3,0,0.00%,446.44,148.81
CUST01771,Richard Miller,56,Male,Pharmacist,Canada,Calgary,Premium,17/09/2015,3758,0,Low,3,0,0.00%,460.58,153.53
CUST01772,Anthony Kim,61,Male,Graphic Designer,Italy,Naples,Savings,24/12/2017,2929,0,Low,5,0,0.00%,442.97,88.59
CUST01773,Susan Miller,68,Female,Pharmacist,United States,Houston,Premium,02/03/2013,4687,0,Low,5,0,0.00%,530.94,106.19
CUST01774,Mateo Jones,40,Male,Project Manager,Canada,Montreal,Checking,30/03/2021,1737,0,Low,8,0,0.00%,"3,454.76",431.85
CUST01775,Paul Kim,18,Male,Lawyer,Japan,Nagoya,Checking,14/10/2022,1174,0,High,10,0,0.00%,"1,414.22",141.42
CUST01776,Grace Wright,39,Female,Retail Manager,India,Delhi,Premium,01/01/2022,1460,0,Low,6,0,0.00%,647.39,107.9
CUST01777,Joshua Torres,19,Male,Retired,France,Paris,Premium,11/11/2022,1146,0,Low,6,0,0.00%,804.81,134.14
CUST01778,Amara Dubois,27,Female,Retired,United States,Phoenix,Premium,11/05/2014,4252,0,Low,5,0,0.00%,641.59,128.32
CUST01779,Brian Rodriguez,47,Male,Graphic Designer,Singapore,Singapore,Checking,12/03/2020,2120,0,Low,4,0,0.00%,"3,682.17",920.54
CUST01780,James Schmidt,66,Male,Electrician,France,Marseille,Business,08/09/2023,845,0,Low,7,1,14.30%,"1,361.33",194.48
CUST01781,David Perez,53,Male,Real Estate Agent,Netherlands,Amsterdam,Premium,04/04/2017,3193,0,High,10,1,10.00%,"1,976.66",197.67
CUST01782,James Rossi,20,Male,University Professor,United States,Houston,Checking,15/08/2018,2695,0,Low,2,0,0.00%,526.43,263.22
CUST01783,Olga Nguyen,33,Female,Customer Support Rep,United Kingdom,Manchester,Premium,11/01/2018,2911,0,Low,5,0,0.00%,"1,065.58",213.12
CUST01784,Thandiwe Gonzalez,51,Female,Nurse,Canada,Montreal,Savings,27/11/2014,4052,0,Low,7,0,0.00%,"1,495.05",213.58
CUST01785,Luca Hall,30,Male,Data Analyst,India,Bengaluru,Savings,24/06/2016,3477,0,Low,11,1,9.10%,"2,974.45",270.4
CUST01786,James Rivera,58,Male,Small Business Owner,India,Bengaluru,Checking,03/12/2013,4411,0,Low,5,0,0.00%,231.06,46.21
CUST01787,Chioma Dubois,37,Female,Nurse,Germany,Frankfurt,Premium,25/03/2016,3568,0,Low,6,0,0.00%,713.63,118.94
CUST01788,Karen Chen,35,Female,University Professor,Mexico,Mexico City,Checking,11/07/2016,3460,0,Low,5,0,0.00%,762.86,152.57
CUST01789,Michael Young,24,Male,Project Manager,United States,Miami,Savings,21/11/2019,2232,0,High,3,0,0.00%,153.38,51.13
CUST01790,Rafael Carter,35,Male,Pharmacist,United States,Los Angeles,Checking,03/02/2013,4714,0,Medium,4,0,0.00%,359.42,89.86
CUST01791,Ingrid Ali,50,Female,Plumber,Japan,Osaka,Business,11/12/2020,1846,0,Low,6,0,0.00%,428.4,71.4
CUST01792,George Patel,34,Male,Project Manager,India,Chennai,Savings,27/04/2013,4631,0,Low,9,0,0.00%,"2,342.13",260.24
CUST01793,Robert Suzuki,23,Male,Student,Germany,Frankfurt,Savings,26/07/2014,4176,0,Medium,4,0,0.00%,438.28,109.57
CUST01794,Gary Haddad,38,Male,Operations Manager,Brazil,Brasilia,Savings,07/09/2020,1941,0,Low,6,0,0.00%,"1,370.54",228.42
CUST01795,Carlos Jackson,41,Male,Chef,Spain,Valencia,Business,27/03/2022,1375,0,Low,3,0,0.00%,481.42,160.47
CUST01796,Justin Lee,64,Male,Small Business Owner,United Arab Emirates,Abu Dhabi,Checking,08/09/2020,1940,0,Low,7,1,14.30%,575.86,82.27
CUST01797,Gary Garcia,25,Male,Civil Engineer,Brazil,Brasilia,Checking,30/08/2014,4141,0,Low,6,0,0.00%,"1,156.16",192.69
CUST01798,Kevin Smith,42,Male,Electrician,France,Marseille,Savings,07/07/2016,3464,0,Medium,8,0,0.00%,843.96,105.5
CUST01799,Thomas Hall,54,Male,Plumber,Canada,Montreal,Checking,11/02/2015,3976,0,Low,6,1,16.70%,"4,817.42",802.9
CUST01800,Thandiwe Mensah,56,Female,Sales Manager,France,Paris,Savings,03/12/2015,3681,0,Low,3,0,0.00%,"1,773.64",591.21
CUST01801,Margaret Singh,43,Female,Project Manager,United States,Los Angeles,Checking,28/08/2020,1951,0,Medium,9,0,0.00%,"1,225.84",136.2
CUST01802,Timothy Young,63,Male,Operations Manager,Brazil,Salvador,Premium,08/03/2019,2490,0,Low,1,0,0.00%,253.77,253.77
CUST01803,Emily Hill,53,Female,Architect,United States,Phoenix,Savings,23/12/2021,1469,0,Medium,4,0,0.00%,"1,312.55",328.14
CUST01804,Carol Moore,25,Female,Real Estate Agent,United Kingdom,Manchester,Savings,11/02/2021,1784,0,Low,5,0,0.00%,769.99,154
CUST01805,Michelle Flores,21,Female,Accountant,United Kingdom,Birmingham,Checking,25/07/2017,3081,0,Low,2,0,0.00%,91.36,45.68
CUST01806,Matthew Carter,55,Male,Operations Manager,Spain,Barcelona,Checking,04/11/2022,1153,0,Low,12,0,0.00%,"1,707.76",142.31
CUST01807,Brian Santos,18,Male,Police Officer,Brazil,Brasilia,Business,01/09/2018,2678,0,Low,1,0,0.00%,103.71,103.71
CUST01808,Jeffrey Muller,33,Male,Software Engineer,South Africa,Durban,Savings,16/08/2023,868,0,Low,5,0,0.00%,478.27,95.65
CUST01809,Pierre Moore,42,Male,Architect,India,Bengaluru,Premium,05/02/2015,3982,0,Low,9,0,0.00%,"1,035.12",115.01
CUST01810,Sarah Botha,66,Female,Plumber,Spain,Valencia,Premium,28/01/2014,4355,0,Low,10,1,10.00%,"7,387.05",738.71
CUST01811,Rebecca Taylor,19,Female,Lawyer,Nigeria,Lagos,Savings,24/09/2018,2655,0,Low,6,1,16.70%,"1,828.99",304.83
CUST01812,Amy Miller,53,Female,Accountant,Canada,Toronto,Savings,21/11/2020,1866,0,Low,5,0,0.00%,455.85,91.17
CUST01813,Amanda Gonzalez,40,Female,Customer Support Rep,Canada,Montreal,Checking,30/07/2017,3076,0,Low,4,0,0.00%,292.33,73.08
CUST01814,John Thomas,35,Male,Retired,United States,New York,Savings,20/01/2016,3633,0,Low,1,0,0.00%,117.08,117.08
CUST01815,Luca Silva,32,Male,Sales Manager,India,Delhi,Checking,18/11/2013,4426,0,Low,3,0,0.00%,947.55,315.85
CUST01816,Michelle Flores,27,Female,Retired,United States,New York,Premium,20/11/2014,4059,0,Medium,4,0,0.00%,999.2,249.8
CUST01817,Jessica Rodriguez,51,Female,Software Engineer,India,Delhi,Savings,23/02/2017,3233,0,Low,3,0,0.00%,903.18,301.06
CUST01818,Ashley Clark,53,Female,Nurse,United States,Boston,Savings,24/08/2023,860,0,Medium,1,1,100.00%,323.96,323.96
CUST01819,John Thomas,18,Male,Small Business Owner,United Kingdom,Edinburgh,Savings,30/06/2018,2741,0,Low,8,0,0.00%,577.42,72.18
CUST01820,Ingrid King,41,Female,Customer Support Rep,Italy,Turin,Checking,14/04/2014,4279,0,Medium,10,0,0.00%,"2,254.61",225.46
CUST01821,Christopher Williams,53,Male,Graphic Designer,France,Lyon,Savings,28/09/2014,4112,0,Low,7,0,0.00%,897.59,128.23
CUST01822,Stephen Botha,43,Male,Civil Engineer,Brazil,Salvador,Business,14/07/2018,2727,0,Low,4,0,0.00%,"2,656.13",664.03
CUST01823,Anastasia Silva,71,Female,Physician,Germany,Frankfurt,Checking,14/07/2019,2362,0,Medium,2,0,0.00%,113.83,56.92
CUST01824,Amy Wang,48,Female,Customer Support Rep,Brazil,Salvador,Checking,05/04/2022,1366,1,High,9,0,0.00%,"1,335.14",148.35
CUST01825,Scott Roberts,52,Male,Software Engineer,United States,Phoenix,Premium,16/07/2023,899,0,Low,6,0,0.00%,"1,064.64",177.44
CUST01826,Amara Khan,34,Female,Teacher,India,Bengaluru,Business,14/02/2013,4703,0,Low,8,0,0.00%,"2,535.94",316.99
CUST01827,Amy Scott,63,Female,Software Engineer,Canada,Vancouver,Checking,28/11/2019,2225,0,High,5,0,0.00%,577.9,115.58
CUST01828,Betty Hall,30,Female,Plumber,Brazil,Salvador,Savings,02/03/2018,2861,0,Low,6,0,0.00%,382.43,63.74
CUST01829,Melissa Haddad,61,Female,Consultant,France,Nice,Premium,25/11/2015,3689,0,Low,4,0,0.00%,366.11,91.53
CUST01830,Sven Hill,45,Male,Police Officer,Canada,Calgary,Checking,26/02/2023,1039,0,Low,6,0,0.00%,"1,168.59",194.77
CUST01831,Stephanie Schmidt,44,Female,Architect,France,Lyon,Business,17/06/2017,3119,0,Low,2,0,0.00%,441.41,220.71
CUST01832,Sofia Kim,40,Female,Financial Analyst,Brazil,Rio de Janeiro,Business,04/02/2016,3618,0,Low,4,0,0.00%,"1,307.64",326.91
CUST01833,Melissa Kim,38,Female,Accountant,Netherlands,Amsterdam,Savings,04/08/2023,880,0,Low,7,0,0.00%,"1,331.07",190.15
CUST01834,Richard Wilson,29,Male,Retail Manager,United States,Boston,Checking,16/04/2020,2085,0,Medium,6,0,0.00%,698.04,116.34
CUST01835,Hana Walker,44,Female,Nurse,Spain,Madrid,Checking,03/10/2015,3742,0,Low,7,0,0.00%,556.09,79.44
CUST01836,Laura Rodriguez,31,Female,Teacher,United States,Phoenix,Savings,21/08/2022,1228,1,High,2,0,0.00%,339.68,169.84
CUST01837,Cynthia Mitchell,47,Female,Architect,United Kingdom,London,Savings,25/07/2013,4542,0,Low,5,2,40.00%,"1,170.82",234.16
CUST01838,Jacob Carter,31,Male,Sales Manager,United States,Houston,Savings,22/09/2021,1561,0,Low,9,1,11.10%,"1,295.88",143.99
CUST01839,Joshua Lewis,28,Male,Civil Engineer,Japan,Osaka,Checking,20/01/2019,2537,0,Low,7,0,0.00%,523.2,74.74
CUST01840,Margaret Lopez,46,Female,Project Manager,United Kingdom,London,Savings,12/11/2016,3336,0,Low,8,0,0.00%,"1,655.83",206.98
CUST01841,Robert Moore,47,Male,Plumber,United States,New York,Checking,21/11/2019,2232,0,Low,2,0,0.00%,256.18,128.09
CUST01842,Elizabeth Baker,24,Female,Graphic Designer,India,Hyderabad,Savings,10/05/2018,2792,0,Low,4,0,0.00%,"1,999.74",499.94
CUST01843,Arjun Schmidt,30,Male,HR Manager,Brazil,Brasilia,Savings,03/12/2019,2220,0,Low,3,1,33.30%,"1,490.38",496.79
CUST01844,Sarah Rodriguez,37,Female,Chef,United Kingdom,Edinburgh,Checking,27/11/2016,3321,0,Low,2,1,50.00%,96.44,48.22
CUST01845,William Taylor,41,Male,Operations Manager,Germany,Frankfurt,Savings,15/10/2022,1173,0,Low,4,0,0.00%,395.15,98.79
CUST01846,Benjamin Botha,41,Male,Consultant,Italy,Rome,Checking,29/05/2021,1677,0,Medium,5,0,0.00%,307.4,61.48
CUST01847,Kwame Allen,18,Male,Lawyer,Netherlands,The Hague,Checking,28/11/2019,2225,0,Low,6,0,0.00%,998.33,166.39
CUST01848,Donna Martinez,39,Female,Data Analyst,France,Lyon,Checking,09/05/2014,4254,0,Low,3,0,0.00%,224.47,74.82
CUST01849,Michelle Kim,57,Female,Architect,United States,New York,Business,18/10/2017,2996,0,Low,5,0,0.00%,649.02,129.8
CUST01850,Nicholas King,52,Male,Pharmacist,United Kingdom,London,Checking,23/07/2023,892,0,Low,4,0,0.00%,284.03,71.01
CUST01851,George Davis,31,Male,Sales Manager,United States,Houston,Savings,14/10/2017,3000,0,Medium,7,0,0.00%,939.13,134.16
CUST01852,Pierre Davis,36,Male,Marketing Specialist,United Kingdom,Edinburgh,Checking,07/02/2023,1058,0,Low,6,0,0.00%,"1,262.25",210.38
CUST01853,Amara Jones,21,Female,Physician,Germany,Berlin,Checking,08/04/2013,4650,0,Medium,6,0,0.00%,"1,458.54",243.09
CUST01854,Barbara Okafor,36,Female,Retail Manager,Spain,Madrid,Savings,19/11/2020,1868,0,Low,7,0,0.00%,775.48,110.78
CUST01855,Eric Santos,23,Male,Marketing Specialist,Brazil,Brasilia,Savings,30/01/2019,2527,0,Medium,5,0,0.00%,896.05,179.21
CUST01856,Sandra Williams,18,Female,Police Officer,Ireland,Dublin,Checking,17/08/2023,867,0,Low,11,0,0.00%,"1,203.75",109.43
CUST01857,Ingrid Carter,23,Female,Real Estate Agent,Italy,Rome,Checking,21/09/2017,3023,0,Low,3,0,0.00%,343.82,114.61
CUST01858,Jason Taylor,35,Male,Electrician,India,Chennai,Savings,04/10/2017,3010,0,Low,3,0,0.00%,406.51,135.5
CUST01859,Mateo Mitchell,43,Male,Physician,Australia,Melbourne,Checking,27/01/2020,2165,0,Low,5,0,0.00%,306.25,61.25
CUST01860,Paul Lopez,54,Male,Project Manager,United Arab Emirates,Dubai,Savings,16/05/2021,1690,0,Medium,5,0,0.00%,882.46,176.49
CUST01861,Hana Park,27,Female,Project Manager,United States,New York,Checking,05/12/2014,4044,1,High,4,2,50.00%,492.36,123.09
CUST01862,Linda Martinez,40,Female,Teacher,Japan,Osaka,Premium,01/01/2019,2556,0,Low,5,1,20.00%,838.84,167.77
CUST01863,Timothy Young,18,Male,Small Business Owner,Australia,Melbourne,Checking,14/02/2017,3242,0,Low,7,0,0.00%,"2,630.13",375.73
CUST01864,Sofia Martinez,39,Female,Accountant,United States,Phoenix,Checking,25/05/2013,4603,0,Low,5,0,0.00%,451.96,90.39
CUST01865,Luca Rivera,33,Male,Plumber,Canada,Vancouver,Checking,12/12/2018,2576,0,Medium,2,1,50.00%,295.28,147.64
CUST01866,Thandiwe Okafor,26,Female,Small Business Owner,United States,Houston,Business,05/01/2018,2917,0,Medium,5,0,0.00%,408.17,81.63
CUST01867,Larry Santos,70,Male,Nurse,India,Mumbai,Checking,13/01/2020,2179,0,Low,4,0,0.00%,531.85,132.96
CUST01868,Amara Rossi,65,Female,Financial Analyst,United States,Los Angeles,Checking,21/08/2021,1593,0,Low,2,0,0.00%,136.04,68.02
CUST01869,Mei Robinson,53,Female,Small Business Owner,United States,Houston,Premium,18/07/2022,1262,0,Low,8,0,0.00%,"2,076.57",259.57
CUST01870,Karen Jones,42,Female,Marketing Specialist,Canada,Calgary,Checking,18/08/2016,3422,0,Low,5,1,20.00%,944.41,188.88
CUST01871,Patricia Silva,41,Female,Customer Support Rep,Mexico,Mexico City,Checking,20/11/2020,1867,0,Low,7,0,0.00%,822.47,117.5
CUST01872,Arjun Hernandez,25,Male,Teacher,South Africa,Cape Town,Savings,03/05/2014,4260,0,Low,12,0,0.00%,"1,612.86",134.41
CUST01873,Chidi Carter,47,Male,Lawyer,France,Nice,Checking,04/06/2023,941,0,Low,8,0,0.00%,"2,495.51",311.94
CUST01874,Hiroshi Singh,36,Male,Data Analyst,Mexico,Mexico City,Checking,06/07/2016,3465,0,High,4,0,0.00%,"1,165.31",291.33
CUST01875,Melissa Brown,44,Female,Police Officer,Canada,Ottawa,Savings,17/06/2015,3850,0,Medium,4,0,0.00%,546.46,136.62
CUST01876,Emily Ramirez,36,Female,Freelance Writer,Australia,Sydney,Savings,05/02/2020,2156,0,Low,5,0,0.00%,949.75,189.95
CUST01877,Sharon Davis,31,Female,Operations Manager,United States,Los Angeles,Checking,18/09/2017,3026,0,Low,8,0,0.00%,"2,522.92",315.37
CUST01878,Isabella Torres,45,Female,University Professor,Japan,Nagoya,Checking,02/03/2019,2496,0,Low,3,0,0.00%,279.55,93.18
CUST01879,Mei King,33,Female,Graphic Designer,United Arab Emirates,Abu Dhabi,Premium,05/09/2018,2674,0,Low,7,0,0.00%,856.86,122.41
CUST01880,Sarah Johnson,47,Female,Financial Analyst,Canada,Montreal,Checking,17/12/2022,1110,0,Low,3,0,0.00%,210.45,70.15
CUST01881,Donna Baker,75,Female,Project Manager,Canada,Calgary,Savings,27/06/2023,918,0,Low,7,0,0.00%,"1,642.89",234.7
CUST01882,Hiroshi Allen,44,Male,Operations Manager,India,Hyderabad,Business,13/10/2023,810,0,Low,5,0,0.00%,"2,033.39",406.68
CUST01883,Carol King,27,Female,University Professor,India,Delhi,Savings,11/12/2018,2577,0,Medium,4,1,25.00%,880.65,220.16
CUST01884,Gary Jones,36,Male,Physician,United Kingdom,Edinburgh,Business,07/10/2016,3372,0,Low,4,0,0.00%,563.16,140.79
CUST01885,John Hernandez,33,Male,Financial Analyst,Spain,Valencia,Savings,26/09/2017,3018,0,Low,2,0,0.00%,72.34,36.17
CUST01886,Matthew King,42,Male,Freelance Writer,Singapore,Singapore,Checking,03/01/2021,1823,0,Low,6,0,0.00%,"1,412.65",235.44
CUST01887,Raj Thompson,36,Male,Sales Manager,United States,New York,Savings,23/04/2021,1713,0,Low,4,0,0.00%,760.68,190.17
CUST01888,Carlos Santos,50,Male,University Professor,United States,Boston,Checking,01/06/2017,3135,0,Low,5,1,20.00%,"2,190.05",438.01
CUST01889,Sandra Davis,52,Female,Student,Nigeria,Abuja,Savings,12/01/2021,1814,1,High,5,0,0.00%,639.11,127.82
CUST01890,Melissa Botha,38,Female,Student,United States,New York,Business,09/03/2017,3219,0,Low,3,0,0.00%,450.79,150.26
CUST01891,Stephen Khan,51,Male,Nurse,Japan,Tokyo,Checking,06/04/2021,1730,0,Low,8,1,12.50%,717.28,89.66
CUST01892,Isabella Wang,52,Female,Accountant,Japan,Nagoya,Checking,05/02/2014,4347,0,Low,7,0,0.00%,"1,163.74",166.25
CUST01893,Benjamin Campbell,49,Male,Consultant,Australia,Perth,Premium,09/11/2013,4435,0,Medium,6,0,0.00%,662.16,110.36
CUST01894,Joshua Brown,49,Male,Graphic Designer,India,Bengaluru,Checking,03/06/2023,942,0,Low,4,1,25.00%,"1,935.56",483.89
CUST01895,Brandon Brown,31,Male,Nurse,United Kingdom,Leeds,Checking,19/07/2021,1626,0,Low,5,0,0.00%,237.45,47.49
CUST01896,Thandiwe Tanaka,36,Female,Operations Manager,Spain,Valencia,Checking,05/12/2015,3679,0,Medium,7,0,0.00%,770.81,110.12
CUST01897,Kwame Jones,32,Male,Real Estate Agent,Netherlands,The Hague,Savings,28/03/2022,1374,0,Low,6,0,0.00%,552.92,92.15
CUST01898,Barbara Martinez,44,Female,Police Officer,Brazil,Rio de Janeiro,Checking,31/07/2017,3075,0,Low,4,0,0.00%,"2,977.11",744.28
CUST01899,Freya Wang,67,Female,Data Analyst,United Kingdom,London,Savings,01/06/2014,4231,0,Medium,2,0,0.00%,51.68,25.84
CUST01900,Chioma Schmidt,30,Female,Real Estate Agent,Germany,Hamburg,Savings,13/05/2020,2058,0,Low,3,0,0.00%,"1,229.29",409.76
CUST01901,Donna Young,40,Female,Consultant,Singapore,Singapore,Premium,17/12/2014,4032,0,Low,6,0,0.00%,"1,276.01",212.67
CUST01902,Gary Green,53,Male,Retired,United Kingdom,London,Checking,24/02/2016,3598,0,Medium,8,1,12.50%,"2,475.22",309.4
CUST01903,Laura Campbell,42,Female,Accountant,United Arab Emirates,Abu Dhabi,Checking,20/08/2017,3055,0,Low,6,0,0.00%,755.43,125.91
CUST01904,Valentina Dubois,20,Female,Architect,United Kingdom,Manchester,Checking,20/11/2018,2598,0,Medium,4,0,0.00%,586.99,146.75
CUST01905,Arjun Taylor,37,Male,Police Officer,South Africa,Durban,Checking,04/03/2021,1763,0,High,3,0,0.00%,544.83,181.61
CUST01906,Brandon Moore,34,Male,Architect,Nigeria,Abuja,Checking,30/12/2014,4019,0,Low,4,0,0.00%,285.07,71.27
CUST01907,William Chen,35,Male,Electrician,United States,Chicago,Savings,17/06/2017,3119,0,Low,6,0,0.00%,"1,153.37",192.23
CUST01908,Margaret White,64,Female,Plumber,Italy,Turin,Checking,30/09/2023,823,0,Low,6,0,0.00%,"2,673.62",445.6
CUST01909,Pierre Okafor,53,Male,Student,Canada,Calgary,Checking,04/08/2015,3802,0,Low,8,0,0.00%,"1,783.74",222.97
CUST01910,Sharon Brown,49,Female,Student,Germany,Munich,Savings,06/02/2023,1059,0,Low,5,0,0.00%,687.56,137.51
CUST01911,Stephanie Kumar,40,Female,Physician,Canada,Vancouver,Checking,30/05/2019,2407,0,Low,2,0,0.00%,162.51,81.26
CUST01912,Joshua Thomas,36,Male,Consultant,Australia,Brisbane,Checking,15/04/2017,3182,0,Medium,6,0,0.00%,624.43,104.07
CUST01913,Diego Garcia,52,Male,Accountant,United Kingdom,Birmingham,Savings,08/04/2013,4650,0,Low,5,0,0.00%,"1,406.59",281.32
CUST01914,Jacob Singh,47,Male,Small Business Owner,Canada,Calgary,Savings,26/01/2016,3627,0,Low,4,0,0.00%,254.65,63.66
CUST01915,Klaus Tanaka,36,Male,Accountant,United States,Chicago,Savings,16/11/2013,4428,1,High,6,2,33.30%,784.92,130.82
CUST01916,Isabella Ivanov,35,Female,Lawyer,India,Bengaluru,Business,01/01/2019,2556,0,Medium,7,2,28.60%,"1,393.69",199.1
CUST01917,Kimberly Gonzalez,38,Female,Marketing Specialist,India,Bengaluru,Business,22/05/2018,2780,0,Low,13,0,0.00%,"1,690.53",130.04
CUST01918,Mei Tanaka,55,Female,University Professor,Spain,Barcelona,Checking,20/09/2020,1928,0,Low,6,0,0.00%,683.78,113.96
CUST01919,Matthew Jackson,67,Male,Teacher,United Arab Emirates,Sharjah,Business,09/01/2014,4374,0,Low,5,0,0.00%,778.1,155.62
CUST01920,Jonathan Scott,22,Male,Project Manager,United States,Seattle,Premium,21/10/2022,1167,0,Low,3,0,0.00%,204.05,68.02
CUST01921,Joshua Scott,40,Male,Retail Manager,Brazil,Salvador,Premium,30/05/2021,1676,0,Low,4,0,0.00%,446.16,111.54
CUST01922,Rafael King,22,Male,Architect,United Kingdom,London,Business,21/07/2013,4546,0,Low,1,0,0.00%,529.28,529.28
CUST01923,Richard Clark,20,Male,Data Analyst,Brazil,Rio de Janeiro,Checking,12/08/2023,872,0,Low,10,1,10.00%,"1,900.29",190.03
CUST01924,Mateo Botha,32,Male,Data Analyst,France,Lyon,Checking,05/11/2023,787,0,Low,5,0,0.00%,274.02,54.8
CUST01925,Deborah Clark,45,Female,Small Business Owner,United Kingdom,Leeds,Checking,20/02/2019,2506,0,Low,4,0,0.00%,202.28,50.57
CUST01926,Amy Nguyen,30,Female,Police Officer,Netherlands,Amsterdam,Premium,21/11/2015,3693,0,Low,5,0,0.00%,"1,361.45",272.29
CUST01927,Cynthia Singh,47,Female,Retail Manager,South Korea,Busan,Checking,12/12/2022,1115,0,Low,3,0,0.00%,200.41,66.8
CUST01928,Noor Anderson,58,Female,Physician,United States,Los Angeles,Checking,29/07/2015,3808,0,High,11,0,0.00%,"1,459.00",132.64
CUST01929,Carol Lee,18,Female,HR Manager,United States,Seattle,Savings,28/10/2020,1890,0,Low,5,0,0.00%,756.35,151.27
CUST01930,Isabella Martinez,45,Female,Student,Canada,Montreal,Business,30/11/2013,4414,0,Low,3,0,0.00%,188.74,62.91
CUST01931,Mohammed Suzuki,47,Male,Consultant,United Kingdom,Manchester,Checking,26/06/2014,4206,0,Low,6,0,0.00%,572.82,95.47
CUST01932,Camila Jones,38,Female,Pharmacist,Singapore,Singapore,Checking,28/02/2021,1767,0,Medium,9,0,0.00%,"1,349.81",149.98
CUST01933,Paul Sanchez,33,Male,Financial Analyst,Japan,Nagoya,Checking,22/03/2022,1380,0,Low,7,0,0.00%,"2,055.70",293.67
CUST01934,Eric Torres,47,Male,Sales Manager,Mexico,Mexico City,Business,19/10/2016,3360,0,Low,6,0,0.00%,"1,937.60",322.93
CUST01935,Noor Ramirez,32,Female,Software Engineer,Canada,Calgary,Checking,02/03/2023,1035,0,Low,2,0,0.00%,408.34,204.17
CUST01936,Aoife Thompson,18,Female,Teacher,Japan,Nagoya,Checking,16/03/2016,3577,0,Low,3,0,0.00%,257.53,85.84
CUST01937,Brandon Walker,47,Male,Pharmacist,Germany,Frankfurt,Checking,28/06/2018,2743,0,Low,3,1,33.30%,349.9,116.63
CUST01938,Michelle Robinson,47,Female,Plumber,United Kingdom,Birmingham,Checking,05/06/2016,3496,0,Medium,10,0,0.00%,"1,260.24",126.02
CUST01939,Rebecca Rivera,31,Female,Data Analyst,United Kingdom,Edinburgh,Business,09/08/2020,1970,0,Low,6,1,16.70%,853.51,142.25
CUST01940,Santiago Torres,35,Male,Electrician,Canada,Calgary,Premium,09/04/2020,2092,0,Low,8,0,0.00%,"1,416.52",177.07
CUST01941,Matthew Muller,26,Male,Consultant,Canada,Toronto,Checking,09/01/2020,2183,0,Low,3,0,0.00%,287.33,95.78
CUST01942,Thandiwe Dubois,32,Female,Customer Support Rep,United Kingdom,Edinburgh,Savings,07/03/2017,3221,0,Low,6,0,0.00%,"1,544.62",257.44
CUST01943,Joshua Wright,36,Male,HR Manager,Netherlands,Amsterdam,Checking,10/12/2013,4404,0,Low,5,0,0.00%,655.95,131.19
CUST01944,Justin Adams,24,Male,Financial Analyst,United Kingdom,Birmingham,Checking,23/04/2019,2444,0,Low,5,0,0.00%,352.07,70.41
CUST01945,Edward King,29,Male,Police Officer,United States,New York,Premium,28/11/2020,1859,0,Low,4,1,25.00%,301.91,75.48
CUST01946,Raj Garcia,34,Male,Small Business Owner,France,Nice,Checking,29/04/2019,2438,0,Low,7,1,14.30%,"2,251.21",321.6
CUST01947,Ingrid Clark,18,Female,Freelance Writer,United Kingdom,London,Savings,16/04/2013,4642,0,Medium,5,0,0.00%,443.74,88.75
CUST01948,Sarah Botha,49,Female,Software Engineer,United States,New York,Checking,03/12/2014,4046,0,Medium,5,0,0.00%,993.76,198.75
CUST01949,Amanda Rivera,50,Female,Freelance Writer,Canada,Ottawa,Checking,18/03/2023,1019,0,Low,6,0,0.00%,481.85,80.31
CUST01950,Deborah Park,18,Female,Civil Engineer,Germany,Munich,Checking,09/07/2014,4193,0,Low,7,0,0.00%,"1,831.09",261.58
CUST01951,Sandra Nguyen,46,Female,Operations Manager,United States,Chicago,Savings,15/09/2013,4490,0,Low,9,0,0.00%,"3,287.56",365.28
CUST01952,Justin Young,58,Male,Software Engineer,Mexico,Mexico City,Savings,09/06/2014,4223,1,High,2,1,50.00%,67.01,33.51
CUST01953,Susan Santos,47,Female,Lawyer,Japan,Nagoya,Checking,12/06/2023,933,0,Low,3,1,33.30%,318.76,106.25
CUST01954,Paul Young,30,Male,Teacher,Canada,Montreal,Savings,06/07/2015,3831,0,Low,4,0,0.00%,511.41,127.85
CUST01955,Valentina Kim,51,Female,Sales Manager,Mexico,Monterrey,Business,02/02/2014,4350,0,High,2,0,0.00%,173.94,86.97
CUST01956,David Santos,43,Male,Retired,United States,Miami,Savings,11/09/2023,842,1,High,9,2,22.20%,"1,046.16",116.24
CUST01957,Chioma Martin,54,Female,Nurse,United Kingdom,Leeds,Business,12/01/2015,4006,0,Low,6,0,0.00%,"1,877.57",312.93
CUST01958,Michelle Adams,37,Female,Electrician,Mexico,Monterrey,Checking,01/08/2015,3805,1,High,7,1,14.30%,"1,468.28",209.75
CUST01959,Anthony Gonzalez,48,Male,Financial Analyst,United States,Boston,Premium,12/09/2019,2302,0,Low,3,0,0.00%,267.45,89.15
CUST01960,Jeffrey Mensah,31,Male,Financial Analyst,India,Chennai,Checking,24/09/2020,1924,0,Low,11,0,0.00%,"2,264.06",205.82
CUST01961,Ashley Carter,27,Female,Software Engineer,United States,Boston,Checking,05/10/2015,3740,0,Low,7,1,14.30%,"1,727.21",246.74
CUST01962,Larry Wilson,57,Male,Chef,Germany,Munich,Savings,10/06/2017,3126,0,Low,3,0,0.00%,575.88,191.96
CUST01963,Paul Ali,18,Male,Physician,United States,Boston,Checking,09/08/2017,3066,0,High,7,1,14.30%,821.95,117.42
CUST01964,Christopher Hernandez,22,Male,Nurse,Italy,Milan,Checking,04/08/2021,1610,0,Low,9,0,0.00%,"1,177.52",130.84
CUST01965,Steven Hernandez,38,Male,Sales Manager,United States,Miami,Checking,02/01/2017,3285,0,Low,4,0,0.00%,852.63,213.16
CUST01966,Olga Robinson,56,Female,Teacher,South Korea,Busan,Savings,03/02/2021,1792,0,Low,4,0,0.00%,433.89,108.47
CUST01967,Karen Jones,48,Female,Consultant,Singapore,Singapore,Savings,23/02/2014,4329,1,High,11,1,9.10%,"1,066.96",97
CUST01968,Zanele Mensah,32,Female,Operations Manager,India,Chennai,Checking,20/10/2017,2994,0,Medium,3,0,0.00%,537.86,179.29
CUST01969,Ashley Adams,32,Female,Chef,Japan,Nagoya,Checking,24/02/2018,2867,0,Low,3,1,33.30%,334.75,111.58
CUST01970,Noor Hernandez,51,Female,Police Officer,United States,Los Angeles,Checking,23/02/2019,2503,0,Low,5,0,0.00%,635.8,127.16
CUST01971,Pierre Johnson,44,Male,Graphic Designer,Germany,Berlin,Checking,21/01/2022,1440,0,Low,5,0,0.00%,"1,380.88",276.18
CUST01972,Jessica Jones,18,Female,Plumber,India,Chennai,Checking,14/05/2018,2788,0,Low,4,0,0.00%,713.63,178.41
CUST01973,Fatima Moore,46,Female,Retired,South Africa,Durban,Savings,26/03/2019,2472,0,Low,6,0,0.00%,873.83,145.64
CUST01974,Ryan Nguyen,48,Male,Retired,Japan,Yokohama,Checking,22/01/2018,2900,0,Low,7,0,0.00%,"1,211.51",173.07
CUST01975,Olga Perez,39,Female,Sales Manager,Brazil,Brasilia,Savings,19/01/2018,2903,0,Medium,6,0,0.00%,763.9,127.32
CUST01976,Aoife Mitchell,55,Female,HR Manager,Australia,Brisbane,Premium,17/08/2018,2693,0,Low,5,0,0.00%,"1,432.22",286.44
CUST01977,Layla Moore,40,Female,Graphic Designer,Germany,Hamburg,Premium,23/10/2023,800,0,Medium,2,0,0.00%,87.27,43.64
CUST01978,Nicholas Rodriguez,50,Male,Software Engineer,France,Marseille,Checking,20/01/2016,3633,0,Low,2,0,0.00%,111.07,55.54
CUST01979,Ingrid Ivanov,68,Female,Consultant,Singapore,Singapore,Checking,27/03/2023,1010,0,Medium,7,0,0.00%,915,130.71
CUST01980,Elizabeth Hall,34,Female,Pharmacist,France,Lyon,Checking,20/01/2020,2172,0,Low,3,0,0.00%,132.98,44.33
CUST01981,Kimberly Torres,44,Female,Customer Support Rep,United States,Miami,Checking,14/05/2017,3153,0,Medium,8,0,0.00%,"1,256.79",157.1
CUST01982,Klaus Kim,18,Male,Police Officer,United States,Phoenix,Checking,17/08/2017,3058,0,Low,4,0,0.00%,"1,034.10",258.53
CUST01983,Elizabeth Martin,61,Female,Nurse,Australia,Melbourne,Premium,12/10/2020,1906,0,Low,6,0,0.00%,"1,814.93",302.49
CUST01984,Sarah Suzuki,42,Female,Project Manager,United States,Miami,Checking,20/03/2020,2112,0,Low,6,0,0.00%,503.3,83.88
CUST01985,Chioma Scott,60,Female,Operations Manager,France,Nice,Checking,28/07/2021,1617,0,Low,3,0,0.00%,279.68,93.23
CUST01986,Betty Lopez,32,Female,Police Officer,United Kingdom,Leeds,Savings,11/04/2022,1360,0,Low,5,0,0.00%,678.14,135.63
CUST01987,James Adams,24,Male,Accountant,India,Mumbai,Premium,20/05/2022,1321,0,Low,6,0,0.00%,"4,187.83",697.97
CUST01988,Hiroshi Schmidt,41,Male,Consultant,Germany,Frankfurt,Business,23/04/2018,2809,0,Low,5,0,0.00%,738.99,147.8
CUST01989,Edward Carter,30,Male,Freelance Writer,India,Chennai,Checking,01/01/2016,3652,0,High,7,0,0.00%,568.5,81.21
CUST01990,Jonathan Green,43,Male,HR Manager,Japan,Tokyo,Premium,06/01/2014,4377,0,Low,6,1,16.70%,432,72
CUST01991,Daniel Scott,25,Male,Student,South Africa,Johannesburg,Business,02/07/2014,4200,0,Low,4,0,0.00%,257.03,64.26
CUST01992,Ahmed Allen,69,Male,Real Estate Agent,Netherlands,Amsterdam,Savings,30/08/2017,3045,0,Low,6,0,0.00%,473.4,78.9
CUST01993,Lisa Brown,22,Female,University Professor,United States,Seattle,Checking,30/04/2014,4263,0,Low,1,0,0.00%,76.25,76.25
CUST01994,Noor Kumar,38,Female,Civil Engineer,Canada,Ottawa,Checking,23/08/2017,3052,0,High,4,0,0.00%,383.43,95.86
CUST01995,Margaret Carter,32,Female,Physician,United States,Chicago,Checking,15/06/2013,4582,0,Medium,5,0,0.00%,431.28,86.26
CUST01996,Jacob Campbell,18,Male,HR Manager,France,Lyon,Premium,10/11/2023,782,0,Low,6,0,0.00%,"1,046.79",174.47
CUST01997,Rafael Mitchell,20,Male,Police Officer,United Kingdom,Birmingham,Checking,13/04/2018,2819,0,Low,5,0,0.00%,"1,249.26",249.85
CUST01998,Jennifer Scott,46,Female,Pharmacist,United Kingdom,Edinburgh,Checking,15/06/2019,2391,1,High,6,1,16.70%,923.63,153.94
CUST01999,Emily Scott,37,Female,Pharmacist,India,Mumbai,Checking,03/07/2017,3103,0,Medium,5,0,0.00%,"1,065.39",213.08
CUST02000,Priya Ivanov,36,Female,Retail Manager,South Korea,Seoul,Checking,11/08/2018,2699,0,Low,3,0,0.00%,165.03,55.01
CUST02001,Ingrid Wilson,41,Female,Teacher,Australia,Brisbane,Checking,06/08/2023,878,0,Low,7,0,0.00%,"1,334.25",190.61
CUST02002,Aoife Thompson,39,Female,University Professor,India,Delhi,Checking,28/12/2022,1099,0,Low,7,0,0.00%,517.87,73.98
CUST02003,Linda Khan,49,Female,Pharmacist,South Africa,Durban,Checking,22/03/2023,1015,0,Medium,5,0,0.00%,452.54,90.51
CUST02004,Kimberly Harris,64,Female,Pharmacist,Japan,Tokyo,Checking,10/03/2020,2122,0,Low,4,0,0.00%,"1,488.98",372.25
CUST02005,Carol Perez,49,Female,Plumber,United States,Seattle,Savings,17/02/2018,2874,1,High,7,3,42.90%,"1,308.71",186.96
CUST02006,Laura Davis,39,Female,Accountant,Canada,Vancouver,Business,01/09/2014,4139,0,Low,6,0,0.00%,830.02,138.34
CUST02007,Kenneth Hernandez,51,Male,Graphic Designer,Poland,Krakow,Checking,03/06/2023,942,0,Low,6,0,0.00%,"1,397.25",232.88
CUST02008,Stephen Chen,32,Male,Graphic Designer,Germany,Berlin,Checking,06/06/2020,2034,0,Low,4,1,25.00%,304.57,76.14
CUST02009,George Muller,31,Male,Project Manager,Australia,Sydney,Checking,27/07/2017,3079,0,Medium,5,0,0.00%,566.36,113.27
CUST02010,Rafael Lopez,28,Male,Graphic Designer,Japan,Tokyo,Checking,02/11/2021,1520,0,Low,5,0,0.00%,682.88,136.58
CUST02011,Patricia Perez,45,Female,Operations Manager,United States,New York,Checking,25/06/2021,1650,0,Medium,4,0,0.00%,"2,176.28",544.07
CUST02012,Santiago Young,42,Male,Small Business Owner,Netherlands,The Hague,Savings,19/09/2016,3390,0,Medium,6,0,0.00%,986.63,164.44
CUST02013,Layla Taylor,41,Female,Small Business Owner,United Kingdom,London,Checking,01/09/2019,2313,0,Medium,6,0,0.00%,894.11,149.02
CUST02014,Thomas Haddad,29,Male,Consultant,United States,Miami,Savings,21/05/2021,1685,0,Medium,5,0,0.00%,"1,219.77",243.95
CUST02015,Anthony Thompson,41,Male,Small Business Owner,United States,Phoenix,Checking,05/02/2016,3617,0,Low,3,0,0.00%,642.87,214.29
CUST02016,Timothy Campbell,42,Male,Physician,United Kingdom,Leeds,Checking,17/11/2018,2601,0,High,4,0,0.00%,722.59,180.65
CUST02017,Nancy Jones,47,Female,Customer Support Rep,United States,Miami,Savings,05/03/2022,1397,0,Medium,3,0,0.00%,713.25,237.75
CUST02018,Ahmed Singh,31,Male,Physician,United Kingdom,Birmingham,Checking,05/08/2021,1609,0,Low,4,0,0.00%,165.62,41.41
CUST02019,Freya Wright,53,Female,Accountant,United Kingdom,Leeds,Checking,01/04/2015,3927,0,High,5,0,0.00%,"1,886.00",377.2
CUST02020,Andrew Jones,55,Male,Police Officer,Netherlands,Amsterdam,Savings,14/02/2018,2877,0,Medium,4,0,0.00%,478.63,119.66
CUST02021,Thomas Muller,18,Male,Project Manager,United States,Seattle,Checking,30/09/2019,2284,0,Low,4,0,0.00%,"1,359.15",339.79
CUST02022,Jennifer Adams,22,Female,Student,United States,Los Angeles,Checking,10/11/2016,3338,0,Medium,6,0,0.00%,853.26,142.21
CUST02023,Nancy Wang,54,Female,Retail Manager,Spain,Barcelona,Checking,22/02/2020,2139,0,Low,5,0,0.00%,"1,264.72",252.94
CUST02024,Rafael Rivera,59,Male,Small Business Owner,Mexico,Mexico City,Savings,07/09/2018,2672,0,Low,7,0,0.00%,"1,292.69",184.67
CUST02025,Cynthia Ivanov,54,Female,Project Manager,India,Hyderabad,Savings,18/02/2016,3604,0,Medium,5,1,20.00%,"2,265.70",453.14
CUST02026,Kwame Young,39,Male,Financial Analyst,India,Bengaluru,Checking,07/03/2017,3221,0,Low,5,0,0.00%,916.97,183.39
CUST02027,Michelle Garcia,34,Female,Police Officer,Canada,Vancouver,Checking,13/05/2015,3885,0,Medium,6,0,0.00%,318.82,53.14
CUST02028,Susan Wang,56,Female,Electrician,United States,Phoenix,Savings,22/03/2013,4667,0,Low,3,0,0.00%,306.14,102.05
CUST02029,Nancy Tanaka,62,Female,Graphic Designer,United States,Phoenix,Savings,23/12/2013,4391,0,Medium,7,1,14.30%,"2,106.49",300.93
CUST02030,Mei Sanchez,29,Female,Project Manager,Singapore,Singapore,Checking,18/06/2022,1292,0,Medium,7,0,0.00%,"1,761.42",251.63
CUST02031,Linda Lopez,51,Female,Small Business Owner,Germany,Munich,Savings,07/12/2014,4042,0,Medium,9,0,0.00%,866.96,96.33
CUST02032,Gary Smith,45,Male,Real Estate Agent,Spain,Madrid,Checking,03/09/2021,1580,0,Low,6,0,0.00%,563.88,93.98
CUST02033,William White,20,Male,Marketing Specialist,United Kingdom,Manchester,Checking,09/01/2019,2548,0,Medium,3,0,0.00%,256.97,85.66
CUST02034,Carlos Mensah,21,Male,University Professor,United States,Seattle,Savings,12/11/2023,780,0,Low,5,0,0.00%,596.24,119.25
CUST02035,Nicholas Okafor,34,Male,Real Estate Agent,United Kingdom,Edinburgh,Premium,31/01/2016,3622,0,Medium,5,0,0.00%,"2,171.11",434.22
CUST02036,Jason Muller,38,Male,Student,United Kingdom,Manchester,Savings,13/05/2015,3885,0,Low,7,0,0.00%,662.92,94.7
CUST02037,Brian Moore,45,Male,Lawyer,Germany,Frankfurt,Savings,06/11/2013,4438,0,Medium,4,1,25.00%,866.34,216.59
CUST02038,Sharon Patel,47,Female,Data Analyst,United States,Los Angeles,Checking,12/01/2020,2180,0,Medium,6,0,0.00%,"1,569.26",261.54
CUST02039,Anastasia Brown,44,Female,Marketing Specialist,France,Lyon,Checking,23/04/2015,3905,0,Low,4,0,0.00%,"1,160.39",290.1
CUST02040,Stephen Smith,62,Male,Architect,India,Hyderabad,Checking,29/06/2015,3838,0,Low,2,0,0.00%,334.21,167.11
CUST02041,Paul Moore,40,Male,Retail Manager,Australia,Melbourne,Checking,04/06/2023,941,0,Low,9,0,0.00%,"1,224.02",136
CUST02042,George Roberts,41,Male,Pharmacist,United Kingdom,Manchester,Savings,23/02/2019,2503,0,Medium,7,0,0.00%,"1,439.11",205.59
CUST02043,Carlos Dubois,51,Male,Teacher,Poland,Krakow,Checking,03/03/2013,4686,0,Low,4,0,0.00%,"1,537.15",384.29
CUST02044,Edward Suzuki,38,Male,Customer Support Rep,Ireland,Dublin,Business,15/09/2018,2664,0,Low,5,0,0.00%,990.06,198.01
CUST02045,Diego Gonzalez,56,Male,Pharmacist,United States,Miami,Savings,28/11/2014,4051,0,Low,4,0,0.00%,298.79,74.7
CUST02046,Thomas Santos,41,Male,Lawyer,Italy,Turin,Checking,16/10/2023,807,0,Low,3,0,0.00%,207,69
CUST02047,Rebecca Kumar,26,Female,Freelance Writer,United States,New York,Checking,10/07/2020,2000,0,Low,6,0,0.00%,736.87,122.81
CUST02048,Jessica Ali,49,Female,HR Manager,United Arab Emirates,Abu Dhabi,Premium,01/03/2015,3958,0,Low,8,1,12.50%,785.74,98.22
CUST02049,Larry Campbell,61,Male,Nurse,Singapore,Singapore,Checking,02/03/2019,2496,0,Low,5,0,0.00%,531.43,106.29
CUST02050,Carlos Hernandez,61,Male,Sales Manager,United Kingdom,London,Savings,21/02/2020,2140,0,Low,6,0,0.00%,423.2,70.53
CUST02051,Emily Sanchez,29,Female,HR Manager,Brazil,Salvador,Checking,16/01/2019,2541,0,Low,6,0,0.00%,612.04,102.01
CUST02052,Joseph Rossi,39,Male,Chef,Australia,Brisbane,Checking,11/05/2023,965,0,Low,8,0,0.00%,674.14,84.27
CUST02053,Emily Kumar,30,Female,Consultant,France,Marseille,Checking,28/04/2015,3900,0,Low,5,0,0.00%,803.51,160.7
CUST02054,Lisa Nguyen,18,Female,Physician,Italy,Turin,Checking,22/09/2023,831,0,Low,7,0,0.00%,"1,386.18",198.03
CUST02055,Robert Anderson,40,Male,Physician,France,Paris,Savings,17/12/2017,2936,0,Low,2,0,0.00%,162.32,81.16
CUST02056,William Park,33,Male,Nurse,United States,Chicago,Checking,09/10/2015,3736,0,Medium,7,0,0.00%,"1,724.37",246.34
CUST02057,Mateo Scott,21,Male,Physician,United States,Boston,Checking,11/03/2016,3582,0,Low,11,0,0.00%,"2,789.35",253.58
CUST02058,Noor Kim,40,Female,Project Manager,Japan,Nagoya,Savings,19/06/2023,926,0,Low,5,0,0.00%,448.44,89.69
CUST02059,Christopher Gonzalez,46,Male,Lawyer,Canada,Ottawa,Savings,14/10/2015,3731,0,Low,7,1,14.30%,"1,266.72",180.96
CUST02060,Layla Hill,25,Female,Electrician,United States,Miami,Checking,02/09/2023,851,0,Low,5,0,0.00%,886.49,177.3
CUST02061,Noor Hernandez,65,Female,Customer Support Rep,United Kingdom,Edinburgh,Checking,04/02/2013,4713,0,Low,1,0,0.00%,52.45,52.45
CUST02062,Andrew Hill,29,Male,Architect,India,Hyderabad,Business,15/11/2017,2968,0,Low,3,0,0.00%,157.49,52.5
CUST02063,Ivan Miller,73,Male,Physician,Netherlands,The Hague,Premium,13/08/2018,2697,0,Low,6,1,16.70%,800.98,133.5
CUST02064,Kimberly White,28,Female,Financial Analyst,United Kingdom,Leeds,Checking,22/05/2016,3510,0,Low,3,0,0.00%,"1,126.23",375.41
CUST02065,Matthew Torres,41,Male,Financial Analyst,United States,New York,Savings,10/05/2019,2427,0,Medium,3,0,0.00%,"1,001.36",333.79
CUST02066,Sofia Taylor,63,Female,Financial Analyst,United Kingdom,Birmingham,Savings,25/09/2018,2654,0,Low,6,0,0.00%,"1,203.82",200.64
CUST02067,Carol Gonzalez,66,Female,Marketing Specialist,Italy,Milan,Savings,19/09/2023,834,0,Low,3,0,0.00%,184.3,61.43
CUST02068,Samuel Torres,44,Male,Retired,Brazil,Salvador,Checking,29/04/2017,3168,0,Low,3,0,0.00%,309.84,103.28
CUST02069,Ingrid Roberts,46,Female,Retail Manager,Australia,Sydney,Checking,28/01/2020,2164,0,Low,7,0,0.00%,"1,068.06",152.58
CUST02070,Jacob Martin,49,Male,Chef,United Kingdom,Edinburgh,Checking,23/07/2021,1622,0,Medium,4,0,0.00%,248.83,62.21
CUST02071,Jason Allen,37,Male,Lawyer,Canada,Toronto,Business,05/07/2016,3466,0,Low,4,0,0.00%,705.07,176.27
CUST02072,Camila Rossi,19,Female,Data Analyst,United States,Seattle,Checking,27/12/2022,1100,0,Low,11,0,0.00%,"5,144.67",467.7
CUST02073,Deborah Hill,21,Female,Small Business Owner,Australia,Brisbane,Checking,09/11/2018,2609,0,Low,4,0,0.00%,377.41,94.35
CUST02074,Samuel Perez,64,Male,Architect,Germany,Frankfurt,Checking,02/08/2017,3073,0,Low,4,0,0.00%,724.31,181.08
CUST02075,Patricia Torres,24,Female,Data Analyst,United Kingdom,Edinburgh,Checking,15/04/2021,1721,0,High,3,0,0.00%,97.96,32.65
CUST02076,Stephanie Thomas,46,Female,Nurse,South Africa,Cape Town,Checking,21/06/2021,1654,0,Low,7,1,14.30%,"1,020.16",145.74
CUST02077,Joshua Thompson,40,Male,University Professor,United States,Chicago,Savings,27/04/2015,3901,0,Low,7,0,0.00%,854.46,122.07
CUST02078,Rebecca Okafor,21,Female,Electrician,Spain,Barcelona,Checking,30/06/2015,3837,0,Medium,3,0,0.00%,631.07,210.36
CUST02079,Kimberly Green,36,Female,Freelance Writer,Canada,Montreal,Checking,07/11/2016,3341,0,Low,7,1,14.30%,"1,108.73",158.39
CUST02080,Camila Green,44,Female,HR Manager,United Kingdom,Leeds,Savings,12/12/2017,2941,0,Low,2,0,0.00%,271.11,135.56
CUST02081,Fatima Muller,32,Female,Small Business Owner,United States,Boston,Premium,28/02/2022,1402,0,Low,5,0,0.00%,"2,138.43",427.69
CUST02082,Joshua Smith,56,Male,Data Analyst,India,Bengaluru,Savings,14/05/2015,3884,0,Low,2,0,0.00%,287.6,143.8
CUST02083,Rafael Gonzalez,63,Male,Lawyer,United States,Miami,Savings,25/03/2019,2473,0,Medium,4,0,0.00%,523.63,130.91
CUST02084,Amara Lewis,40,Female,Sales Manager,United States,Los Angeles,Checking,13/03/2017,3215,0,Low,5,0,0.00%,"1,687.38",337.48
CUST02085,Michael Adams,18,Male,Architect,United States,Houston,Savings,20/01/2022,1441,0,Low,3,1,33.30%,273.73,91.24
CUST02086,William Mitchell,23,Male,Software Engineer,Germany,Hamburg,Premium,23/09/2017,3021,0,Low,4,0,0.00%,"1,127.99",282
CUST02087,Rafael Lee,44,Male,Chef,Japan,Yokohama,Premium,24/10/2015,3721,0,Low,5,0,0.00%,629.8,125.96
CUST02088,Mohammed Sanchez,40,Male,Consultant,Mexico,Mexico City,Checking,19/08/2020,1960,0,Low,3,1,33.30%,308.29,102.76
CUST02089,Scott Muller,35,Male,Chef,South Africa,Johannesburg,Checking,02/04/2016,3560,0,Low,5,0,0.00%,829.47,165.89
CUST02090,Yuki Thompson,24,Female,Chef,Japan,Tokyo,Savings,28/11/2014,4051,0,Low,6,0,0.00%,"1,693.64",282.27
CUST02091,Rafael Lee,18,Male,Marketing Specialist,United States,Boston,Business,28/10/2015,3717,0,Low,2,0,0.00%,133.02,66.51
CUST02092,Robert Chen,52,Male,University Professor,United States,Boston,Premium,02/04/2014,4291,0,Low,8,0,0.00%,"2,466.66",308.33
CUST02093,Emily Park,23,Female,Nurse,Canada,Ottawa,Checking,30/08/2016,3410,0,Low,4,0,0.00%,321.74,80.44
CUST02094,Cynthia Dubois,56,Female,Customer Support Rep,Australia,Sydney,Savings,20/08/2020,1959,0,Low,8,0,0.00%,905.34,113.17
CUST02095,Noor Garcia,75,Female,Physician,Netherlands,Rotterdam,Checking,19/11/2015,3695,0,Low,6,1,16.70%,584.99,97.5
CUST02096,Cynthia Kumar,42,Female,Operations Manager,South Africa,Johannesburg,Checking,04/10/2022,1184,0,Medium,8,0,0.00%,824.46,103.06
CUST02097,Arjun Anderson,43,Male,Retired,Australia,Melbourne,Checking,23/10/2019,2261,0,Medium,2,0,0.00%,375.27,187.64
CUST02098,Rafael Young,47,Male,Operations Manager,Germany,Hamburg,Checking,25/07/2021,1620,0,Low,8,0,0.00%,912.98,114.12
CUST02099,Ahmed Martinez,27,Male,Chef,United Kingdom,Edinburgh,Checking,25/06/2015,3842,0,Low,4,0,0.00%,"1,278.73",319.68
CUST02100,Joshua Khan,40,Male,Consultant,India,Chennai,Savings,28/01/2016,3625,0,Medium,6,0,0.00%,"2,134.95",355.83
CUST02101,Robert Moore,45,Male,Sales Manager,United States,Phoenix,Savings,18/08/2023,866,0,Low,5,0,0.00%,"1,604.07",320.81
CUST02102,Ronald Nguyen,54,Male,Small Business Owner,France,Lyon,Savings,21/07/2017,3085,0,Low,5,0,0.00%,"1,713.94",342.79
CUST02103,Jacob Nguyen,37,Male,Sales Manager,Canada,Vancouver,Checking,11/04/2022,1360,0,Low,5,0,0.00%,"1,558.07",311.61
CUST02104,Emily Robinson,32,Female,Software Engineer,Australia,Melbourne,Checking,19/05/2017,3148,0,Low,7,0,0.00%,761.66,108.81
CUST02105,Emily Campbell,48,Female,Retired,Brazil,Salvador,Savings,28/07/2018,2713,0,Low,5,0,0.00%,"1,134.95",226.99
CUST02106,Timothy Martin,53,Male,Project Manager,United States,Seattle,Checking,19/01/2018,2903,0,Medium,3,0,0.00%,382.3,127.43
CUST02107,Fatima Perez,40,Female,University Professor,United States,Boston,Checking,14/12/2021,1478,0,Low,6,0,0.00%,"1,534.84",255.81
CUST02108,Hiroshi Rodriguez,46,Male,Consultant,France,Lyon,Checking,14/06/2020,2026,0,Medium,7,1,14.30%,729.64,104.23
CUST02109,Benjamin Thomas,50,Male,Pharmacist,Mexico,Mexico City,Premium,03/12/2019,2220,0,Low,8,0,0.00%,926.59,115.82
CUST02110,Camila Johnson,37,Female,Customer Support Rep,India,Hyderabad,Savings,06/11/2013,4438,0,Low,5,0,0.00%,256.05,51.21
CUST02111,Hiroshi Jones,44,Male,Lawyer,Brazil,Sao Paulo,Premium,30/03/2013,4659,0,Medium,2,0,0.00%,199.67,99.84
CUST02112,Justin Park,41,Male,University Professor,United Kingdom,Leeds,Checking,18/02/2014,4334,0,Low,4,0,0.00%,"2,206.21",551.55
CUST02113,Cynthia Haddad,57,Female,HR Manager,Australia,Melbourne,Savings,05/03/2021,1762,0,Low,8,1,12.50%,"1,795.89",224.49
CUST02114,Grace Young,41,Female,Marketing Specialist,United States,Boston,Savings,06/12/2021,1486,1,High,6,0,0.00%,711.2,118.53
CUST02115,Freya Scott,36,Female,Accountant,India,Delhi,Savings,12/09/2015,3763,0,Low,4,0,0.00%,179.38,44.85
CUST02116,Mateo Taylor,45,Male,HR Manager,United States,Phoenix,Business,28/03/2023,1009,0,Low,2,0,0.00%,217.85,108.93
CUST02117,Pierre Dubois,33,Male,Chef,India,Mumbai,Savings,24/11/2017,2959,0,Low,7,0,0.00%,389.38,55.63
CUST02118,Sven Martinez,34,Male,Civil Engineer,United States,Boston,Premium,13/08/2022,1236,0,Low,5,1,20.00%,"1,716.59",343.32
CUST02119,Richard Botha,35,Male,Project Manager,Canada,Vancouver,Premium,18/03/2017,3210,0,Medium,4,0,0.00%,587.1,146.78
CUST02120,Anastasia Singh,18,Female,University Professor,United Kingdom,London,Premium,05/11/2015,3709,0,Medium,2,0,0.00%,91.8,45.9
CUST02121,Margaret Ivanov,19,Female,Software Engineer,Singapore,Singapore,Checking,17/06/2015,3850,0,Low,7,0,0.00%,"1,715.07",245.01
CUST02122,Raj Thompson,48,Male,Consultant,Canada,Ottawa,Checking,02/07/2018,2739,0,Low,4,0,0.00%,256.83,64.21
CUST02123,Michelle King,45,Female,University Professor,South Africa,Durban,Checking,16/02/2021,1779,0,Low,6,0,0.00%,"1,130.56",188.43
CUST02124,Aiko Flores,54,Female,Pharmacist,Australia,Perth,Checking,02/09/2022,1216,0,Low,5,0,0.00%,"1,086.52",217.3
CUST02125,Fatima Smith,53,Female,Consultant,Brazil,Salvador,Savings,12/05/2018,2790,0,Low,6,0,0.00%,"3,452.21",575.37
CUST02126,Ryan Hill,63,Male,Nurse,United States,Boston,Savings,30/01/2020,2162,0,Low,7,0,0.00%,683.67,97.67
CUST02127,Lisa Harris,39,Female,Freelance Writer,France,Paris,Checking,14/05/2015,3884,0,Medium,9,1,11.10%,"2,357.23",261.91
CUST02128,Kevin Green,30,Male,Freelance Writer,India,Hyderabad,Checking,18/08/2018,2692,0,Medium,2,0,0.00%,547.04,273.52
CUST02129,Samuel Clark,57,Male,Project Manager,France,Lyon,Checking,15/04/2020,2086,0,Low,2,0,0.00%,352.27,176.14
CUST02130,Yuki Perez,59,Female,University Professor,Canada,Vancouver,Business,28/01/2017,3259,0,Medium,5,0,0.00%,945.89,189.18
CUST02131,Jonathan Schmidt,21,Male,Pharmacist,United States,Miami,Checking,06/03/2015,3953,0,Low,6,0,0.00%,728.14,121.36
CUST02132,Andrew Schmidt,47,Male,Police Officer,United Kingdom,Birmingham,Savings,06/10/2019,2278,0,Low,3,1,33.30%,193.7,64.57
CUST02133,Timothy Green,64,Male,Chef,Australia,Brisbane,Savings,24/02/2019,2502,0,Low,8,0,0.00%,955.2,119.4
CUST02134,Mary Kim,43,Female,Teacher,United Kingdom,Edinburgh,Savings,15/12/2019,2208,0,Low,7,0,0.00%,"2,166.98",309.57
CUST02135,Gary Scott,19,Male,Software Engineer,Canada,Vancouver,Checking,31/07/2021,1614,0,Low,5,0,0.00%,887.77,177.55
CUST02136,Kwame Mitchell,49,Male,Software Engineer,United Kingdom,Birmingham,Checking,15/02/2019,2511,0,Low,4,0,0.00%,266.18,66.55
CUST02137,Justin Sanchez,24,Male,Operations Manager,Italy,Milan,Savings,29/12/2016,3289,0,Low,4,0,0.00%,264.6,66.15
CUST02138,Susan Martinez,52,Female,Marketing Specialist,Germany,Munich,Checking,08/04/2020,2093,0,Low,8,0,0.00%,"1,423.56",177.95
CUST02139,Anastasia Schmidt,18,Female,Teacher,Japan,Nagoya,Checking,16/03/2016,3577,0,Medium,7,0,0.00%,"1,011.16",144.45
CUST02140,Ashley Scott,29,Female,Architect,Australia,Perth,Savings,04/04/2023,1002,0,Low,7,0,0.00%,"1,277.76",182.54
CUST02141,Kimberly Park,47,Female,Physician,United Kingdom,Edinburgh,Checking,24/07/2013,4543,0,Low,5,0,0.00%,775.89,155.18
CUST02142,Santiago Martinez,50,Male,Consultant,Nigeria,Abuja,Checking,04/09/2014,4136,0,Low,7,0,0.00%,"1,887.88",269.7
CUST02143,Kevin Sanchez,39,Male,Data Analyst,France,Paris,Business,02/01/2019,2555,0,Low,4,0,0.00%,526.82,131.71
CUST02144,Zanele King,36,Female,Data Analyst,United Arab Emirates,Sharjah,Savings,03/10/2014,4107,0,Low,8,0,0.00%,"1,023.46",127.93
CUST02145,Klaus Rodriguez,50,Male,University Professor,Ireland,Cork,Premium,09/03/2013,4680,0,Low,3,0,0.00%,"2,267.63",755.88
CUST02146,Cynthia Ramirez,18,Female,Graphic Designer,United Kingdom,Birmingham,Checking,01/09/2018,2678,0,Medium,4,0,0.00%,647.17,161.79
CUST02147,Anthony King,46,Male,Financial Analyst,Canada,Ottawa,Savings,15/07/2015,3822,0,Low,5,0,0.00%,"1,436.97",287.39
CUST02148,Wei Chen,47,Male,Electrician,United Kingdom,Edinburgh,Savings,18/11/2014,4061,0,Low,8,0,0.00%,818.23,102.28
CUST02149,Jonathan Davis,34,Male,Police Officer,Germany,Frankfurt,Checking,27/09/2023,826,0,Medium,7,1,14.30%,"1,183.94",169.13
CUST02150,Aiko Adams,60,Female,Operations Manager,Mexico,Monterrey,Premium,27/05/2018,2775,0,Medium,5,0,0.00%,511.92,102.38
CUST02151,David Martinez,33,Male,Project Manager,Germany,Berlin,Checking,29/08/2017,3046,0,Medium,8,0,0.00%,722.48,90.31
CUST02152,Hana Tanaka,26,Female,University Professor,Canada,Toronto,Checking,26/06/2017,3110,0,Low,5,0,0.00%,641.28,128.26
CUST02153,Margaret Martinez,25,Female,Freelance Writer,United States,Miami,Savings,01/10/2014,4109,0,Low,7,0,0.00%,760.48,108.64
CUST02154,Santiago Martin,66,Male,Pharmacist,Germany,Frankfurt,Premium,06/02/2023,1059,0,Low,3,0,0.00%,430.41,143.47
CUST02155,Amy Kim,56,Female,Freelance Writer,Mexico,Monterrey,Checking,18/08/2015,3788,0,Low,7,0,0.00%,714.74,102.11
CUST02156,Michael Kim,18,Male,Project Manager,United States,Phoenix,Checking,06/11/2023,786,0,Low,8,0,0.00%,"1,087.54",135.94
CUST02157,James Lewis,33,Male,Consultant,Japan,Nagoya,Business,26/03/2022,1376,0,Low,4,0,0.00%,543.27,135.82
CUST02158,Carlos Adams,49,Male,Data Analyst,France,Nice,Savings,03/08/2016,3437,0,Low,5,0,0.00%,745.6,149.12
CUST02159,Olga Rivera,72,Female,Plumber,Poland,Warsaw,Business,20/10/2021,1533,0,Medium,6,0,0.00%,962.99,160.5
CUST02160,Matthew Gonzalez,33,Male,Software Engineer,Italy,Rome,Savings,07/03/2015,3952,0,Low,5,0,0.00%,"1,822.00",364.4
CUST02161,David Adams,37,Male,University Professor,South Korea,Busan,Checking,05/07/2013,4562,0,Low,1,0,0.00%,179.18,179.18
CUST02162,Kevin Lee,52,Male,Electrician,Japan,Yokohama,Business,22/04/2021,1714,0,Low,7,0,0.00%,"2,768.59",395.51
CUST02163,Timothy Brown,42,Male,Sales Manager,United Kingdom,Edinburgh,Premium,16/07/2022,1264,0,Low,7,0,0.00%,"3,203.13",457.59
CUST02164,Jacob Clark,62,Male,Lawyer,India,Mumbai,Checking,28/11/2018,2590,0,Low,9,0,0.00%,"1,721.13",191.24
CUST02165,Klaus Carter,23,Male,Project Manager,United States,Los Angeles,Business,17/11/2022,1140,0,Low,8,0,0.00%,"1,606.49",200.81
CUST02166,Anastasia Suzuki,63,Female,Nurse,Brazil,Rio de Janeiro,Checking,08/06/2015,3859,0,Low,5,0,0.00%,"1,211.36",242.27
CUST02167,Layla Rivera,19,Female,Retired,France,Marseille,Savings,07/04/2019,2460,0,Low,4,0,0.00%,386.75,96.69
CUST02168,Hana Santos,19,Female,Physician,United States,Boston,Savings,21/01/2021,1805,0,Low,4,0,0.00%,416,104
CUST02169,Patricia Smith,62,Female,Lawyer,Canada,Calgary,Business,07/06/2019,2399,0,Low,9,0,0.00%,"2,014.47",223.83
CUST02170,Ronald Flores,55,Male,Customer Support Rep,Mexico,Mexico City,Checking,19/01/2019,2538,0,High,2,0,0.00%,273.46,136.73
CUST02171,Sandra Hernandez,45,Female,Pharmacist,United States,Miami,Checking,05/02/2014,4347,0,Low,1,0,0.00%,56.93,56.93
CUST02172,Kimberly Adams,44,Female,Teacher,United Kingdom,Manchester,Premium,01/06/2014,4231,0,Low,1,0,0.00%,122.36,122.36
CUST02173,Sarah Suzuki,38,Female,Sales Manager,United States,Chicago,Checking,15/02/2016,3607,0,Medium,4,1,25.00%,250.18,62.55
CUST02174,Benjamin Clark,36,Male,University Professor,France,Marseille,Checking,02/10/2019,2282,0,Low,2,0,0.00%,"1,874.22",937.11
CUST02175,Laura Thompson,28,Female,Graphic Designer,Japan,Osaka,Savings,07/08/2015,3799,0,Medium,7,1,14.30%,"1,941.24",277.32
CUST02176,Deborah Anderson,38,Female,Operations Manager,Brazil,Rio de Janeiro,Checking,02/08/2023,882,0,High,7,1,14.30%,"1,503.83",214.83
CUST02177,Raj Mitchell,46,Male,Police Officer,United States,Phoenix,Savings,11/12/2016,3307,0,High,9,1,11.10%,960.14,106.68
CUST02178,Amanda Brown,46,Female,Plumber,Japan,Nagoya,Savings,15/07/2023,900,0,Medium,8,0,0.00%,"1,619.62",202.45
CUST02179,Jeffrey Garcia,68,Male,Data Analyst,Germany,Hamburg,Business,15/05/2015,3883,0,Low,7,0,0.00%,705.23,100.75
CUST02180,Nancy Gonzalez,25,Female,Software Engineer,Germany,Frankfurt,Savings,10/11/2013,4434,0,Medium,6,0,0.00%,"2,513.55",418.93
CUST02181,David Anderson,51,Male,Retail Manager,Ireland,Cork,Checking,07/04/2019,2460,0,Low,8,0,0.00%,"1,460.51",182.56
CUST02182,Sarah Smith,43,Female,Small Business Owner,United States,Boston,Checking,27/08/2018,2683,0,Low,6,0,0.00%,"1,188.43",198.07
CUST02183,Brian Botha,52,Male,Physician,United Kingdom,Leeds,Premium,04/06/2016,3497,0,Medium,6,0,0.00%,935.13,155.86
CUST02184,Luca Sanchez,72,Male,Sales Manager,Australia,Melbourne,Premium,23/02/2018,2868,0,Low,5,0,0.00%,379.03,75.81
CUST02185,Sandra Hernandez,38,Female,Retired,United States,Los Angeles,Business,17/11/2015,3697,0,Low,5,0,0.00%,962.88,192.58
CUST02186,Susan Young,63,Female,Marketing Specialist,Brazil,Brasilia,Checking,06/11/2021,1516,0,Low,3,0,0.00%,855.82,285.27
CUST02187,Mohammed Muller,40,Male,Real Estate Agent,Japan,Yokohama,Checking,26/05/2015,3872,0,Low,7,0,0.00%,"1,058.66",151.24
CUST02188,Ronald Jackson,28,Male,Project Manager,Japan,Tokyo,Savings,14/07/2015,3823,0,Low,4,0,0.00%,703.15,175.79
CUST02189,John Sanchez,40,Male,Graphic Designer,Australia,Sydney,Checking,26/04/2022,1345,0,Low,4,0,0.00%,"1,437.25",359.31
CUST02190,Ashley Lee,52,Female,Lawyer,United States,Seattle,Savings,16/10/2023,807,0,Low,3,0,0.00%,104.82,34.94
CUST02191,Timothy Harris,54,Male,Pharmacist,Canada,Ottawa,Checking,16/05/2019,2421,0,Low,5,0,0.00%,865.56,173.11
CUST02192,Samuel King,31,Male,Data Analyst,Mexico,Guadalajara,Checking,07/08/2022,1242,0,Low,2,0,0.00%,126.48,63.24
CUST02193,Aiko Baker,66,Female,Consultant,India,Delhi,Premium,21/01/2021,1805,0,Low,8,0,0.00%,"2,398.76",299.85
CUST02194,Thandiwe Okafor,41,Female,Chef,United Kingdom,London,Checking,05/06/2016,3496,0,Low,6,0,0.00%,480.57,80.1
CUST02195,Emily Rodriguez,27,Female,Operations Manager,Germany,Frankfurt,Savings,19/02/2019,2507,0,Low,5,0,0.00%,397.94,79.59
CUST02196,Sarah Gonzalez,26,Female,Marketing Specialist,Brazil,Salvador,Checking,12/08/2014,4159,0,Low,5,0,0.00%,"1,304.18",260.84
CUST02197,Donna Taylor,35,Female,University Professor,United States,Seattle,Checking,23/06/2020,2017,0,Medium,7,0,0.00%,542.91,77.56
CUST02198,Barbara Santos,41,Female,Graphic Designer,Brazil,Salvador,Checking,22/09/2014,4118,0,Medium,7,0,0.00%,921.52,131.65
CUST02199,Margaret Jackson,50,Female,Customer Support Rep,United Arab Emirates,Sharjah,Checking,07/06/2021,1668,0,Low,6,0,0.00%,974.75,162.46
CUST02200,Luca Rivera,60,Male,HR Manager,Germany,Munich,Savings,10/08/2017,3065,0,Low,4,1,25.00%,353.23,88.31
CUST02201,Hana Park,49,Female,Physician,Spain,Valencia,Premium,03/05/2021,1703,0,Medium,6,1,16.70%,"1,706.30",284.38
CUST02202,Nancy Mitchell,42,Female,Graphic Designer,Ireland,Dublin,Checking,16/04/2016,3546,0,Low,4,0,0.00%,589.21,147.3
CUST02203,Amara Lewis,56,Female,Customer Support Rep,Germany,Munich,Savings,08/11/2017,2975,0,Low,4,0,0.00%,555.41,138.85
CUST02204,Margaret Scott,40,Female,Teacher,United Kingdom,Edinburgh,Savings,05/08/2020,1974,0,Low,3,0,0.00%,189.38,63.13
CUST02205,Laura Schmidt,24,Female,Chef,Canada,Montreal,Savings,24/05/2022,1317,0,Low,11,0,0.00%,"1,528.03",138.91
CUST02206,David Allen,30,Male,Student,France,Marseille,Checking,30/07/2021,1615,0,Medium,5,0,0.00%,193.69,38.74
CUST02207,Elizabeth Davis,59,Female,Freelance Writer,Brazil,Salvador,Checking,07/05/2022,1334,0,Medium,3,0,0.00%,161.41,53.8
CUST02208,Zanele Young,24,Female,Lawyer,India,Delhi,Checking,03/09/2016,3406,0,Low,4,0,0.00%,810.98,202.75
CUST02209,Ashley Hall,32,Female,Accountant,United Arab Emirates,Dubai,Savings,12/02/2013,4705,0,Medium,6,0,0.00%,"1,060.03",176.67
CUST02210,Edward Thomas,26,Male,Retired,Australia,Melbourne,Savings,11/08/2021,1603,0,Low,4,0,0.00%,443.09,110.77
CUST02211,Zanele Adams,48,Female,Software Engineer,Nigeria,Lagos,Checking,30/01/2018,2892,0,Low,2,0,0.00%,128.18,64.09
CUST02212,Raj Schmidt,25,Male,Marketing Specialist,Japan,Nagoya,Savings,27/07/2020,1983,0,Medium,1,0,0.00%,115.14,115.14
CUST02213,Amara Ivanov,45,Female,Sales Manager,South Africa,Johannesburg,Checking,18/01/2014,4365,0,Low,7,0,0.00%,"4,253.69",607.67
CUST02214,Amanda Wright,52,Female,Teacher,Italy,Turin,Checking,10/07/2014,4192,0,Low,5,0,0.00%,"1,154.50",230.9
CUST02215,Gary Kumar,47,Male,Project Manager,United States,Chicago,Premium,03/02/2014,4349,0,Low,6,1,16.70%,"1,133.23",188.87
CUST02216,Fatima Nguyen,46,Female,Marketing Specialist,Germany,Berlin,Premium,05/12/2022,1122,0,Low,7,0,0.00%,"1,329.77",189.97
CUST02217,Chioma Campbell,32,Female,Marketing Specialist,Germany,Hamburg,Savings,15/07/2014,4187,0,Medium,3,0,0.00%,753.56,251.19
CUST02218,John Wilson,29,Male,University Professor,Mexico,Guadalajara,Savings,22/06/2014,4210,0,Medium,6,0,0.00%,370.33,61.72
CUST02219,Andrew Tanaka,51,Male,Consultant,Australia,Perth,Premium,10/06/2016,3491,0,Low,7,0,0.00%,346.93,49.56
CUST02220,Barbara Johnson,27,Female,Nurse,United States,Boston,Checking,13/03/2021,1754,0,Low,4,0,0.00%,897.73,224.43
CUST02221,Ryan Wright,49,Male,Nurse,Italy,Turin,Business,19/08/2017,3056,0,Low,6,1,16.70%,764.18,127.36
CUST02222,Chioma Suzuki,18,Female,University Professor,Germany,Hamburg,Savings,13/06/2023,932,0,Medium,8,0,0.00%,"1,422.75",177.84
CUST02223,Yuki Gonzalez,30,Female,Project Manager,United States,Los Angeles,Checking,08/08/2022,1241,0,Low,3,0,0.00%,"1,163.83",387.94
CUST02224,Brandon Wang,59,Male,Customer Support Rep,Germany,Hamburg,Checking,12/11/2015,3702,0,Low,6,0,0.00%,948.9,158.15
CUST02225,Sven Khan,47,Male,University Professor,United Kingdom,Edinburgh,Checking,28/06/2017,3108,0,Low,5,0,0.00%,"1,442.60",288.52
CUST02226,Edward Singh,18,Male,Real Estate Agent,United Kingdom,London,Savings,01/07/2021,1644,0,Low,5,2,40.00%,595.2,119.04
CUST02227,George Gonzalez,25,Male,Small Business Owner,Japan,Nagoya,Premium,05/12/2014,4044,1,High,5,0,0.00%,"1,667.47",333.49
CUST02228,Mateo Allen,41,Male,Physician,United States,Seattle,Savings,20/12/2019,2203,0,Low,2,0,0.00%,79.16,39.58
CUST02229,Jacob Miller,21,Male,Consultant,France,Nice,Savings,30/01/2016,3623,0,Medium,3,0,0.00%,740.01,246.67
CUST02230,Sven Lee,49,Male,Civil Engineer,France,Marseille,Savings,13/08/2015,3793,0,Low,6,1,16.70%,"2,689.96",448.33
CUST02231,Arjun Thompson,51,Male,University Professor,Australia,Perth,Premium,25/04/2014,4268,0,Medium,9,0,0.00%,375.99,41.78
CUST02232,Larry Robinson,34,Male,Consultant,United States,Phoenix,Savings,14/10/2022,1174,0,Low,3,1,33.30%,450.93,150.31
CUST02233,Edward Green,27,Male,Architect,Brazil,Salvador,Checking,30/09/2016,3379,0,Low,5,0,0.00%,456.25,91.25
CUST02234,Andrew Rossi,27,Male,Physician,Japan,Yokohama,Checking,19/11/2014,4060,0,Low,5,0,0.00%,893.87,178.77
CUST02235,Daniel Perez,32,Male,Consultant,Germany,Berlin,Checking,02/09/2022,1216,0,High,6,0,0.00%,"1,871.49",311.92
CUST02236,Stephen Mensah,23,Male,Small Business Owner,Japan,Osaka,Checking,16/06/2019,2390,0,Low,4,0,0.00%,511.45,127.86
CUST02237,William Lopez,68,Male,Student,United States,Miami,Checking,13/05/2014,4250,0,Medium,17,0,0.00%,"1,988.21",116.95
CUST02238,Ingrid Rivera,29,Female,Lawyer,United Kingdom,Manchester,Checking,03/08/2013,4533,0,Medium,4,0,0.00%,368.64,92.16
CUST02239,Layla Nguyen,24,Female,Architect,Japan,Tokyo,Checking,15/04/2020,2086,0,Medium,8,0,0.00%,738.61,92.33
CUST02240,Robert Young,57,Male,Data Analyst,Germany,Munich,Premium,07/06/2016,3494,0,High,7,0,0.00%,"2,602.30",371.76
CUST02241,Paul Lewis,18,Male,Marketing Specialist,Germany,Munich,Savings,25/12/2018,2563,0,Medium,8,0,0.00%,"2,457.16",307.15
CUST02242,James Nguyen,43,Male,Marketing Specialist,United States,New York,Business,21/04/2014,4272,0,Medium,7,0,0.00%,615.87,87.98
CUST02243,Laura Mensah,33,Female,Data Analyst,United States,Houston,Checking,19/04/2019,2448,0,Low,8,0,0.00%,695.32,86.92
CUST02244,Rebecca Roberts,36,Female,Retired,United Arab Emirates,Abu Dhabi,Premium,30/12/2015,3654,0,Low,8,0,0.00%,578.39,72.3
CUST02245,Ivan King,37,Male,Electrician,Germany,Frankfurt,Checking,31/10/2019,2253,0,Low,4,0,0.00%,"1,173.98",293.5
CUST02246,Carol Botha,30,Female,Physician,United States,Los Angeles,Savings,05/03/2013,4684,0,Low,5,0,0.00%,597.73,119.55
CUST02247,Arjun Young,18,Male,Operations Manager,South Korea,Seoul,Checking,02/11/2022,1155,0,Low,6,0,0.00%,380.49,63.42
CUST02248,Aiko Schmidt,38,Female,Data Analyst,Brazil,Brasilia,Savings,29/09/2022,1189,0,Medium,5,0,0.00%,674.84,134.97
CUST02249,Noor Hall,32,Female,Student,United States,Houston,Savings,14/09/2018,2665,0,Low,2,0,0.00%,184.76,92.38
CUST02250,Amy Khan,18,Female,Retail Manager,United States,Miami,Savings,13/03/2023,1024,0,Low,5,0,0.00%,"1,024.87",204.97
CUST02251,Justin Ali,43,Male,Data Analyst,India,Mumbai,Checking,15/11/2013,4429,0,Low,3,0,0.00%,271.78,90.59
CUST02252,Karen Rodriguez,34,Female,Real Estate Agent,Brazil,Brasilia,Savings,10/03/2023,1027,0,Low,8,0,0.00%,752.33,94.04
CUST02253,Andrew Brown,53,Male,Student,Ireland,Cork,Savings,02/02/2019,2524,0,Low,1,0,0.00%,60.64,60.64
CUST02254,Rebecca Ramirez,20,Female,Real Estate Agent,Germany,Hamburg,Premium,11/06/2020,2029,0,Low,4,0,0.00%,"1,703.79",425.95
CUST02255,Amanda Robinson,54,Female,Project Manager,Australia,Perth,Checking,21/04/2022,1350,0,Low,2,0,0.00%,421.11,210.56
CUST02256,Anastasia Green,35,Female,University Professor,Mexico,Mexico City,Checking,31/01/2017,3256,0,Low,6,0,0.00%,679.29,113.22
CUST02257,Anastasia Thomas,34,Female,Freelance Writer,Canada,Toronto,Savings,13/01/2017,3274,0,Low,6,1,16.70%,"2,023.16",337.19
CUST02258,Daniel Harris,27,Male,Marketing Specialist,United States,Chicago,Checking,19/07/2014,4183,0,Low,4,0,0.00%,809.68,202.42
CUST02259,Fatima Thomas,48,Female,Consultant,United States,Los Angeles,Business,12/11/2022,1145,0,Medium,4,0,0.00%,156.68,39.17
CUST02260,Isabella Roberts,40,Female,Operations Manager,India,Chennai,Savings,24/08/2019,2321,0,Medium,5,0,0.00%,393.23,78.65
CUST02261,George White,41,Male,Nurse,Japan,Yokohama,Savings,09/12/2019,2214,0,Medium,5,0,0.00%,383.51,76.7
CUST02262,Andrew Silva,28,Male,Accountant,United States,Chicago,Savings,30/12/2020,1827,0,Low,3,0,0.00%,154.9,51.63
CUST02263,Wei Hernandez,21,Male,Consultant,India,Chennai,Premium,28/06/2015,3839,0,Low,2,1,50.00%,562.84,281.42
CUST02264,Santiago Davis,25,Male,Data Analyst,Singapore,Singapore,Checking,06/04/2016,3556,0,Low,6,0,0.00%,642.4,107.07
CUST02265,Jonathan Johnson,21,Male,Software Engineer,Brazil,Brasilia,Savings,10/08/2019,2335,0,Low,4,0,0.00%,491.99,123
CUST02266,Olga Haddad,26,Female,Physician,United Kingdom,London,Checking,15/03/2013,4674,0,Low,9,1,11.10%,"2,149.48",238.83
CUST02267,Fatima White,36,Female,Data Analyst,Canada,Vancouver,Premium,18/01/2020,2174,0,Low,11,2,18.20%,"3,373.03",306.64
CUST02268,Karen Mitchell,25,Female,Project Manager,United States,Chicago,Savings,03/12/2013,4411,0,Low,2,0,0.00%,"1,147.40",573.7
CUST02269,Thandiwe Thompson,31,Female,HR Manager,Germany,Munich,Checking,15/10/2014,4095,0,Low,6,0,0.00%,641.16,106.86
CUST02270,Robert Park,22,Male,Plumber,Canada,Toronto,Checking,13/11/2014,4066,0,Medium,6,0,0.00%,688.88,114.81
CUST02271,Susan Hall,56,Female,Real Estate Agent,United Arab Emirates,Dubai,Savings,20/04/2017,3177,0,Low,6,0,0.00%,899.03,149.84
CUST02272,Fatima Harris,49,Female,Architect,Brazil,Rio de Janeiro,Savings,16/01/2017,3271,0,Low,5,0,0.00%,962.38,192.48
CUST02273,Sofia Okafor,46,Female,Customer Support Rep,Brazil,Salvador,Checking,16/02/2015,3971,0,Low,6,0,0.00%,763.38,127.23
CUST02274,Justin Rodriguez,43,Male,Consultant,United States,Houston,Checking,27/10/2019,2257,0,Medium,7,1,14.30%,996.91,142.42
CUST02275,Fatima Harris,20,Female,Operations Manager,India,Chennai,Premium,15/06/2023,930,0,Low,1,0,0.00%,144.74,144.74
CUST02276,Priya Gonzalez,27,Female,University Professor,Canada,Ottawa,Checking,25/11/2022,1132,0,Low,3,0,0.00%,457.19,152.4
CUST02277,Jonathan Haddad,44,Male,Project Manager,United Kingdom,Leeds,Checking,26/01/2018,2896,0,Medium,7,1,14.30%,"1,200.23",171.46
CUST02278,Margaret Torres,31,Female,Consultant,United States,Chicago,Checking,24/11/2018,2594,0,Low,2,0,0.00%,154.65,77.33
CUST02279,Raj Kumar,44,Male,Lawyer,United Kingdom,Edinburgh,Checking,10/09/2019,2304,0,Low,4,0,0.00%,844.71,211.18
CUST02280,Richard Adams,18,Male,Data Analyst,Japan,Nagoya,Premium,30/01/2017,3257,0,Low,5,0,0.00%,"1,417.78",283.56
CUST02281,Sven Torres,23,Male,Freelance Writer,United Kingdom,London,Checking,02/01/2018,2920,0,Low,8,0,0.00%,"1,144.50",143.06
CUST02282,William Flores,46,Male,Plumber,United Kingdom,Leeds,Savings,14/07/2015,3823,0,Low,2,0,0.00%,200,100
CUST02283,Valentina Green,55,Female,Retired,France,Paris,Checking,05/12/2017,2948,1,High,8,1,12.50%,846.19,105.77
CUST02284,Stephanie Harris,47,Female,Physician,United Kingdom,Leeds,Checking,02/05/2023,974,0,Low,3,0,0.00%,389.94,129.98
CUST02285,Sharon Tanaka,50,Female,HR Manager,Mexico,Mexico City,Savings,20/03/2018,2843,0,Low,5,0,0.00%,870.75,174.15
CUST02286,Betty Gonzalez,28,Female,Chef,Canada,Vancouver,Checking,29/11/2013,4415,0,Low,6,0,0.00%,701.94,116.99
CUST02287,Mohammed Clark,48,Male,Retail Manager,United States,Houston,Savings,07/07/2017,3099,0,Low,4,0,0.00%,982.97,245.74
CUST02288,Jason Clark,42,Male,Plumber,Germany,Berlin,Checking,22/07/2013,4545,0,Low,4,0,0.00%,437.11,109.28
CUST02289,Sofia Nelson,43,Female,Graphic Designer,Australia,Perth,Checking,26/08/2014,4145,0,Low,12,1,8.30%,"1,393.10",116.09
CUST02290,Rebecca Garcia,57,Female,Sales Manager,Canada,Vancouver,Premium,16/03/2017,3212,0,High,1,0,0.00%,9.42,9.42
CUST02291,Sharon Flores,18,Female,Civil Engineer,South Africa,Durban,Checking,29/08/2015,3777,0,Low,4,0,0.00%,409.95,102.49
CUST02292,James Wang,25,Male,Customer Support Rep,United Kingdom,Edinburgh,Savings,10/09/2019,2304,0,Low,6,0,0.00%,"1,346.64",224.44
CUST02293,Thandiwe Rossi,48,Female,Financial Analyst,United Kingdom,Leeds,Savings,21/10/2023,802,0,Medium,4,0,0.00%,530.45,132.61
CUST02294,Ahmed Ali,49,Male,Sales Manager,Canada,Vancouver,Checking,17/02/2023,1048,0,Low,6,1,16.70%,905.93,150.99
CUST02295,Mateo Rossi,18,Male,Accountant,France,Lyon,Checking,24/11/2017,2959,0,Medium,5,0,0.00%,512.35,102.47
CUST02296,Emily Patel,32,Female,Small Business Owner,United Kingdom,Leeds,Checking,15/09/2020,1933,0,Low,4,0,0.00%,520.63,130.16
CUST02297,Susan Thomas,21,Female,Lawyer,United Kingdom,Manchester,Checking,06/04/2013,4652,0,Low,7,0,0.00%,422.76,60.39
CUST02298,Margaret Taylor,40,Female,HR Manager,Mexico,Mexico City,Savings,30/08/2018,2680,0,Low,7,0,0.00%,543.41,77.63
CUST02299,Robert Roberts,32,Male,Graphic Designer,South Korea,Seoul,Premium,15/05/2015,3883,0,Low,1,0,0.00%,"2,086.15","2,086.15"
CUST02300,Ryan Mitchell,46,Male,Chef,United States,Chicago,Checking,18/12/2018,2570,0,Low,5,0,0.00%,744.02,148.8
CUST02301,Stephen Harris,38,Male,Freelance Writer,Mexico,Mexico City,Savings,16/10/2015,3729,0,Low,4,0,0.00%,644.61,161.15
CUST02302,Karen Baker,62,Female,University Professor,Japan,Yokohama,Checking,01/08/2013,4535,0,Low,4,0,0.00%,390.86,97.72
CUST02303,Mateo Davis,26,Male,Lawyer,Japan,Nagoya,Premium,15/03/2022,1387,0,Low,7,0,0.00%,"1,547.55",221.08
CUST02304,Sandra White,52,Female,Pharmacist,United States,Houston,Business,26/02/2020,2135,0,Low,6,0,0.00%,931.29,155.22
CUST02305,Chidi Khan,40,Male,Accountant,Mexico,Mexico City,Checking,04/03/2017,3224,0,Low,8,0,0.00%,"1,871.86",233.98
CUST02306,Karen Okafor,28,Female,Consultant,United Kingdom,London,Business,02/09/2022,1216,0,Low,6,0,0.00%,308.83,51.47
CUST02307,Larry Williams,50,Male,Architect,United States,Chicago,Business,20/10/2015,3725,0,Medium,3,0,0.00%,369.44,123.15
CUST02308,Christopher Wilson,42,Male,Real Estate Agent,Italy,Milan,Checking,08/11/2023,784,0,Low,4,0,0.00%,"2,137.71",534.43
CUST02309,Stephanie Haddad,48,Female,Nurse,Canada,Vancouver,Checking,17/05/2015,3881,0,Low,6,0,0.00%,618.76,103.13
CUST02310,Elizabeth Williams,32,Female,Pharmacist,Mexico,Guadalajara,Savings,30/05/2013,4598,0,Low,4,0,0.00%,392.27,98.07
CUST02311,Carlos Roberts,20,Male,Chef,Canada,Vancouver,Savings,05/04/2016,3557,0,Medium,5,0,0.00%,402.74,80.55
CUST02312,Raj Ivanov,58,Male,Retail Manager,France,Lyon,Premium,29/10/2018,2620,0,Low,11,0,0.00%,"1,228.98",111.73
CUST02313,Christopher Torres,41,Male,Pharmacist,United States,Chicago,Checking,13/02/2013,4704,0,Low,5,0,0.00%,837.8,167.56
CUST02314,Nancy Mitchell,21,Female,Retired,United States,New York,Checking,29/01/2019,2528,0,Low,3,0,0.00%,374.08,124.69
CUST02315,Gary Chen,50,Male,Student,India,Hyderabad,Checking,15/05/2014,4248,0,Medium,6,0,0.00%,602.36,100.39
CUST02316,Kwame Rivera,42,Male,Civil Engineer,Mexico,Guadalajara,Checking,14/03/2019,2484,0,Low,7,0,0.00%,"1,911.60",273.09
CUST02317,Jacob Khan,49,Male,Lawyer,Mexico,Guadalajara,Savings,04/11/2019,2249,0,Low,2,0,0.00%,280.01,140.01
CUST02318,Sarah Kim,65,Female,Civil Engineer,Poland,Warsaw,Savings,27/06/2021,1648,0,Low,5,0,0.00%,627.11,125.42
CUST02319,Noor Campbell,34,Female,Plumber,Mexico,Guadalajara,Business,09/10/2017,3005,0,Low,2,0,0.00%,"1,557.90",778.95
CUST02320,Deborah Flores,50,Female,Civil Engineer,India,Chennai,Savings,03/05/2022,1338,0,Low,3,0,0.00%,"1,325.44",441.81
CUST02321,Cynthia Hill,57,Female,Plumber,Brazil,Salvador,Savings,08/05/2023,968,0,Low,4,0,0.00%,333.24,83.31
CUST02322,Santiago Lee,22,Male,Real Estate Agent,Germany,Hamburg,Premium,30/05/2013,4598,0,Low,6,0,0.00%,"1,014.87",169.15
CUST02323,Jacob Brown,61,Male,Student,India,Delhi,Checking,05/08/2019,2340,0,Medium,3,0,0.00%,595.8,198.6
CUST02324,Luca Haddad,43,Male,Freelance Writer,United States,Chicago,Business,23/09/2016,3386,0,Low,5,1,20.00%,513.9,102.78
CUST02325,Margaret Martin,51,Female,Electrician,United Arab Emirates,Abu Dhabi,Premium,31/08/2018,2679,0,High,2,0,0.00%,436.43,218.22
CUST02326,Zanele Rossi,29,Female,Consultant,United Kingdom,Leeds,Savings,16/06/2013,4581,0,Low,6,0,0.00%,995.83,165.97
CUST02327,Camila Jones,55,Female,Real Estate Agent,Canada,Toronto,Savings,04/02/2015,3983,0,Low,3,0,0.00%,223.11,74.37
CUST02328,Rafael Miller,37,Male,Consultant,India,Mumbai,Business,28/05/2020,2043,0,Low,6,0,0.00%,"2,169.39",361.57
CUST02329,Luca Martin,54,Male,Civil Engineer,Germany,Frankfurt,Checking,29/06/2014,4203,0,Low,4,0,0.00%,387.38,96.85
CUST02330,Carol Ali,43,Female,Retail Manager,Canada,Montreal,Checking,12/01/2016,3641,0,Medium,4,0,0.00%,158.64,39.66
CUST02331,Ivan Mensah,50,Male,Graphic Designer,United Arab Emirates,Dubai,Savings,02/02/2022,1428,0,Low,7,1,14.30%,"2,466.93",352.42
CUST02332,Amara Chen,41,Female,Graphic Designer,Australia,Perth,Checking,27/01/2016,3626,0,Medium,4,0,0.00%,"2,605.93",651.48
CUST02333,Ashley Anderson,33,Female,Real Estate Agent,Germany,Munich,Checking,21/09/2013,4484,0,Low,7,0,0.00%,"2,100.18",300.03
CUST02334,Sarah Carter,30,Female,Retail Manager,India,Chennai,Checking,28/07/2018,2713,0,Low,4,0,0.00%,458.58,114.65
CUST02335,Ahmed Campbell,59,Male,Police Officer,France,Nice,Checking,12/05/2017,3155,0,Low,3,0,0.00%,679.95,226.65
CUST02336,Michael Rossi,30,Male,Real Estate Agent,Canada,Ottawa,Business,24/01/2020,2168,0,Low,1,0,0.00%,38.33,38.33
CUST02337,Deborah Rodriguez,50,Female,Graphic Designer,United Arab Emirates,Dubai,Checking,02/12/2016,3316,0,Low,4,1,25.00%,"1,592.69",398.17
CUST02338,Christopher Anderson,45,Male,Police Officer,Japan,Osaka,Checking,19/02/2013,4698,0,Medium,3,0,0.00%,252.78,84.26
CUST02339,Sven Hernandez,53,Male,Physician,United States,Boston,Savings,28/09/2023,825,0,Low,2,0,0.00%,256.9,128.45
CUST02340,Nancy Campbell,53,Female,University Professor,Singapore,Singapore,Checking,07/10/2021,1546,0,Low,6,0,0.00%,"1,913.81",318.97
CUST02341,Patricia Rossi,27,Female,Consultant,France,Lyon,Business,03/05/2023,973,0,Low,6,0,0.00%,"2,767.69",461.28
CUST02342,Emily Ali,36,Female,Electrician,South Africa,Cape Town,Checking,20/06/2023,925,0,Low,5,0,0.00%,730.55,146.11
CUST02343,Sofia Ivanov,28,Female,Real Estate Agent,Ireland,Dublin,Checking,09/03/2020,2123,0,Low,4,1,25.00%,"1,570.42",392.61
CUST02344,Samuel Johnson,69,Male,Retired,United States,New York,Checking,11/07/2020,1999,0,Low,3,0,0.00%,279.41,93.14
CUST02345,Stephanie Roberts,44,Female,Teacher,India,Bengaluru,Savings,08/02/2016,3614,0,Low,6,0,0.00%,483.19,80.53
CUST02346,Stephen Kumar,53,Male,Electrician,Australia,Brisbane,Business,08/06/2022,1302,0,Medium,1,0,0.00%,61.51,61.51
CUST02347,Freya Harris,38,Female,Retail Manager,United States,Phoenix,Checking,05/12/2020,1852,0,Low,5,0,0.00%,658.54,131.71
CUST02348,Hiroshi Hernandez,36,Male,Operations Manager,Germany,Frankfurt,Savings,05/04/2014,4288,0,Medium,4,0,0.00%,901.41,225.35
CUST02349,Ivan Taylor,24,Male,Operations Manager,United Kingdom,London,Checking,12/03/2021,1755,0,Low,7,0,0.00%,"1,488.74",212.68
CUST02350,Christopher Walker,53,Male,Freelance Writer,Germany,Berlin,Checking,27/03/2014,4297,0,Low,5,0,0.00%,"1,085.90",217.18
CUST02351,Layla Baker,27,Female,University Professor,United Kingdom,Leeds,Checking,17/02/2023,1048,0,Low,8,0,0.00%,984.84,123.11
CUST02352,Amy Nelson,61,Female,Operations Manager,Brazil,Sao Paulo,Premium,18/01/2017,3269,0,Low,4,0,0.00%,"1,895.60",473.9
CUST02353,Margaret Hernandez,47,Female,Graphic Designer,France,Paris,Savings,13/11/2015,3701,0,Low,2,0,0.00%,111.41,55.71
CUST02354,Sven Robinson,22,Male,Civil Engineer,Germany,Berlin,Savings,18/11/2015,3696,0,Low,6,0,0.00%,527.39,87.9
CUST02355,Jonathan Harris,44,Male,Retail Manager,United States,Houston,Checking,24/12/2015,3660,0,High,9,0,0.00%,"1,390.54",154.5
CUST02356,Lisa Schmidt,34,Female,Small Business Owner,South Korea,Seoul,Checking,16/12/2018,2572,0,Low,2,0,0.00%,205.62,102.81
CUST02357,Matthew Sanchez,40,Male,Financial Analyst,Singapore,Singapore,Business,26/01/2014,4357,0,Low,5,0,0.00%,732.24,146.45
CUST02358,Grace Thomas,23,Female,Student,Canada,Toronto,Savings,23/10/2021,1530,0,Low,7,0,0.00%,416.05,59.44
CUST02359,Paul Lee,18,Male,Lawyer,United Kingdom,Leeds,Checking,04/08/2020,1975,0,Medium,2,0,0.00%,206.61,103.31
CUST02360,Donna Ramirez,49,Female,Electrician,Australia,Brisbane,Checking,03/09/2014,4137,0,Low,11,1,9.10%,"1,923.89",174.9
CUST02361,James Allen,38,Male,Small Business Owner,South Africa,Johannesburg,Premium,13/03/2023,1024,0,Medium,5,1,20.00%,690.19,138.04
CUST02362,Mateo Davis,43,Male,Architect,Canada,Calgary,Checking,09/01/2023,1087,0,Low,5,0,0.00%,507.77,101.55
CUST02363,Cynthia Johnson,28,Female,Retired,India,Mumbai,Savings,07/05/2020,2064,0,Medium,8,0,0.00%,823.41,102.93
CUST02364,Deborah Rodriguez,34,Female,Project Manager,United States,Phoenix,Savings,07/10/2015,3738,0,Medium,5,0,0.00%,721.88,144.38
CUST02365,Luca Dubois,46,Male,Physician,Brazil,Salvador,Business,21/07/2020,1989,0,Low,5,0,0.00%,692.55,138.51
CUST02366,Luca Harris,44,Male,Marketing Specialist,Germany,Munich,Checking,11/06/2023,934,0,Low,3,0,0.00%,553.05,184.35
CUST02367,Santiago Muller,36,Male,Consultant,United Kingdom,Edinburgh,Checking,20/09/2018,2659,0,Low,7,0,0.00%,878.7,125.53
CUST02368,Christopher Jackson,37,Male,Retired,Spain,Barcelona,Checking,20/03/2019,2478,0,Medium,2,0,0.00%,599.95,299.98
CUST02369,Yuki Green,44,Female,Lawyer,Japan,Osaka,Checking,10/06/2019,2396,0,High,10,0,0.00%,940.29,94.03
CUST02370,Arjun Thompson,50,Male,Sales Manager,Italy,Milan,Premium,27/06/2021,1648,0,Low,6,0,0.00%,"1,264.30",210.72
CUST02371,Christopher Wright,50,Male,Consultant,United Kingdom,Manchester,Savings,05/09/2023,848,0,Low,4,0,0.00%,188.48,47.12
CUST02372,Kwame Okafor,37,Male,Financial Analyst,Netherlands,Amsterdam,Checking,15/10/2021,1538,0,Low,6,0,0.00%,"2,408.54",401.42
CUST02373,Sharon Singh,60,Female,University Professor,India,Delhi,Checking,15/06/2018,2756,0,Low,4,0,0.00%,225.56,56.39
CUST02374,Richard Rodriguez,45,Male,Consultant,Brazil,Salvador,Business,07/02/2017,3249,0,Medium,4,0,0.00%,640,160
CUST02375,Eric Ramirez,52,Male,Electrician,Australia,Perth,Savings,10/10/2023,813,0,Low,5,0,0.00%,382.65,76.53
CUST02376,Amanda Flores,39,Female,Real Estate Agent,Australia,Perth,Premium,22/01/2017,3265,0,Low,4,0,0.00%,"3,231.90",807.98
CUST02377,Joshua Baker,26,Male,Retired,United States,Seattle,Savings,14/11/2014,4065,0,Low,1,0,0.00%,36.62,36.62
CUST02378,Scott Schmidt,29,Male,Accountant,United States,New York,Savings,27/11/2018,2591,0,Low,8,0,0.00%,"2,139.37",267.42
CUST02379,Brian Robinson,41,Male,Police Officer,Spain,Barcelona,Business,23/10/2016,3356,0,Medium,8,0,0.00%,"2,444.61",305.58
CUST02380,Yuki Scott,62,Female,Data Analyst,India,Bengaluru,Checking,12/06/2017,3124,0,High,7,0,0.00%,819.12,117.02
CUST02381,Sarah Adams,29,Female,Operations Manager,Australia,Melbourne,Checking,24/12/2015,3660,0,High,5,0,0.00%,715.36,143.07
CUST02382,Arjun Young,32,Male,Retail Manager,India,Hyderabad,Savings,26/08/2018,2684,0,Low,3,0,0.00%,226.36,75.45
CUST02383,Santiago Gonzalez,34,Male,Lawyer,India,Delhi,Savings,04/12/2016,3314,0,Low,8,1,12.50%,"3,067.41",383.43
CUST02384,Amy Wright,40,Female,Accountant,Brazil,Salvador,Checking,21/07/2019,2355,0,Low,7,0,0.00%,555.34,79.33
CUST02385,Kimberly Jackson,35,Female,Physician,South Africa,Johannesburg,Premium,10/08/2018,2700,0,Low,9,0,0.00%,"3,081.41",342.38
CUST02386,Carol Rivera,27,Female,Customer Support Rep,India,Hyderabad,Savings,05/07/2018,2736,0,Low,6,0,0.00%,"2,308.46",384.74
CUST02387,Carol Rossi,43,Female,Consultant,Canada,Ottawa,Savings,06/01/2014,4377,0,Low,6,0,0.00%,559.79,93.3
CUST02388,Valentina Harris,41,Female,Police Officer,United Kingdom,Leeds,Savings,18/02/2017,3238,0,Low,4,0,0.00%,560.84,140.21
CUST02389,Layla Harris,34,Female,HR Manager,United States,Phoenix,Savings,19/02/2021,1776,0,Low,4,1,25.00%,"1,593.72",398.43
CUST02390,Arjun Johnson,31,Male,Small Business Owner,United States,Phoenix,Checking,18/08/2021,1596,0,Low,7,0,0.00%,"1,400.11",200.02
CUST02391,Wei Wang,30,Male,Accountant,Brazil,Brasilia,Checking,15/09/2018,2664,0,Low,4,0,0.00%,241.95,60.49
CUST02392,Cynthia Carter,43,Female,Data Analyst,Spain,Madrid,Savings,05/04/2017,3192,0,Low,2,0,0.00%,543.34,271.67
CUST02393,Kenneth Ivanov,40,Male,Financial Analyst,South Africa,Johannesburg,Savings,01/01/2016,3652,0,Low,9,0,0.00%,"1,561.92",173.55
CUST02394,Brandon Taylor,58,Male,Consultant,Poland,Warsaw,Checking,13/07/2022,1267,0,Low,4,1,25.00%,"1,641.60",410.4
CUST02395,Nicholas Mitchell,33,Male,Sales Manager,United States,Seattle,Checking,04/08/2014,4167,0,Low,4,0,0.00%,"1,153.47",288.37
CUST02396,Camila Singh,40,Female,Pharmacist,France,Marseille,Savings,26/06/2019,2380,0,Low,6,1,16.70%,"3,190.27",531.71
CUST02397,Zanele Jones,51,Female,Pharmacist,Canada,Montreal,Savings,14/04/2020,2087,0,Medium,4,0,0.00%,462.74,115.69
CUST02398,Aiko Davis,40,Female,Retired,Mexico,Monterrey,Savings,01/12/2015,3683,0,Medium,5,0,0.00%,655.03,131.01
CUST02399,David Moore,52,Male,Sales Manager,United Kingdom,London,Checking,21/01/2018,2901,0,Low,4,0,0.00%,"1,051.65",262.91
CUST02400,Barbara Campbell,37,Female,Physician,Mexico,Guadalajara,Checking,04/01/2023,1092,0,Low,9,1,11.10%,"1,366.30",151.81
CUST02401,Fatima Kim,45,Female,Data Analyst,Singapore,Singapore,Savings,13/01/2018,2909,0,Low,6,1,16.70%,"3,060.94",510.16
CUST02402,Grace Martin,38,Female,Data Analyst,Germany,Berlin,Checking,15/10/2014,4095,0,Medium,5,0,0.00%,692.12,138.42
CUST02403,Pierre King,38,Male,Marketing Specialist,Canada,Vancouver,Savings,15/04/2023,991,0,Low,5,0,0.00%,292.59,58.52
CUST02404,Linda Lewis,27,Female,Retail Manager,Germany,Berlin,Checking,13/06/2023,932,0,Low,1,0,0.00%,37.92,37.92
CUST02405,Christopher Moore,31,Male,HR Manager,United States,Seattle,Premium,19/04/2020,2082,0,Low,4,1,25.00%,844.06,211.02
CUST02406,Rebecca Williams,33,Female,HR Manager,India,Bengaluru,Savings,26/05/2018,2776,1,High,4,0,0.00%,206.41,51.6
CUST02407,Laura Okafor,36,Female,Accountant,Canada,Toronto,Checking,04/09/2021,1579,0,Low,5,1,20.00%,742.51,148.5
CUST02408,Brandon Rossi,66,Male,Software Engineer,Germany,Frankfurt,Premium,19/01/2016,3634,0,Medium,5,0,0.00%,"4,126.75",825.35
CUST02409,Aiko Perez,38,Female,Lawyer,India,Delhi,Checking,19/03/2022,1383,0,Low,6,0,0.00%,626.81,104.47
CUST02410,Layla Torres,38,Female,Financial Analyst,Italy,Naples,Checking,11/03/2018,2852,0,Medium,7,0,0.00%,825.12,117.87
CUST02411,Zanele Allen,53,Female,Consultant,United States,Houston,Checking,02/04/2020,2099,0,Low,1,0,0.00%,209.57,209.57
CUST02412,Wei Torres,51,Male,Chef,United States,New York,Checking,04/12/2018,2584,0,Low,5,0,0.00%,"1,407.21",281.44
CUST02413,Aiko Kim,35,Female,Civil Engineer,Mexico,Mexico City,Checking,28/08/2022,1221,1,High,7,0,0.00%,377.81,53.97
CUST02414,Layla Clark,34,Female,Civil Engineer,United States,Phoenix,Savings,31/07/2014,4171,0,High,7,0,0.00%,546.51,78.07
CUST02415,Brandon Hill,30,Male,Physician,France,Nice,Business,24/04/2023,982,0,Medium,2,0,0.00%,284.37,142.19
CUST02416,Santiago Allen,36,Male,Civil Engineer,India,Hyderabad,Checking,27/08/2023,857,0,Low,2,0,0.00%,228.39,114.2
CUST02417,Matthew Nelson,44,Male,Civil Engineer,Brazil,Salvador,Business,20/04/2013,4638,0,Low,4,0,0.00%,724.41,181.1
CUST02418,Amy Patel,32,Female,Architect,United States,Chicago,Savings,05/08/2013,4531,0,Low,3,0,0.00%,433.72,144.57
CUST02419,Donna Young,33,Female,Accountant,United Kingdom,Leeds,Savings,19/09/2022,1199,0,Low,4,0,0.00%,858.16,214.54
CUST02420,Amara Miller,48,Female,University Professor,South Africa,Johannesburg,Savings,20/04/2013,4638,0,Medium,6,1,16.70%,"1,588.70",264.78
CUST02421,Jacob Carter,59,Male,Retired,Canada,Ottawa,Premium,20/02/2013,4697,0,Low,5,0,0.00%,453.73,90.75
CUST02422,Mark Harris,46,Male,Electrician,France,Marseille,Checking,25/01/2023,1071,0,Low,4,0,0.00%,731.06,182.77
CUST02423,Michelle Jones,26,Female,Plumber,South Korea,Seoul,Checking,13/07/2020,1997,0,Medium,6,0,0.00%,"1,038.18",173.03
CUST02424,Santiago Clark,29,Male,Nurse,Nigeria,Lagos,Checking,18/01/2014,4365,0,Low,5,0,0.00%,340.03,68.01
CUST02425,James Anderson,49,Male,Accountant,United States,Houston,Savings,25/10/2018,2624,0,Low,3,0,0.00%,299.66,99.89
CUST02426,Freya Wright,39,Female,Financial Analyst,Italy,Rome,Checking,15/01/2016,3638,0,Low,4,0,0.00%,365.01,91.25
CUST02427,Ahmed Martin,55,Male,Civil Engineer,Ireland,Dublin,Premium,18/06/2019,2388,0,Low,6,0,0.00%,"1,543.63",257.27
CUST02428,Eric Singh,56,Male,Customer Support Rep,Germany,Hamburg,Checking,18/04/2019,2449,0,Low,6,0,0.00%,764.39,127.4
CUST02429,Mateo Garcia,18,Male,Real Estate Agent,Australia,Sydney,Business,28/02/2013,4689,0,Low,5,0,0.00%,"1,298.15",259.63
CUST02430,Joshua Dubois,29,Male,Civil Engineer,Netherlands,Rotterdam,Savings,25/08/2023,859,0,Low,4,0,0.00%,586.48,146.62
CUST02431,Margaret Walker,35,Female,Student,Australia,Perth,Checking,31/10/2014,4079,1,High,7,0,0.00%,"1,576.38",225.2
CUST02432,Olga Singh,54,Female,Data Analyst,Canada,Calgary,Business,15/01/2015,4003,0,Medium,3,0,0.00%,257.4,85.8
CUST02433,Linda Torres,29,Female,Physician,India,Mumbai,Checking,19/03/2017,3209,0,Low,7,0,0.00%,"1,090.06",155.72
CUST02434,Ingrid Lee,38,Female,Physician,United States,Seattle,Checking,11/10/2015,3734,0,Low,4,1,25.00%,799.8,199.95
CUST02435,Luca Hall,46,Male,Electrician,Italy,Milan,Checking,31/05/2017,3136,0,Low,7,0,0.00%,834.71,119.24
CUST02436,Timothy Nguyen,40,Male,Sales Manager,South Africa,Durban,Business,29/06/2015,3838,0,Medium,6,0,0.00%,466.64,77.77
CUST02437,Laura Campbell,52,Female,Electrician,Spain,Madrid,Checking,02/03/2017,3226,0,Medium,5,0,0.00%,632.05,126.41
CUST02438,Timothy Muller,28,Male,Chef,United Kingdom,Leeds,Business,04/04/2014,4289,0,Low,5,0,0.00%,264.71,52.94
CUST02439,Amanda Santos,44,Female,Police Officer,Germany,Munich,Checking,16/03/2017,3212,0,Low,4,1,25.00%,642.35,160.59
CUST02440,Layla Lee,64,Female,University Professor,United States,Chicago,Savings,07/10/2014,4103,0,Low,3,0,0.00%,"1,543.82",514.61
CUST02441,Rebecca Hernandez,32,Female,Customer Support Rep,Australia,Perth,Checking,16/01/2014,4367,0,Low,6,1,16.70%,"1,014.77",169.13
CUST02442,Jennifer Suzuki,31,Female,Nurse,Italy,Rome,Savings,23/01/2021,1803,0,Low,4,1,25.00%,"2,860.76",715.19
CUST02443,Nancy Robinson,44,Female,Real Estate Agent,United States,Seattle,Premium,08/06/2018,2763,0,Low,3,0,0.00%,590,196.67
CUST02444,Hana Mitchell,33,Female,Data Analyst,Australia,Perth,Checking,20/01/2018,2902,0,Medium,4,0,0.00%,210.51,52.63
CUST02445,Scott Hall,43,Male,Retired,United States,Miami,Savings,16/03/2016,3577,0,Medium,4,0,0.00%,"2,007.67",501.92
CUST02446,Raj Ivanov,27,Male,Sales Manager,Australia,Melbourne,Savings,21/11/2015,3693,1,High,10,0,0.00%,"1,419.38",141.94
CUST02447,Aiko Wilson,41,Female,Retail Manager,Germany,Munich,Savings,25/08/2013,4511,0,Low,4,0,0.00%,"1,331.00",332.75
CUST02448,Ashley Kim,51,Female,Small Business Owner,United States,Houston,Premium,04/11/2017,2979,0,Low,1,0,0.00%,121.94,121.94
CUST02449,Margaret Brown,30,Female,Software Engineer,India,Mumbai,Premium,08/08/2020,1971,0,Medium,3,0,0.00%,277.7,92.57
CUST02450,Klaus Martinez,37,Male,Accountant,South Korea,Busan,Premium,05/11/2018,2613,0,Low,4,0,0.00%,943.53,235.88
CUST02451,Timothy Kim,56,Male,Software Engineer,Canada,Ottawa,Savings,21/07/2020,1989,0,Low,6,0,0.00%,463.14,77.19
CUST02452,Kevin Kumar,35,Male,Architect,Canada,Ottawa,Business,10/08/2013,4526,0,Low,6,0,0.00%,523.61,87.27
CUST02453,Jennifer Rossi,42,Female,Teacher,Germany,Hamburg,Checking,02/05/2020,2069,0,Low,4,0,0.00%,804.07,201.02
CUST02454,Nicholas Roberts,40,Male,Freelance Writer,United Arab Emirates,Sharjah,Premium,15/04/2015,3913,0,Medium,6,0,0.00%,357.41,59.57
CUST02455,Amara Hall,27,Female,Real Estate Agent,Italy,Turin,Premium,13/08/2023,871,0,Low,5,0,0.00%,"1,654.34",330.87
CUST02456,Zanele Lopez,52,Female,Retail Manager,United States,Phoenix,Business,27/10/2017,2987,0,Medium,7,0,0.00%,996.81,142.4
CUST02457,Kwame Gonzalez,68,Male,Chef,France,Nice,Checking,09/07/2015,3828,0,Medium,9,0,0.00%,"1,984.04",220.45
CUST02458,Priya Jones,48,Female,Consultant,Germany,Frankfurt,Savings,21/09/2017,3023,0,Low,4,0,0.00%,401.51,100.38
CUST02459,Betty Chen,24,Female,Nurse,United Kingdom,London,Checking,02/04/2016,3560,0,Low,3,0,0.00%,354.84,118.28
CUST02460,Thandiwe Brown,40,Female,Police Officer,Nigeria,Abuja,Checking,22/02/2023,1043,0,Low,2,0,0.00%,68.84,34.42
CUST02461,Ahmed Haddad,63,Male,Lawyer,United States,New York,Premium,29/01/2021,1797,0,Medium,6,0,0.00%,471.54,78.59
CUST02462,Fatima Thompson,59,Female,Plumber,United Kingdom,Edinburgh,Checking,18/08/2020,1961,0,Medium,8,0,0.00%,"2,013.21",251.65
CUST02463,Benjamin Nelson,48,Male,Electrician,United States,Los Angeles,Checking,20/03/2016,3573,0,Low,2,0,0.00%,234.98,117.49
CUST02464,Margaret Dubois,52,Female,Retail Manager,United States,Houston,Checking,09/11/2023,783,0,Low,7,1,14.30%,"1,673.45",239.06
CUST02465,Valentina Thompson,55,Female,Freelance Writer,Singapore,Singapore,Checking,06/06/2023,939,0,Medium,5,0,0.00%,"2,099.09",419.82
CUST02466,Chidi Silva,32,Male,Marketing Specialist,United States,Boston,Premium,08/11/2014,4071,0,Low,4,0,0.00%,"1,279.33",319.83
CUST02467,Susan Perez,43,Female,Sales Manager,Germany,Munich,Business,14/08/2015,3792,0,Low,4,0,0.00%,390.4,97.6
CUST02468,Patricia Khan,32,Female,Retail Manager,United Kingdom,Birmingham,Savings,05/01/2015,4013,0,Low,6,0,0.00%,746.07,124.35
CUST02469,Jonathan Mitchell,57,Male,Pharmacist,Brazil,Sao Paulo,Premium,24/03/2019,2474,0,High,5,0,0.00%,646.37,129.27
CUST02470,Justin Kumar,27,Male,Accountant,United Kingdom,London,Savings,10/12/2022,1117,0,Low,5,0,0.00%,704.89,140.98
CUST02471,Melissa Schmidt,37,Female,Lawyer,Poland,Warsaw,Savings,02/10/2013,4473,0,High,4,0,0.00%,709.48,177.37
CUST02472,Michael Lee,67,Male,Accountant,Singapore,Singapore,Business,19/06/2016,3482,0,Medium,5,0,0.00%,"1,887.33",377.47
CUST02473,Ingrid Mitchell,19,Female,Data Analyst,Canada,Montreal,Checking,24/07/2018,2717,0,Low,5,0,0.00%,"1,576.19",315.24
CUST02474,Lisa Chen,37,Female,Nurse,Germany,Berlin,Savings,25/04/2021,1711,0,High,7,0,0.00%,719.54,102.79
CUST02475,Luca Patel,26,Male,Software Engineer,Canada,Montreal,Premium,01/04/2023,1005,0,Low,6,0,0.00%,336.38,56.06
CUST02476,Jonathan Wright,18,Male,Project Manager,France,Paris,Premium,08/07/2020,2002,0,Medium,2,0,0.00%,424.88,212.44
CUST02477,Rafael Young,46,Male,University Professor,Australia,Perth,Checking,08/12/2014,4041,0,Low,7,0,0.00%,556.15,79.45
CUST02478,Priya Dubois,31,Female,Civil Engineer,Germany,Berlin,Checking,26/12/2021,1466,0,Low,7,0,0.00%,767.39,109.63
CUST02479,Ingrid Martinez,54,Female,Sales Manager,United Kingdom,Manchester,Checking,20/04/2014,4273,0,Medium,2,0,0.00%,176.39,88.2
CUST02480,Elizabeth Dubois,50,Female,HR Manager,United States,Los Angeles,Business,28/07/2017,3078,0,Low,10,0,0.00%,"2,478.82",247.88
CUST02481,Laura Campbell,26,Female,Marketing Specialist,United States,Phoenix,Checking,13/05/2019,2424,0,Low,4,0,0.00%,261.79,65.45
CUST02482,Chidi Adams,30,Male,Freelance Writer,India,Chennai,Checking,11/08/2023,873,0,Low,5,0,0.00%,693.24,138.65
CUST02483,Deborah Patel,19,Female,Chef,United States,Houston,Checking,11/07/2015,3826,0,Low,5,0,0.00%,748.08,149.62
CUST02484,Sven Tanaka,50,Male,Plumber,Brazil,Salvador,Checking,03/09/2016,3406,0,Medium,5,0,0.00%,659.97,131.99
CUST02485,Ashley Suzuki,21,Female,Small Business Owner,Germany,Hamburg,Savings,02/04/2015,3926,0,Low,6,0,0.00%,"1,520.69",253.45
CUST02486,Laura Rodriguez,18,Female,Data Analyst,United States,Los Angeles,Savings,08/01/2016,3645,0,Low,6,0,0.00%,731.08,121.85
CUST02487,Wei Garcia,67,Male,Physician,Germany,Frankfurt,Savings,06/07/2019,2370,0,Low,3,0,0.00%,"2,100.69",700.23
CUST02488,Amanda Hill,30,Female,Customer Support Rep,Brazil,Brasilia,Savings,11/08/2013,4525,0,Low,8,0,0.00%,"2,159.83",269.98
CUST02489,Aiko Rossi,51,Female,Lawyer,Australia,Melbourne,Checking,28/08/2018,2682,0,Medium,5,0,0.00%,499.73,99.95
CUST02490,Amanda Park,45,Female,HR Manager,France,Paris,Checking,05/02/2021,1790,0,Medium,7,0,0.00%,"2,477.35",353.91
CUST02491,Donna Tanaka,42,Female,Marketing Specialist,Australia,Brisbane,Checking,11/07/2013,4556,0,Low,6,0,0.00%,520.27,86.71
CUST02492,Olga Harris,33,Female,Physician,France,Marseille,Savings,08/10/2021,1545,0,Low,4,1,25.00%,"1,197.49",299.37
CUST02493,Laura Scott,59,Female,Financial Analyst,Mexico,Monterrey,Business,02/03/2019,2496,0,Low,5,0,0.00%,387.25,77.45
CUST02494,Samuel Moore,49,Male,Operations Manager,South Korea,Busan,Premium,15/10/2021,1538,0,Low,7,0,0.00%,"1,630.54",232.93
CUST02495,Larry Okafor,38,Male,Consultant,Canada,Vancouver,Savings,21/12/2014,4028,0,Low,5,0,0.00%,576.66,115.33
CUST02496,Jessica Nguyen,25,Female,Pharmacist,Brazil,Rio de Janeiro,Savings,12/08/2021,1602,0,Low,3,0,0.00%,344.39,114.8
CUST02497,Amanda White,35,Female,Plumber,Nigeria,Abuja,Checking,19/09/2019,2295,0,High,5,0,0.00%,824.98,165
CUST02498,Kenneth Haddad,51,Male,Chef,United States,Seattle,Checking,12/04/2022,1359,0,Low,4,0,0.00%,461.09,115.27
CUST02499,Joseph Carter,51,Male,Customer Support Rep,Australia,Perth,Business,19/11/2023,773,0,Low,8,0,0.00%,564.02,70.5
CUST02500,Emily Silva,46,Female,Chef,India,Hyderabad,Premium,17/05/2017,3150,0,Low,3,0,0.00%,"1,455.15",485.05
CUST02501,Laura Sanchez,50,Female,Financial Analyst,Spain,Madrid,Business,15/02/2019,2511,0,Medium,5,0,0.00%,317.62,63.52
CUST02502,Richard Schmidt,37,Male,Electrician,United States,Miami,Premium,29/05/2020,2042,0,Low,5,0,0.00%,299.71,59.94
CUST02503,Ronald Miller,40,Male,Teacher,France,Paris,Savings,22/10/2020,1896,0,Low,3,0,0.00%,216.29,72.1
CUST02504,Sarah Gonzalez,44,Female,Police Officer,United States,Miami,Premium,15/08/2021,1599,1,High,8,1,12.50%,"1,088.42",136.05
CUST02505,Linda Johnson,36,Female,Nurse,Mexico,Guadalajara,Savings,01/12/2016,3317,0,Low,3,0,0.00%,372.7,124.23
CUST02506,Steven Robinson,45,Male,Marketing Specialist,United Kingdom,Leeds,Premium,24/02/2017,3232,0,Low,5,0,0.00%,976.22,195.24
CUST02507,Justin Rivera,69,Male,Customer Support Rep,United States,Houston,Savings,21/03/2022,1381,1,High,6,2,33.30%,802.43,133.74
CUST02508,Zanele Lewis,53,Female,Graphic Designer,United States,Miami,Checking,22/08/2021,1592,0,Low,5,0,0.00%,"1,016.14",203.23
CUST02509,Daniel Lopez,38,Male,Project Manager,United States,Phoenix,Savings,04/11/2014,4075,0,Medium,3,0,0.00%,148.3,49.43
CUST02510,Kofi Chen,51,Male,Marketing Specialist,Brazil,Rio de Janeiro,Premium,07/10/2018,2642,0,Low,4,0,0.00%,"1,218.51",304.63
CUST02511,Sandra Scott,33,Female,Nurse,Canada,Toronto,Checking,29/03/2021,1738,0,Low,8,1,12.50%,"3,424.47",428.06
CUST02512,Chidi Roberts,46,Male,Chef,Netherlands,Amsterdam,Premium,25/04/2021,1711,0,Low,9,2,22.20%,"1,723.23",191.47
CUST02513,Mohammed Khan,34,Male,Chef,United Kingdom,Manchester,Savings,19/08/2015,3787,0,Medium,3,0,0.00%,479.3,159.77
CUST02514,Zanele Carter,27,Female,Software Engineer,South Korea,Busan,Savings,14/08/2021,1600,0,Medium,11,0,0.00%,"5,692.95",517.54
CUST02515,Sven Kim,22,Male,Consultant,Germany,Frankfurt,Savings,09/09/2023,844,0,Medium,4,0,0.00%,662.07,165.52
CUST02516,Cynthia Clark,42,Female,Physician,United Kingdom,Manchester,Checking,12/01/2016,3641,0,Low,6,0,0.00%,758.2,126.37
CUST02517,Isabella Carter,40,Female,Graphic Designer,Brazil,Salvador,Premium,06/08/2021,1608,0,Low,5,0,0.00%,444.3,88.86
CUST02518,Kenneth Young,48,Male,Student,France,Marseille,Premium,04/11/2013,4440,0,Low,5,0,0.00%,480.01,96
CUST02519,Priya Brown,46,Female,Real Estate Agent,Singapore,Singapore,Premium,06/09/2016,3403,0,Low,3,0,0.00%,505.68,168.56
CUST02520,Ivan Williams,43,Male,Lawyer,Canada,Ottawa,Business,19/01/2020,2173,0,Low,7,0,0.00%,481.73,68.82
CUST02521,Ryan Ali,18,Male,Police Officer,France,Nice,Savings,01/12/2022,1126,0,Low,5,0,0.00%,439.1,87.82
CUST02522,Kenneth Campbell,62,Male,Police Officer,Italy,Naples,Checking,21/07/2018,2720,0,Low,6,0,0.00%,"1,772.14",295.36
CUST02523,Brandon Suzuki,51,Male,Architect,United States,Houston,Business,08/06/2014,4224,1,High,3,1,33.30%,"1,526.96",508.99
CUST02524,John Robinson,27,Male,Accountant,United Kingdom,Manchester,Checking,19/11/2022,1138,0,Low,9,0,0.00%,"1,186.73",131.86
CUST02525,Emily Hernandez,44,Female,HR Manager,United States,Phoenix,Checking,03/11/2018,2615,0,Low,9,0,0.00%,"1,195.98",132.89
CUST02526,Ryan Scott,53,Male,University Professor,South Korea,Seoul,Checking,08/05/2021,1698,0,Medium,7,0,0.00%,"1,433.45",204.78
CUST02527,David Robinson,18,Male,University Professor,Australia,Sydney,Checking,15/12/2016,3303,0,Medium,6,0,0.00%,923.85,153.98
CUST02528,Yuki Thompson,34,Female,Small Business Owner,United Kingdom,Leeds,Savings,24/08/2018,2686,0,Low,9,0,0.00%,"1,730.59",192.29
CUST02529,Ashley Williams,43,Female,Operations Manager,South Korea,Seoul,Savings,28/02/2017,3228,0,Medium,3,0,0.00%,212.67,70.89
CUST02530,Richard Wright,43,Male,Customer Support Rep,Canada,Vancouver,Checking,06/12/2017,2947,0,Low,3,0,0.00%,424.18,141.39
CUST02531,Pierre Mitchell,43,Male,Retired,India,Delhi,Savings,17/03/2022,1385,0,Low,10,0,0.00%,"1,768.31",176.83
CUST02532,Sven Johnson,29,Male,Consultant,United States,Chicago,Savings,30/04/2015,3898,0,Low,3,0,0.00%,893.07,297.69
CUST02533,Aiko Santos,29,Female,Plumber,United States,New York,Checking,03/07/2019,2373,0,Low,6,0,0.00%,916.16,152.69
CUST02534,Christopher Taylor,32,Male,Marketing Specialist,United Kingdom,Leeds,Savings,25/07/2014,4177,0,Medium,7,0,0.00%,"1,269.65",181.38
CUST02535,Amy Young,29,Female,Chef,Canada,Vancouver,Savings,15/12/2015,3669,0,Low,6,1,16.70%,"3,056.11",509.35
CUST02536,Raj Garcia,61,Male,Accountant,India,Chennai,Checking,25/05/2022,1316,1,High,3,0,0.00%,327.6,109.2
CUST02537,Ivan Rossi,46,Male,Real Estate Agent,India,Chennai,Checking,30/09/2017,3014,0,Low,10,1,10.00%,"1,815.08",181.51
CUST02538,Jonathan Muller,48,Male,Pharmacist,Mexico,Monterrey,Savings,14/12/2019,2209,0,Low,4,0,0.00%,"1,290.28",322.57
CUST02539,Layla Kim,34,Female,Freelance Writer,Mexico,Guadalajara,Checking,18/01/2018,2904,0,Low,5,0,0.00%,339.59,67.92
CUST02540,Kofi Silva,35,Male,Sales Manager,Australia,Sydney,Savings,07/08/2021,1607,0,Medium,1,0,0.00%,69.98,69.98
CUST02541,Michelle Anderson,39,Female,Architect,United States,Miami,Checking,18/08/2019,2327,0,Low,5,0,0.00%,"1,389.07",277.81
CUST02542,Brian Rossi,55,Male,Civil Engineer,France,Paris,Savings,03/07/2021,1642,0,Low,5,0,0.00%,469.75,93.95
CUST02543,Karen Ali,26,Female,University Professor,Brazil,Rio de Janeiro,Checking,22/08/2016,3418,0,Low,5,0,0.00%,771.85,154.37
CUST02544,Christopher Williams,47,Male,Plumber,United States,Houston,Checking,14/10/2013,4461,0,Low,6,0,0.00%,821.54,136.92
CUST02545,Gary Muller,49,Male,Physician,India,Delhi,Savings,22/09/2018,2657,0,Low,3,0,0.00%,112.58,37.53
CUST02546,Ashley Jackson,32,Female,Plumber,Germany,Berlin,Savings,09/08/2020,1970,0,Low,5,1,20.00%,265.25,53.05
CUST02547,Rafael Roberts,33,Male,Plumber,United States,Miami,Checking,17/01/2023,1079,0,Low,5,0,0.00%,299.87,59.97
CUST02548,Stephen Okafor,64,Male,Retail Manager,United Kingdom,London,Savings,12/06/2013,4585,0,Medium,6,0,0.00%,"1,568.42",261.4
CUST02549,Elizabeth Rivera,52,Female,Consultant,Japan,Osaka,Savings,09/06/2020,2031,0,Low,6,0,0.00%,964.58,160.76
CUST02550,Richard Jackson,41,Male,Retired,United Kingdom,Leeds,Checking,23/11/2020,1864,0,Low,6,0,0.00%,"1,453.82",242.3
CUST02551,Camila Suzuki,55,Female,Physician,Canada,Toronto,Premium,22/11/2018,2596,0,Low,3,0,0.00%,350.04,116.68
CUST02552,Amy Hall,32,Female,Architect,United States,Seattle,Checking,21/09/2020,1927,0,Low,5,0,0.00%,"1,183.28",236.66
CUST02553,Anastasia Thomas,56,Female,Plumber,United States,Boston,Checking,01/06/2015,3866,0,Medium,3,0,0.00%,824.98,274.99
CUST02554,Jennifer Okafor,31,Female,Retired,United States,Los Angeles,Business,23/01/2013,4725,0,High,4,0,0.00%,243.48,60.87
CUST02555,Amanda Khan,37,Female,Retired,Canada,Montreal,Premium,22/04/2022,1349,0,Low,8,0,0.00%,783.59,97.95
CUST02556,Barbara Roberts,34,Female,Financial Analyst,India,Chennai,Premium,13/06/2021,1662,1,High,6,0,0.00%,"1,676.07",279.35
CUST02557,Thomas Harris,49,Male,Electrician,Italy,Milan,Savings,28/03/2019,2470,0,Low,6,0,0.00%,884.41,147.4
CUST02558,Sharon Okafor,63,Female,Project Manager,Australia,Brisbane,Savings,24/08/2013,4512,0,Low,6,0,0.00%,"1,542.82",257.14
CUST02559,Nancy Jones,41,Female,Financial Analyst,United States,Boston,Business,04/02/2015,3983,0,Medium,10,0,0.00%,"1,188.14",118.81
CUST02560,Daniel Silva,66,Male,Nurse,Germany,Berlin,Checking,31/05/2016,3501,0,Low,5,0,0.00%,"1,030.95",206.19
CUST02561,Amara Mitchell,23,Female,University Professor,Germany,Hamburg,Business,15/03/2013,4674,0,Low,2,0,0.00%,292.28,146.14
CUST02562,Freya Nelson,31,Female,Pharmacist,Italy,Naples,Savings,05/01/2018,2917,0,Low,5,0,0.00%,392.57,78.51
CUST02563,Aoife Suzuki,39,Female,Real Estate Agent,Italy,Naples,Checking,17/11/2014,4062,0,Low,5,0,0.00%,"1,139.34",227.87
CUST02564,Sandra Williams,56,Female,Electrician,South Africa,Cape Town,Savings,13/11/2020,1874,0,Medium,9,0,0.00%,914.51,101.61
CUST02565,Fatima Kim,18,Female,Teacher,India,Hyderabad,Premium,20/07/2020,1990,0,Low,10,1,10.00%,"1,147.52",114.75
CUST02566,Arjun Jackson,41,Male,Data Analyst,France,Lyon,Savings,13/06/2014,4219,0,Low,5,0,0.00%,624.48,124.9
CUST02567,Ashley Muller,46,Female,Plumber,Ireland,Dublin,Checking,14/07/2013,4553,0,Low,6,0,0.00%,870.44,145.07
CUST02568,Deborah Chen,56,Female,Retired,Germany,Hamburg,Checking,21/03/2019,2477,0,High,4,1,25.00%,"1,193.42",298.36
CUST02569,Steven Lee,18,Male,Architect,United States,Boston,Savings,13/04/2013,4645,0,Low,7,0,0.00%,762.5,108.93
CUST02570,Brian Davis,46,Male,Electrician,United Kingdom,Edinburgh,Business,12/10/2014,4098,0,Low,2,0,0.00%,115.74,57.87
CUST02571,Michael Nelson,65,Male,Physician,United States,Los Angeles,Business,19/06/2020,2021,0,Low,4,0,0.00%,"1,337.81",334.45
CUST02572,Fatima Patel,18,Female,Project Manager,United States,Houston,Checking,17/05/2019,2420,0,Low,2,0,0.00%,232.05,116.03
CUST02573,Steven Perez,66,Male,Consultant,United States,Chicago,Checking,19/03/2017,3209,0,Medium,6,0,0.00%,"1,471.71",245.29
CUST02574,William Gonzalez,42,Male,Accountant,United States,Los Angeles,Premium,28/12/2014,4021,0,Low,5,0,0.00%,644.38,128.88
CUST02575,Ryan Silva,35,Male,Plumber,India,Mumbai,Checking,10/06/2013,4587,0,Low,5,0,0.00%,"1,033.57",206.71
CUST02576,Valentina Martin,54,Female,Teacher,United Kingdom,London,Checking,20/08/2018,2690,0,Low,3,0,0.00%,714.97,238.32
CUST02577,Kwame Campbell,74,Male,Real Estate Agent,Mexico,Monterrey,Savings,16/08/2013,4520,0,Low,6,0,0.00%,"1,450.55",241.76
CUST02578,Scott Lopez,46,Male,Teacher,Australia,Melbourne,Savings,27/11/2013,4417,0,Low,4,0,0.00%,402.81,100.7
CUST02579,Brandon Hernandez,35,Male,Teacher,United States,New York,Savings,16/09/2014,4124,0,Low,3,0,0.00%,576.54,192.18
CUST02580,Rebecca Rossi,48,Female,Nurse,Spain,Barcelona,Premium,07/04/2017,3190,0,Low,5,0,0.00%,386,77.2
CUST02581,Elizabeth Torres,40,Female,Sales Manager,India,Mumbai,Checking,26/09/2018,2653,0,Low,6,0,0.00%,605.73,100.96
CUST02582,Wei Tanaka,28,Male,Nurse,India,Chennai,Checking,12/02/2017,3244,0,Low,5,0,0.00%,186,37.2
CUST02583,Edward Baker,30,Male,Real Estate Agent,Singapore,Singapore,Checking,16/02/2016,3606,0,Low,4,0,0.00%,160.53,40.13
CUST02584,Stephen Flores,50,Male,Small Business Owner,Italy,Turin,Premium,26/03/2019,2472,0,Low,4,0,0.00%,157.81,39.45
CUST02585,Kofi Flores,49,Male,Real Estate Agent,Australia,Brisbane,Checking,23/07/2021,1622,0,Medium,4,1,25.00%,336.37,84.09
CUST02586,Christopher Jones,32,Male,Accountant,United States,New York,Checking,30/04/2017,3167,0,Low,4,0,0.00%,786.47,196.62
CUST02587,Jacob Taylor,60,Male,Sales Manager,United Kingdom,London,Checking,01/10/2020,1917,0,Low,1,0,0.00%,"2,790.31","2,790.31"
CUST02588,Anastasia Walker,55,Female,Student,Japan,Nagoya,Checking,14/01/2019,2543,0,Medium,6,0,0.00%,"1,126.32",187.72
CUST02589,Sofia Okafor,47,Female,Retired,United Kingdom,Leeds,Checking,11/07/2020,1999,0,Medium,6,0,0.00%,"1,563.98",260.66
CUST02590,Nicholas Jones,32,Male,Physician,South Africa,Johannesburg,Checking,16/07/2019,2360,0,Low,3,0,0.00%,173.85,57.95
CUST02591,Robert Allen,55,Male,Lawyer,United Kingdom,Manchester,Savings,22/10/2014,4088,0,Low,6,1,16.70%,"1,691.21",281.87
CUST02592,Rebecca Adams,43,Female,Chef,Canada,Vancouver,Premium,09/10/2014,4101,0,Low,5,0,0.00%,273.12,54.62
CUST02593,Sharon Green,44,Female,Police Officer,India,Hyderabad,Checking,09/03/2014,4315,0,Low,2,0,0.00%,171.51,85.76
CUST02594,Sven Perez,26,Male,Financial Analyst,Ireland,Cork,Checking,16/11/2022,1141,0,Low,5,0,0.00%,"1,446.95",289.39
CUST02595,Karen Garcia,36,Female,Plumber,Netherlands,Amsterdam,Savings,24/03/2021,1743,0,Low,7,0,0.00%,"1,675.98",239.43
CUST02596,Kenneth Sanchez,62,Male,Retired,France,Lyon,Savings,27/03/2019,2471,1,High,3,0,0.00%,235.27,78.42
CUST02597,Ronald Baker,53,Male,Operations Manager,Canada,Ottawa,Checking,27/09/2019,2287,0,Low,4,0,0.00%,676,169
CUST02598,Klaus Santos,44,Male,Civil Engineer,United States,Houston,Checking,06/04/2022,1365,0,Medium,8,0,0.00%,"3,000.90",375.11
CUST02599,Layla Santos,55,Female,Financial Analyst,India,Hyderabad,Premium,16/07/2019,2360,0,Low,5,0,0.00%,"1,474.69",294.94
CUST02600,Amara Sanchez,57,Female,Electrician,Italy,Rome,Checking,26/10/2018,2623,0,Medium,5,0,0.00%,"1,481.24",296.25
CUST02601,Donna Park,27,Female,Freelance Writer,France,Nice,Savings,03/06/2023,942,0,Low,2,0,0.00%,389.65,194.83
CUST02602,Brandon Rodriguez,52,Male,Retail Manager,India,Chennai,Checking,02/07/2013,4565,0,Low,9,0,0.00%,"3,991.45",443.49
CUST02603,Olga Robinson,42,Female,Police Officer,Italy,Naples,Savings,23/07/2014,4179,0,Low,4,0,0.00%,671.33,167.83
CUST02604,Kevin Jones,47,Male,Customer Support Rep,Germany,Munich,Savings,04/06/2016,3497,0,High,3,0,0.00%,179.43,59.81
CUST02605,Andrew Smith,48,Male,HR Manager,Netherlands,Amsterdam,Savings,19/06/2023,926,0,Medium,2,0,0.00%,119.52,59.76
CUST02606,Ashley Patel,36,Female,Software Engineer,Canada,Calgary,Business,21/05/2023,955,0,Low,4,0,0.00%,775.25,193.81
CUST02607,Kimberly Park,18,Female,Customer Support Rep,France,Nice,Checking,27/09/2023,826,0,Low,4,0,0.00%,"1,200.26",300.07
CUST02608,Yuki Flores,26,Female,Freelance Writer,Singapore,Singapore,Checking,08/05/2018,2794,0,Low,10,0,0.00%,930.04,93
CUST02609,Hiroshi Okafor,52,Male,Small Business Owner,Ireland,Dublin,Savings,30/04/2014,4263,0,Low,4,0,0.00%,690.66,172.67
CUST02610,Freya Nelson,49,Female,Graphic Designer,Netherlands,The Hague,Premium,24/07/2016,3447,0,Low,4,0,0.00%,892.7,223.18
CUST02611,Barbara Nelson,47,Female,Pharmacist,Japan,Osaka,Checking,21/04/2013,4637,0,Low,8,0,0.00%,"1,928.62",241.08
CUST02612,Luca King,43,Male,Graphic Designer,United States,Phoenix,Checking,21/05/2016,3511,0,Low,1,0,0.00%,124.93,124.93
CUST02613,Ryan Clark,45,Male,Retired,Mexico,Mexico City,Business,13/11/2019,2240,0,Low,5,0,0.00%,458.91,91.78
CUST02614,Michelle Botha,29,Female,Student,India,Hyderabad,Business,02/10/2016,3377,0,Low,1,0,0.00%,185.31,185.31
CUST02615,Jessica Smith,53,Female,Marketing Specialist,United States,Los Angeles,Premium,10/03/2015,3949,0,Medium,7,0,0.00%,430.22,61.46
CUST02616,Kimberly Thompson,51,Female,Nurse,United States,Boston,Checking,19/02/2020,2142,0,Low,2,0,0.00%,204.04,102.02
CUST02617,Thandiwe Park,42,Female,Chef,France,Paris,Checking,10/07/2018,2731,0,Medium,6,0,0.00%,345.9,57.65
CUST02618,William Rivera,18,Male,Operations Manager,Canada,Toronto,Checking,17/12/2019,2206,0,Low,4,1,25.00%,453.92,113.48
CUST02619,Ingrid Allen,18,Female,Retired,United Kingdom,London,Checking,14/09/2013,4491,0,Medium,6,0,0.00%,"1,581.73",263.62
CUST02620,Yuki Lopez,51,Female,Accountant,Poland,Warsaw,Checking,14/04/2022,1357,0,Low,2,0,0.00%,340.98,170.49
CUST02621,Grace Park,60,Female,Civil Engineer,Canada,Calgary,Business,20/07/2013,4547,0,Low,5,0,0.00%,547.74,109.55
CUST02622,George Roberts,51,Male,Operations Manager,Australia,Perth,Savings,04/10/2022,1184,0,High,5,0,0.00%,"1,244.86",248.97
CUST02623,Rebecca Ramirez,36,Female,Graphic Designer,United Kingdom,Manchester,Savings,15/12/2016,3303,0,Medium,2,0,0.00%,261.21,130.61
CUST02624,Layla Rodriguez,18,Female,Retired,Brazil,Rio de Janeiro,Business,24/07/2014,4178,0,Low,3,0,0.00%,580.88,193.63
CUST02625,Fatima Mensah,45,Female,Freelance Writer,Canada,Calgary,Savings,30/07/2019,2346,0,Low,1,0,0.00%,22.93,22.93
CUST02626,Mateo Garcia,47,Male,Teacher,Mexico,Guadalajara,Savings,23/10/2021,1530,1,High,7,2,28.60%,"1,677.21",239.6
CUST02627,Hiroshi Mitchell,53,Male,Pharmacist,India,Bengaluru,Checking,05/04/2019,2462,0,Low,3,0,0.00%,286.22,95.41
CUST02628,Brian Muller,24,Male,Accountant,Australia,Melbourne,Savings,19/06/2014,4213,0,Medium,6,0,0.00%,602.9,100.48
CUST02629,Thandiwe Anderson,41,Female,Project Manager,Brazil,Rio de Janeiro,Checking,11/08/2018,2699,0,Medium,4,0,0.00%,249.43,62.36
CUST02630,Noor Baker,51,Female,Nurse,United States,New York,Checking,07/02/2015,3980,0,Low,5,1,20.00%,830.83,166.17
CUST02631,Kevin Park,36,Male,Customer Support Rep,Australia,Perth,Premium,18/08/2020,1961,1,High,7,0,0.00%,739.79,105.68
CUST02632,Kevin Moore,55,Male,Student,Mexico,Guadalajara,Checking,09/10/2014,4101,0,Low,11,1,9.10%,"4,367.51",397.05
CUST02633,George Chen,49,Male,Accountant,United States,Seattle,Checking,29/01/2023,1067,0,Medium,9,0,0.00%,897.35,99.71
CUST02634,Laura Williams,65,Female,Software Engineer,Japan,Yokohama,Business,30/03/2020,2102,0,Medium,8,1,12.50%,652.48,81.56
CUST02635,Thomas Kim,36,Male,Architect,Canada,Ottawa,Premium,15/05/2014,4248,0,Medium,4,0,0.00%,"1,108.90",277.23
CUST02636,Andrew Nelson,67,Male,Consultant,United States,Los Angeles,Savings,14/11/2021,1508,0,Low,7,1,14.30%,"1,328.07",189.72
CUST02637,Barbara Robinson,56,Female,Teacher,United Kingdom,Birmingham,Business,05/06/2020,2035,0,Low,8,0,0.00%,"1,308.46",163.56
CUST02638,Ingrid Hernandez,37,Female,Operations Manager,India,Hyderabad,Savings,07/06/2013,4590,0,Low,3,2,66.70%,"1,438.60",479.53
CUST02639,Michelle Okafor,53,Female,Real Estate Agent,Brazil,Brasilia,Checking,17/10/2022,1171,0,Low,8,0,0.00%,"2,853.53",356.69
CUST02640,Jennifer Flores,34,Female,Police Officer,United States,Miami,Checking,17/11/2022,1140,0,Low,5,0,0.00%,392,78.4
CUST02641,John Moore,43,Male,Accountant,Japan,Tokyo,Business,11/04/2013,4647,0,Low,5,0,0.00%,508.48,101.7
CUST02642,Mateo Dubois,42,Male,Teacher,India,Chennai,Business,04/11/2014,4075,0,Low,6,2,33.30%,874.16,145.69
CUST02643,Emily Lee,63,Female,Project Manager,Poland,Warsaw,Checking,01/01/2023,1095,0,Low,4,0,0.00%,204.41,51.1
CUST02644,Rafael Haddad,52,Male,Student,United Kingdom,London,Savings,05/11/2016,3343,0,Low,7,0,0.00%,490.03,70
CUST02645,Diego Taylor,35,Male,Graphic Designer,India,Hyderabad,Checking,30/03/2021,1737,0,Low,6,0,0.00%,"1,364.56",227.43
CUST02646,Jonathan Wright,34,Male,Project Manager,Singapore,Singapore,Checking,25/05/2018,2777,0,Low,5,0,0.00%,"2,435.29",487.06
CUST02647,Mark Roberts,60,Male,Civil Engineer,Brazil,Brasilia,Business,22/01/2020,2170,0,Medium,10,0,0.00%,"2,306.21",230.62
CUST02648,Laura Torres,20,Female,Financial Analyst,Mexico,Mexico City,Checking,03/01/2017,3284,0,Low,5,1,20.00%,752.32,150.46
CUST02649,Jeffrey Allen,27,Male,Pharmacist,Japan,Nagoya,Savings,27/11/2023,765,0,Low,5,0,0.00%,854.47,170.89
CUST02650,Anthony Allen,36,Male,Student,Singapore,Singapore,Checking,15/06/2017,3121,0,Low,6,0,0.00%,"1,391.14",231.86
CUST02651,Jessica Young,30,Female,Sales Manager,Australia,Sydney,Checking,01/05/2021,1705,0,Low,6,0,0.00%,504.38,84.06
CUST02652,Noor Martinez,65,Female,Real Estate Agent,Brazil,Salvador,Business,06/06/2022,1304,0,Low,9,1,11.10%,"1,383.06",153.67
CUST02653,Joseph Smith,63,Male,Pharmacist,Ireland,Dublin,Checking,17/11/2015,3697,0,Low,5,0,0.00%,"1,093.66",218.73
CUST02654,Laura Wilson,32,Female,Consultant,Mexico,Mexico City,Savings,27/11/2018,2591,0,Low,5,1,20.00%,812.36,162.47
CUST02655,Yuki Thomas,25,Female,University Professor,Germany,Frankfurt,Savings,10/04/2020,2091,0,Medium,8,1,12.50%,"1,143.09",142.89
CUST02656,Jonathan Scott,47,Male,Chef,Germany,Munich,Checking,20/04/2014,4273,0,Low,8,0,0.00%,"2,694.88",336.86
CUST02657,Timothy Harris,39,Male,University Professor,Australia,Melbourne,Checking,05/06/2018,2766,0,Medium,8,0,0.00%,"3,186.61",398.33
CUST02658,John Allen,42,Male,Software Engineer,Germany,Hamburg,Checking,21/09/2018,2658,0,Low,6,0,0.00%,"1,042.02",173.67
CUST02659,Linda Ivanov,43,Female,HR Manager,Brazil,Brasilia,Premium,20/08/2021,1594,0,Medium,4,0,0.00%,497.24,124.31
CUST02660,Karen Torres,55,Female,Financial Analyst,Canada,Vancouver,Business,21/02/2019,2505,0,Low,5,0,0.00%,"1,288.67",257.73
CUST02661,Pierre Kim,51,Male,Accountant,United Kingdom,Leeds,Checking,28/10/2018,2621,0,Low,3,0,0.00%,516.13,172.04
CUST02662,Cynthia Sanchez,37,Female,Student,India,Bengaluru,Checking,04/07/2014,4198,0,Medium,4,1,25.00%,611.48,152.87
CUST02663,Daniel Dubois,45,Male,Marketing Specialist,United States,Boston,Business,09/10/2013,4466,0,Low,9,0,0.00%,981.69,109.08
CUST02664,Valentina Rossi,50,Female,Lawyer,United States,Houston,Checking,13/04/2013,4645,0,Low,3,0,0.00%,175.56,58.52
CUST02665,Karen Anderson,27,Female,Financial Analyst,India,Bengaluru,Premium,24/01/2018,2898,0,Medium,7,0,0.00%,544.82,77.83
CUST02666,Chidi Suzuki,28,Male,Operations Manager,United Kingdom,Birmingham,Checking,20/07/2015,3817,0,High,10,1,10.00%,"3,460.06",346.01
CUST02667,Santiago Wilson,31,Male,Marketing Specialist,Japan,Yokohama,Savings,03/02/2021,1792,0,Low,5,0,0.00%,426.63,85.33
CUST02668,Sofia Mensah,18,Female,University Professor,France,Lyon,Savings,18/11/2016,3330,0,Low,6,0,0.00%,"1,159.50",193.25
CUST02669,Karen Williams,40,Female,Consultant,United States,Miami,Savings,20/07/2017,3086,0,Low,5,0,0.00%,"3,041.89",608.38
CUST02670,Matthew Wilson,37,Male,Retired,Australia,Brisbane,Checking,02/11/2015,3712,0,Low,11,1,9.10%,"3,818.33",347.12
CUST02671,Ivan Wright,46,Male,Project Manager,United States,Houston,Checking,13/11/2016,3335,0,Low,1,0,0.00%,134.25,134.25
CUST02672,Chioma Haddad,31,Female,Project Manager,Germany,Frankfurt,Business,04/11/2022,1153,0,Medium,5,0,0.00%,"1,492.99",298.6
CUST02673,Ashley Adams,47,Female,Teacher,Australia,Brisbane,Checking,02/12/2019,2221,0,Medium,6,0,0.00%,572.67,95.45
CUST02674,George Silva,58,Male,Marketing Specialist,India,Chennai,Savings,08/03/2013,4681,0,Low,6,0,0.00%,"1,806.83",301.14
CUST02675,Susan Haddad,33,Female,Plumber,United States,Chicago,Premium,29/04/2021,1707,0,Low,2,0,0.00%,449.94,224.97
CUST02676,Gary Chen,18,Male,Data Analyst,Singapore,Singapore,Checking,08/10/2022,1180,0,Medium,6,0,0.00%,902.99,150.5
CUST02677,Cynthia Moore,31,Female,Marketing Specialist,France,Lyon,Checking,21/06/2021,1654,0,Low,5,0,0.00%,777.49,155.5
CUST02678,James Chen,47,Male,Nurse,South Africa,Cape Town,Checking,16/09/2016,3393,0,Low,4,0,0.00%,751.81,187.95
CUST02679,Mark Lopez,35,Male,Consultant,Italy,Milan,Checking,22/01/2017,3265,0,High,3,0,0.00%,166.28,55.43
CUST02680,Yuki Park,26,Female,Retired,Ireland,Dublin,Checking,05/06/2023,940,0,Low,3,0,0.00%,322.79,107.6
CUST02681,Daniel Smith,37,Male,Police Officer,United States,Boston,Checking,04/10/2014,4106,0,Low,2,0,0.00%,295.4,147.7
CUST02682,Amanda Gonzalez,54,Female,Accountant,Mexico,Monterrey,Checking,20/05/2017,3147,0,Low,4,0,0.00%,404.55,101.14
CUST02683,Mary Kumar,42,Female,Student,India,Bengaluru,Premium,09/06/2013,4588,0,Low,5,0,0.00%,509.36,101.87
CUST02684,Ahmed Perez,43,Male,Software Engineer,Brazil,Sao Paulo,Checking,19/11/2016,3329,0,Low,4,0,0.00%,839.55,209.89
CUST02685,Margaret Thompson,33,Female,Customer Support Rep,Nigeria,Lagos,Checking,17/04/2021,1719,0,Medium,7,0,0.00%,983.54,140.51
CUST02686,Margaret Clark,61,Female,Civil Engineer,Netherlands,Amsterdam,Checking,11/08/2020,1968,0,Medium,6,0,0.00%,"2,459.33",409.89
CUST02687,Sandra Moore,51,Female,Teacher,Australia,Sydney,Savings,13/10/2015,3732,0,Low,7,0,0.00%,"1,228.32",175.47
CUST02688,Raj Hill,39,Male,Customer Support Rep,United Kingdom,Edinburgh,Checking,12/03/2022,1390,0,Low,8,0,0.00%,"1,254.31",156.79
CUST02689,Nancy Schmidt,48,Female,Lawyer,Japan,Tokyo,Checking,31/12/2021,1461,0,Low,5,0,0.00%,372.52,74.5
CUST02690,Isabella Wang,59,Female,Nurse,United States,Los Angeles,Premium,07/05/2015,3891,0,High,5,1,20.00%,597.8,119.56
CUST02691,Jeffrey Wilson,39,Male,Electrician,United States,Houston,Savings,28/01/2016,3625,0,Low,5,1,20.00%,620.57,124.11
CUST02692,Jonathan Mensah,40,Male,Plumber,Mexico,Monterrey,Checking,19/12/2017,2934,0,Medium,7,1,14.30%,"1,771.73",253.1
CUST02693,Anastasia Nelson,26,Female,Plumber,France,Nice,Checking,26/02/2022,1404,0,Low,4,0,0.00%,575.19,143.8
CUST02694,Sofia Haddad,56,Female,Civil Engineer,Italy,Turin,Checking,26/02/2019,2500,0,Medium,9,0,0.00%,"1,581.65",175.74
CUST02695,Cynthia Scott,24,Female,Consultant,France,Marseille,Savings,13/02/2017,3243,0,Low,4,0,0.00%,325.03,81.26
CUST02696,Thandiwe Williams,45,Female,Civil Engineer,United States,Miami,Checking,09/08/2020,1970,0,Low,5,0,0.00%,526.39,105.28
CUST02697,Barbara Anderson,38,Female,Operations Manager,United Kingdom,Manchester,Business,26/10/2013,4449,0,Low,4,0,0.00%,523.58,130.9
CUST02698,Ingrid Anderson,29,Female,Data Analyst,Brazil,Salvador,Savings,30/06/2019,2376,0,Low,2,0,0.00%,587.48,293.74
CUST02699,Layla Moore,57,Female,Teacher,Canada,Ottawa,Checking,26/11/2021,1496,0,Low,3,1,33.30%,343.26,114.42
CUST02700,Thomas Walker,42,Male,Police Officer,United States,New York,Savings,21/03/2018,2842,0,Low,6,0,0.00%,436.45,72.74
CUST02701,Elizabeth Walker,43,Female,Data Analyst,Germany,Berlin,Premium,12/02/2020,2149,0,Low,4,0,0.00%,"1,078.91",269.73
CUST02702,Andrew Nelson,41,Male,Data Analyst,Germany,Munich,Business,20/08/2014,4151,0,Medium,6,0,0.00%,"1,020.39",170.07
CUST02703,Kofi Clark,32,Male,Sales Manager,France,Lyon,Checking,31/01/2016,3622,0,Low,5,1,20.00%,672.9,134.58
CUST02704,Amara Khan,53,Female,Accountant,Germany,Hamburg,Premium,02/11/2015,3712,0,Medium,3,0,0.00%,241.19,80.4
CUST02705,Pierre Adams,37,Male,Chef,Italy,Milan,Checking,12/04/2016,3550,0,Low,5,0,0.00%,363.71,72.74
CUST02706,Patricia Jones,40,Female,Freelance Writer,United States,New York,Checking,04/03/2015,3955,1,High,10,1,10.00%,"1,942.56",194.26
CUST02707,Patricia Brown,18,Female,Accountant,Spain,Barcelona,Premium,26/01/2022,1435,0,Low,1,0,0.00%,65.09,65.09
CUST02708,Anastasia Hernandez,32,Female,Accountant,United States,Houston,Savings,12/07/2018,2729,0,Low,8,0,0.00%,884.14,110.52
CUST02709,Sven Park,39,Male,Pharmacist,United States,Seattle,Savings,12/04/2023,994,0,Low,4,0,0.00%,624.3,156.08
CUST02710,Chioma Brown,41,Female,Retired,South Africa,Johannesburg,Checking,16/12/2019,2207,0,Low,6,0,0.00%,444.97,74.16
CUST02711,Yuki Santos,29,Female,Pharmacist,India,Bengaluru,Savings,25/06/2015,3842,0,Low,2,0,0.00%,112.77,56.39
CUST02712,Larry Jackson,48,Male,Architect,Singapore,Singapore,Savings,12/09/2020,1936,0,Low,4,0,0.00%,667.79,166.95
CUST02713,Elizabeth Martin,67,Female,Graphic Designer,United States,Phoenix,Checking,19/04/2018,2813,0,Low,6,1,16.70%,920.72,153.45
CUST02714,Jason Schmidt,61,Male,Teacher,Canada,Ottawa,Premium,17/01/2019,2540,0,Low,6,1,16.70%,429.26,71.54
CUST02715,John Smith,39,Male,Real Estate Agent,Australia,Brisbane,Premium,26/12/2013,4388,0,Low,3,0,0.00%,325.41,108.47
CUST02716,George Lopez,44,Male,Physician,France,Marseille,Checking,22/12/2017,2931,0,Low,4,1,25.00%,840.9,210.23
CUST02717,Joseph Walker,50,Male,Electrician,Japan,Osaka,Checking,22/12/2014,4027,0,Low,5,0,0.00%,383.77,76.75
CUST02718,Brian Mitchell,36,Male,Real Estate Agent,Singapore,Singapore,Premium,25/10/2019,2259,0,Low,7,0,0.00%,645.32,92.19
CUST02719,Scott Carter,24,Male,Retired,United States,New York,Savings,21/09/2017,3023,0,Medium,7,0,0.00%,"1,638.95",234.14
CUST02720,Linda Chen,25,Female,Civil Engineer,Canada,Vancouver,Savings,27/04/2019,2440,0,Low,7,2,28.60%,980.49,140.07
CUST02721,Amy Rivera,28,Female,Operations Manager,Japan,Tokyo,Premium,05/04/2015,3923,0,Low,2,0,0.00%,"1,686.55",843.28
CUST02722,Mei White,36,Female,Sales Manager,United States,Los Angeles,Checking,29/03/2023,1008,0,Low,2,0,0.00%,124.48,62.24
CUST02723,Joseph Patel,60,Male,Financial Analyst,United States,Los Angeles,Premium,08/12/2013,4406,0,Low,2,0,0.00%,49.94,24.97
CUST02724,Mary King,46,Female,Pharmacist,Japan,Yokohama,Business,17/02/2013,4700,0,Low,4,0,0.00%,836.52,209.13
CUST02725,Nicholas Silva,54,Male,Plumber,Spain,Madrid,Savings,19/02/2018,2872,0,Low,3,0,0.00%,204.91,68.3
CUST02726,Margaret Kim,36,Female,Pharmacist,Japan,Tokyo,Premium,09/06/2019,2397,0,Low,5,0,0.00%,"1,427.27",285.45
CUST02727,David Jackson,39,Male,Student,Australia,Perth,Checking,23/12/2016,3295,0,Low,4,0,0.00%,539.62,134.91
CUST02728,Mei Flores,58,Female,Electrician,Ireland,Cork,Savings,21/02/2022,1409,1,High,4,1,25.00%,"1,506.68",376.67
CUST02729,Zanele Taylor,51,Female,Physician,Japan,Nagoya,Savings,09/07/2021,1636,0,Low,11,0,0.00%,"1,158.35",105.3
CUST02730,Emily Hernandez,48,Female,Chef,South Africa,Johannesburg,Premium,13/09/2014,4127,0,Low,4,0,0.00%,"1,894.08",473.52
CUST02731,Camila Roberts,37,Female,Graphic Designer,United Kingdom,Birmingham,Premium,23/04/2013,4635,0,Low,5,0,0.00%,386.04,77.21
CUST02732,Jennifer White,55,Female,Lawyer,United Arab Emirates,Dubai,Checking,01/11/2015,3713,0,Low,1,0,0.00%,624.02,624.02
CUST02733,Carlos White,28,Male,Small Business Owner,Brazil,Rio de Janeiro,Checking,01/03/2013,4688,0,Low,11,0,0.00%,"1,253.22",113.93
CUST02734,Sofia Hernandez,40,Female,Retail Manager,United States,Miami,Checking,20/06/2020,2020,0,Medium,4,0,0.00%,"1,615.48",403.87
CUST02735,Joshua Tanaka,46,Male,Project Manager,Spain,Valencia,Savings,03/04/2018,2829,0,Medium,4,0,0.00%,878.52,219.63
CUST02736,Paul Wilson,28,Male,Physician,United States,Houston,Checking,07/09/2017,3037,0,Medium,3,0,0.00%,163.75,54.58
CUST02737,Kimberly Nelson,52,Female,Retired,India,Delhi,Checking,12/09/2018,2667,0,Low,8,1,12.50%,"2,333.16",291.65
CUST02738,Isabella Baker,58,Female,Teacher,Mexico,Guadalajara,Savings,20/03/2016,3573,0,Low,8,0,0.00%,848.01,106
CUST02739,Donna Walker,37,Female,Civil Engineer,United Kingdom,Manchester,Premium,30/07/2021,1615,0,Medium,7,0,0.00%,"2,527.16",361.02
CUST02740,Margaret Kim,50,Female,Financial Analyst,Germany,Frankfurt,Checking,05/01/2014,4378,0,Low,1,0,0.00%,64.2,64.2
CUST02741,Paul Jackson,26,Male,Operations Manager,Singapore,Singapore,Business,29/11/2022,1128,0,Medium,3,0,0.00%,300.1,100.03
CUST02742,Mei Muller,61,Female,Retired,Canada,Toronto,Premium,25/10/2017,2989,0,Low,4,0,0.00%,564.09,141.02
CUST02743,Ashley Lopez,51,Female,Pharmacist,United Kingdom,Manchester,Checking,25/05/2018,2777,0,High,7,0,0.00%,976.39,139.48
CUST02744,Brian Lewis,38,Male,Teacher,United States,Miami,Premium,02/05/2014,4261,1,High,4,0,0.00%,515.44,128.86
CUST02745,William Santos,38,Male,Retail Manager,Spain,Barcelona,Checking,22/07/2019,2354,0,Low,8,0,0.00%,"4,250.61",531.33
CUST02746,Laura Okafor,40,Female,Retired,United Kingdom,Leeds,Checking,02/12/2013,4412,1,High,3,1,33.30%,618.74,206.25
CUST02747,Betty Brown,18,Female,Operations Manager,Australia,Sydney,Business,07/05/2017,3160,0,Medium,8,0,0.00%,"3,498.88",437.36
CUST02748,Jessica Okafor,38,Female,Sales Manager,Japan,Tokyo,Premium,06/03/2021,1761,0,Low,5,0,0.00%,439.33,87.87
CUST02749,Raj Silva,59,Male,Financial Analyst,India,Bengaluru,Savings,09/09/2014,4131,0,Low,5,0,0.00%,585.81,117.16
CUST02750,Diego Wang,21,Male,Police Officer,Poland,Warsaw,Premium,10/01/2014,4373,0,Low,6,0,0.00%,433.65,72.28
CUST02751,Ronald Hall,28,Male,Sales Manager,United States,New York,Checking,24/01/2023,1072,0,Low,2,0,0.00%,248.92,124.46
CUST02752,Joseph Kim,53,Male,Pharmacist,United States,Phoenix,Premium,13/09/2022,1205,0,Low,7,0,0.00%,"5,579.14",797.02
CUST02753,Edward Kim,31,Male,Retail Manager,United States,Seattle,Premium,10/07/2014,4192,1,High,9,0,0.00%,"2,147.78",238.64
CUST02754,Jeffrey Harris,42,Male,Graphic Designer,India,Delhi,Business,12/05/2013,4616,0,High,5,0,0.00%,"1,098.27",219.65
CUST02755,Karen Martinez,22,Female,Marketing Specialist,South Africa,Cape Town,Business,01/11/2020,1886,0,Low,5,0,0.00%,"2,508.95",501.79
CUST02756,William Allen,28,Male,Police Officer,Mexico,Mexico City,Premium,14/02/2016,3608,0,Low,8,1,12.50%,"1,090.09",136.26
CUST02757,Sarah Suzuki,56,Female,Data Analyst,Japan,Nagoya,Checking,16/05/2013,4612,0,Low,6,0,0.00%,564.35,94.06
CUST02758,Camila Williams,44,Female,Freelance Writer,United States,Seattle,Checking,03/04/2021,1733,0,Medium,5,0,0.00%,985.55,197.11
CUST02759,Ryan Garcia,53,Male,HR Manager,France,Paris,Checking,12/08/2022,1237,0,Low,9,0,0.00%,"1,358.14",150.9
CUST02760,Kofi Williams,21,Male,Teacher,United Kingdom,Manchester,Savings,09/02/2014,4343,0,Low,9,0,0.00%,"1,629.96",181.11
CUST02761,Betty Campbell,40,Female,Lawyer,United States,Miami,Savings,31/12/2013,4383,0,Low,4,0,0.00%,306.87,76.72
CUST02762,Zanele Brown,49,Female,Lawyer,India,Delhi,Checking,28/03/2016,3565,0,Low,1,0,0.00%,283.09,283.09
CUST02763,Luca Ramirez,30,Male,Nurse,Germany,Munich,Business,24/04/2015,3904,0,Medium,3,0,0.00%,999.04,333.01
CUST02764,Melissa Miller,25,Female,Customer Support Rep,United States,Miami,Checking,18/03/2018,2845,0,Low,9,1,11.10%,811.31,90.15
CUST02765,Richard Rossi,37,Male,Pharmacist,United States,Boston,Savings,28/02/2019,2498,0,Medium,2,0,0.00%,316.32,158.16
CUST02766,Karen Clark,31,Female,HR Manager,Poland,Krakow,Checking,30/08/2020,1949,0,Low,6,0,0.00%,"2,481.27",413.55
CUST02767,Steven Hill,30,Male,Plumber,United States,New York,Checking,07/01/2015,4011,0,Low,13,0,0.00%,"1,423.60",109.51
CUST02768,Anthony Baker,62,Male,Small Business Owner,Japan,Osaka,Checking,28/07/2018,2713,0,Low,3,0,0.00%,"1,460.35",486.78
CUST02769,Layla Kim,76,Female,Sales Manager,France,Nice,Checking,28/05/2023,948,0,Low,4,0,0.00%,"1,328.70",332.18
CUST02770,Amara Thomas,37,Female,Teacher,Brazil,Sao Paulo,Checking,09/06/2016,3492,0,Low,4,0,0.00%,667.97,166.99
CUST02771,Patricia Miller,28,Female,HR Manager,United Kingdom,Birmingham,Savings,03/08/2017,3072,0,Low,7,1,14.30%,678.59,96.94
CUST02772,Joshua Torres,49,Male,Project Manager,Japan,Osaka,Savings,08/06/2013,4589,1,High,5,0,0.00%,529.68,105.94
CUST02773,Emily Perez,58,Female,Lawyer,United Kingdom,Leeds,Checking,01/01/2016,3652,0,Low,2,0,0.00%,649.29,324.65
CUST02774,Laura Carter,52,Female,University Professor,United Kingdom,Birmingham,Business,11/08/2014,4160,0,Medium,4,1,25.00%,820.36,205.09
CUST02775,Chioma Ivanov,42,Female,Accountant,South Africa,Durban,Savings,09/08/2020,1970,0,Low,3,0,0.00%,152.68,50.89
CUST02776,Anastasia Roberts,27,Female,Pharmacist,Canada,Ottawa,Savings,19/02/2021,1776,0,Medium,4,0,0.00%,888.55,222.14
CUST02777,Donna Williams,66,Female,Freelance Writer,United States,Phoenix,Savings,14/07/2017,3092,0,Low,7,1,14.30%,"1,589.13",227.02
CUST02778,Margaret Thompson,42,Female,Plumber,Australia,Melbourne,Savings,15/09/2022,1203,0,Low,6,1,16.70%,342.29,57.05
CUST02779,Sandra Nguyen,37,Female,Freelance Writer,United Kingdom,Manchester,Business,20/03/2015,3939,0,Low,4,0,0.00%,"1,831.03",457.76
CUST02780,Justin Davis,35,Male,Electrician,United States,New York,Savings,30/08/2017,3045,0,Medium,5,0,0.00%,368.56,73.71
CUST02781,Joseph Ivanov,25,Male,Freelance Writer,France,Nice,Savings,02/12/2013,4412,1,High,6,0,0.00%,462.41,77.07
CUST02782,Luca Ramirez,54,Male,Small Business Owner,Brazil,Rio de Janeiro,Savings,02/02/2018,2889,0,Medium,6,3,50.00%,"1,613.73",268.96
CUST02783,Hiroshi Campbell,43,Male,Pharmacist,Australia,Melbourne,Savings,04/11/2013,4440,0,Medium,4,0,0.00%,"1,539.26",384.82
CUST02784,Mateo Mensah,54,Male,Freelance Writer,United States,New York,Business,18/07/2014,4184,0,Low,8,0,0.00%,672.6,84.08
CUST02785,James Hall,55,Male,Electrician,United Kingdom,London,Savings,28/04/2022,1343,0,Low,4,0,0.00%,391.72,97.93
CUST02786,Sharon Baker,39,Female,Software Engineer,Canada,Ottawa,Checking,24/11/2014,4055,0,Low,5,0,0.00%,543.85,108.77
CUST02787,Brandon Rivera,35,Male,Data Analyst,United Kingdom,Manchester,Savings,19/01/2019,2538,0,Low,5,0,0.00%,551.69,110.34
CUST02788,Justin Carter,35,Male,Project Manager,United Kingdom,Edinburgh,Premium,21/01/2020,2171,0,Low,5,0,0.00%,388.8,77.76
CUST02789,Kwame Ramirez,43,Male,Software Engineer,Australia,Perth,Premium,07/11/2014,4072,0,Medium,6,0,0.00%,"1,233.92",205.65
CUST02790,Isabella Jackson,48,Female,Freelance Writer,United Kingdom,Manchester,Checking,13/11/2014,4066,0,Medium,3,0,0.00%,"2,377.65",792.55
CUST02791,Zanele Thomas,59,Female,Financial Analyst,Mexico,Mexico City,Business,16/03/2015,3943,0,Low,8,0,0.00%,"1,275.27",159.41
CUST02792,Ashley Flores,38,Female,University Professor,United States,Phoenix,Savings,24/11/2016,3324,0,Medium,7,0,0.00%,"1,048.13",149.73
CUST02793,Nancy Dubois,41,Female,Freelance Writer,Italy,Milan,Savings,28/11/2023,764,1,High,1,0,0.00%,90.04,90.04
CUST02794,Sharon Patel,38,Female,Police Officer,Nigeria,Abuja,Checking,21/03/2023,1016,0,Medium,5,0,0.00%,"1,146.66",229.33
CUST02795,Pierre Roberts,33,Male,HR Manager,Nigeria,Lagos,Checking,29/01/2023,1067,0,Medium,5,0,0.00%,548.48,109.7
CUST02796,Samuel Nelson,53,Male,Customer Support Rep,Italy,Rome,Premium,20/05/2023,956,0,Low,7,0,0.00%,"1,043.94",149.13
CUST02797,John Scott,42,Male,Accountant,Canada,Montreal,Premium,09/11/2016,3339,0,Medium,1,0,0.00%,696.43,696.43
CUST02798,Carol Miller,27,Female,Chef,Spain,Barcelona,Checking,31/03/2015,3928,0,Medium,12,0,0.00%,"4,227.42",352.29
CUST02799,Margaret Khan,41,Female,Pharmacist,India,Chennai,Business,20/11/2016,3328,0,Low,7,1,14.30%,"1,961.75",280.25
CUST02800,Sandra Scott,38,Female,Financial Analyst,Canada,Toronto,Savings,16/11/2013,4428,0,Medium,5,0,0.00%,"2,057.98",411.6
CUST02801,Joshua Patel,65,Male,Graphic Designer,South Africa,Johannesburg,Savings,29/11/2015,3685,0,Low,6,0,0.00%,692.95,115.49
CUST02802,Noor Kim,27,Female,Freelance Writer,United States,Miami,Checking,22/05/2016,3510,0,Low,6,1,16.70%,"3,298.79",549.8
CUST02803,Michael Mensah,37,Male,Operations Manager,United Kingdom,London,Savings,22/07/2015,3815,0,Low,4,0,0.00%,"1,332.59",333.15
CUST02804,Priya Roberts,35,Female,Police Officer,Japan,Tokyo,Checking,11/02/2022,1419,0,Low,8,1,12.50%,"1,455.71",181.96
CUST02805,Elizabeth King,18,Female,Software Engineer,United Kingdom,Edinburgh,Checking,01/06/2013,4596,0,Medium,5,0,0.00%,467.07,93.41
CUST02806,Elizabeth Harris,40,Female,Civil Engineer,Japan,Osaka,Checking,30/10/2018,2619,0,Low,3,0,0.00%,190.51,63.5
CUST02807,Carol Rivera,62,Female,Student,Brazil,Rio de Janeiro,Premium,25/08/2021,1589,0,Low,5,0,0.00%,769.46,153.89
CUST02808,Susan Muller,32,Female,Data Analyst,Australia,Sydney,Checking,18/09/2018,2661,1,High,2,1,50.00%,641.71,320.86
CUST02809,Nancy Wilson,43,Female,Accountant,United States,Chicago,Business,01/12/2023,761,0,Medium,4,0,0.00%,860.63,215.16
CUST02810,Ryan Walker,50,Male,Customer Support Rep,Poland,Krakow,Premium,08/06/2022,1302,0,High,4,0,0.00%,327.02,81.76
CUST02811,Melissa Carter,49,Female,Nurse,Singapore,Singapore,Checking,22/06/2021,1653,0,Low,6,0,0.00%,"1,665.78",277.63
CUST02812,Ingrid Nguyen,34,Female,Small Business Owner,Nigeria,Abuja,Checking,10/04/2017,3187,0,Medium,3,0,0.00%,"2,361.06",787.02
CUST02813,Anastasia Adams,20,Female,Teacher,Japan,Osaka,Savings,25/03/2014,4299,0,Low,6,0,0.00%,685.27,114.21
CUST02814,Susan Singh,38,Female,Financial Analyst,United States,Phoenix,Checking,30/04/2023,976,0,Low,7,0,0.00%,625.53,89.36
CUST02815,Andrew Wilson,35,Male,Lawyer,United States,Boston,Savings,05/12/2017,2948,0,Low,2,0,0.00%,163.16,81.58
CUST02816,Gary Silva,58,Male,Real Estate Agent,United States,Chicago,Checking,28/08/2013,4508,0,Medium,6,1,16.70%,690.25,115.04
CUST02817,Daniel Lopez,25,Male,Plumber,France,Nice,Savings,22/11/2013,4422,0,High,7,0,0.00%,770.01,110
CUST02818,Lisa Wilson,29,Female,Pharmacist,United States,Houston,Checking,28/12/2020,1829,0,Low,5,0,0.00%,"2,350.25",470.05
CUST02819,Nancy Botha,44,Female,Consultant,Japan,Nagoya,Business,15/02/2015,3972,0,Low,7,0,0.00%,"1,687.68",241.1
CUST02820,Sandra Kumar,44,Female,University Professor,Spain,Madrid,Business,10/02/2014,4342,0,Medium,7,1,14.30%,"1,566.09",223.73
CUST02821,Joseph Tanaka,28,Male,Graphic Designer,France,Marseille,Savings,05/05/2019,2432,1,High,2,1,50.00%,101.1,50.55
CUST02822,Pierre Ali,33,Male,Retired,Italy,Rome,Checking,24/05/2018,2778,0,Low,6,0,0.00%,771.09,128.52
CUST02823,Noor Kumar,36,Female,Lawyer,United Kingdom,London,Checking,01/11/2018,2617,0,Low,5,0,0.00%,"2,477.54",495.51
CUST02824,Chidi Silva,43,Male,Marketing Specialist,United States,Miami,Premium,09/02/2018,2882,0,Low,4,0,0.00%,319.1,79.78
CUST02825,Sven Johnson,40,Male,Physician,United Kingdom,London,Checking,14/09/2019,2300,0,Low,1,0,0.00%,136.53,136.53
CUST02826,Kwame Perez,51,Male,Graphic Designer,France,Lyon,Checking,11/11/2016,3337,0,Low,8,1,12.50%,"2,137.08",267.14
CUST02827,Barbara Patel,20,Female,Real Estate Agent,United States,Seattle,Premium,03/10/2023,820,0,Medium,1,0,0.00%,88.36,88.36
CUST02828,Cynthia Wilson,49,Female,Real Estate Agent,United States,Phoenix,Checking,19/05/2019,2418,0,High,5,0,0.00%,702.93,140.59
CUST02829,Mei Thompson,45,Female,Accountant,United Kingdom,Leeds,Savings,13/05/2022,1328,0,Low,4,0,0.00%,375.28,93.82
CUST02830,Gary Garcia,38,Male,Data Analyst,United Kingdom,Leeds,Premium,05/12/2017,2948,0,Low,6,1,16.70%,710.96,118.49
CUST02831,Ryan Botha,39,Male,Small Business Owner,Italy,Rome,Checking,26/03/2013,4663,0,High,3,0,0.00%,394.13,131.38
CUST02832,Jennifer Nelson,50,Female,Operations Manager,South Korea,Seoul,Checking,02/04/2013,4656,0,Medium,6,1,16.70%,789.4,131.57
CUST02833,Sofia Botha,35,Female,Electrician,India,Hyderabad,Checking,19/11/2015,3695,0,Medium,5,1,20.00%,699.11,139.82
CUST02834,Donna Taylor,47,Female,Small Business Owner,United States,Seattle,Checking,07/06/2014,4225,0,Low,4,0,0.00%,"1,146.47",286.62
CUST02835,Camila Rodriguez,55,Female,Pharmacist,Nigeria,Lagos,Checking,27/09/2020,1921,0,Low,5,0,0.00%,282.7,56.54
CUST02836,Aiko Ivanov,44,Female,Operations Manager,Brazil,Sao Paulo,Savings,15/02/2016,3607,0,Low,7,0,0.00%,791.16,113.02
CUST02837,Matthew Walker,41,Male,Plumber,Canada,Ottawa,Premium,01/06/2019,2405,0,Low,6,0,0.00%,"1,726.10",287.68
CUST02838,Larry White,18,Male,Software Engineer,Italy,Turin,Savings,02/11/2020,1885,0,Low,10,0,0.00%,"2,078.40",207.84
CUST02839,Samuel Rodriguez,43,Male,Retired,United States,Boston,Savings,15/05/2018,2787,0,Low,7,0,0.00%,"1,324.40",189.2
CUST02840,Larry Martin,55,Male,University Professor,South Africa,Durban,Savings,23/06/2017,3113,0,Medium,5,0,0.00%,506.16,101.23
CUST02841,Aoife Martin,38,Female,Customer Support Rep,Nigeria,Lagos,Premium,30/04/2020,2071,0,Low,3,0,0.00%,173.22,57.74
CUST02842,Luca Jones,30,Male,Operations Manager,United Kingdom,Leeds,Checking,08/05/2020,2063,0,Low,3,0,0.00%,204.28,68.09
CUST02843,Wei White,51,Male,Real Estate Agent,Germany,Munich,Premium,14/10/2019,2270,0,Low,5,0,0.00%,"1,611.57",322.31
CUST02844,Michael Campbell,51,Male,Freelance Writer,United States,Miami,Savings,25/08/2019,2320,0,High,1,0,0.00%,192.32,192.32
CUST02845,Gary Haddad,45,Male,Teacher,India,Mumbai,Business,16/05/2016,3516,0,Low,1,0,0.00%,344.45,344.45
CUST02846,Larry Thompson,58,Male,Freelance Writer,Canada,Montreal,Business,12/05/2014,4251,0,Medium,5,0,0.00%,439.53,87.91
CUST02847,Jonathan Patel,35,Male,Chef,Australia,Perth,Checking,20/09/2021,1563,0,High,8,0,0.00%,"2,237.24",279.66
CUST02848,Amara Nguyen,18,Female,Graphic Designer,Australia,Melbourne,Premium,23/10/2016,3356,0,Low,7,0,0.00%,798.43,114.06
CUST02849,Layla Wright,35,Female,Operations Manager,Brazil,Salvador,Savings,11/08/2014,4160,0,Low,8,0,0.00%,"1,767.51",220.94
CUST02850,Margaret Botha,41,Female,Plumber,United States,Los Angeles,Checking,08/02/2020,2153,0,Low,8,1,12.50%,"1,729.96",216.25
CUST02851,Carlos Adams,52,Male,Graphic Designer,France,Marseille,Savings,26/10/2015,3719,0,Low,4,0,0.00%,252.8,63.2
CUST02852,Rafael Baker,22,Male,Lawyer,United Kingdom,Manchester,Checking,21/01/2013,4727,0,Low,5,0,0.00%,335.76,67.15
CUST02853,Brandon Lewis,45,Male,University Professor,United States,Houston,Checking,26/01/2020,2166,0,Medium,12,0,0.00%,"1,869.31",155.78
CUST02854,Deborah Wilson,54,Female,Marketing Specialist,Brazil,Sao Paulo,Savings,22/08/2017,3053,0,Low,4,0,0.00%,339.06,84.77
CUST02855,Michael Rossi,32,Male,HR Manager,South Africa,Cape Town,Premium,13/03/2013,4676,0,Low,9,0,0.00%,"1,213.18",134.8
CUST02856,Carol Williams,53,Female,Architect,Australia,Brisbane,Checking,11/06/2015,3856,0,Low,2,0,0.00%,52.57,26.29
CUST02857,Emily Lewis,28,Female,Software Engineer,United Arab Emirates,Dubai,Business,25/06/2020,2015,0,Low,6,0,0.00%,485.34,80.89
CUST02858,Carlos Tanaka,52,Male,Customer Support Rep,Germany,Berlin,Premium,13/07/2013,4554,0,Medium,7,1,14.30%,939.71,134.24
CUST02859,Chioma Dubois,31,Female,Graphic Designer,Australia,Sydney,Savings,08/09/2021,1575,0,High,4,0,0.00%,613.28,153.32
CUST02860,Anastasia Walker,57,Female,Financial Analyst,Canada,Toronto,Business,15/12/2022,1112,0,Low,6,2,33.30%,"3,331.92",555.32
CUST02861,Kevin Lopez,70,Male,Consultant,United Kingdom,Birmingham,Checking,31/10/2018,2618,0,Low,6,0,0.00%,983.34,163.89
CUST02862,Margaret Wilson,31,Female,Civil Engineer,United States,Chicago,Checking,25/10/2019,2259,0,Medium,3,1,33.30%,305.36,101.79
CUST02863,Jeffrey Schmidt,29,Male,Retired,South Africa,Durban,Savings,30/10/2022,1158,0,High,11,2,18.20%,"1,269.93",115.45
CUST02864,Kofi Green,44,Male,Teacher,Japan,Tokyo,Checking,26/02/2013,4691,0,Low,4,0,0.00%,813.51,203.38
CUST02865,Karen Wilson,38,Female,Small Business Owner,United States,Los Angeles,Checking,11/07/2023,904,0,Low,4,0,0.00%,447.24,111.81
CUST02866,Jason Kim,41,Male,Nurse,Australia,Perth,Savings,16/08/2017,3059,0,Low,2,0,0.00%,429.81,214.91
CUST02867,Sarah Dubois,53,Female,Software Engineer,United Kingdom,Birmingham,Checking,15/11/2019,2238,0,Low,5,0,0.00%,469.22,93.84
CUST02868,Mei Mensah,62,Female,University Professor,Canada,Montreal,Checking,30/05/2019,2407,0,Low,9,0,0.00%,908.76,100.97
CUST02869,George Mensah,51,Male,Operations Manager,United Kingdom,Edinburgh,Checking,03/04/2019,2464,0,Low,8,0,0.00%,"3,094.76",386.85
CUST02870,Klaus Santos,68,Male,Electrician,South Africa,Cape Town,Premium,16/11/2017,2967,0,Low,6,0,0.00%,394.03,65.67
CUST02871,Daniel Moore,23,Male,Retail Manager,Italy,Naples,Checking,14/03/2018,2849,0,High,2,0,0.00%,304.96,152.48
CUST02872,Sofia Scott,22,Female,Data Analyst,India,Bengaluru,Savings,14/09/2015,3761,0,Low,5,0,0.00%,"1,088.69",217.74
CUST02873,Yuki Green,36,Female,Operations Manager,United States,Phoenix,Checking,04/12/2021,1488,0,Medium,9,2,22.20%,"3,893.38",432.6
CUST02874,Samuel Thomas,72,Male,Accountant,France,Nice,Checking,11/03/2020,2121,1,High,5,0,0.00%,791.21,158.24
CUST02875,Mary Garcia,43,Female,Teacher,Japan,Osaka,Savings,06/12/2014,4043,0,Low,9,0,0.00%,693.89,77.1
CUST02876,Anastasia Robinson,36,Female,Accountant,Australia,Melbourne,Savings,13/06/2022,1297,0,Low,7,0,0.00%,"1,741.35",248.76
CUST02877,Jessica Adams,42,Female,University Professor,United Kingdom,Birmingham,Checking,22/02/2023,1043,0,Medium,6,0,0.00%,"1,083.90",180.65
CUST02878,Nicholas Jones,49,Male,HR Manager,United States,Houston,Checking,25/10/2016,3354,0,Low,6,1,16.70%,"1,029.06",171.51
CUST02879,Lisa Gonzalez,54,Female,Small Business Owner,United States,Phoenix,Premium,24/09/2020,1924,0,Low,9,0,0.00%,"1,352.44",150.27
CUST02880,Stephanie Roberts,32,Female,Project Manager,United States,Boston,Premium,21/04/2022,1350,0,Low,9,1,11.10%,"1,840.67",204.52
CUST02881,Sandra Kumar,25,Female,Chef,India,Chennai,Savings,08/11/2015,3706,0,High,3,0,0.00%,463.31,154.44
CUST02882,Karen Smith,32,Female,Sales Manager,Nigeria,Abuja,Savings,07/06/2014,4225,0,Low,11,0,0.00%,"1,938.49",176.23
CUST02883,Nancy Mitchell,67,Female,Small Business Owner,United States,Houston,Checking,09/04/2013,4649,0,Low,4,0,0.00%,"1,395.28",348.82
CUST02884,Hana Thompson,39,Female,Student,United States,Los Angeles,Checking,28/08/2015,3778,0,Low,5,0,0.00%,560.7,112.14
CUST02885,Sarah Sanchez,40,Female,Architect,Canada,Vancouver,Checking,24/01/2014,4359,0,Low,3,0,0.00%,147.12,49.04
CUST02886,Kevin Lopez,60,Male,Teacher,United Kingdom,Edinburgh,Savings,22/08/2015,3784,1,High,1,1,100.00%,774.4,774.4
CUST02887,Steven Wang,39,Male,Financial Analyst,South Korea,Busan,Premium,15/02/2022,1415,0,Medium,8,0,0.00%,"1,077.76",134.72
CUST02888,Melissa Brown,21,Female,Data Analyst,Canada,Vancouver,Business,27/04/2015,3901,0,Low,7,0,0.00%,346.95,49.56
CUST02889,Barbara Ivanov,38,Female,Graphic Designer,South Korea,Seoul,Savings,30/10/2013,4445,0,Medium,6,0,0.00%,616.35,102.73
CUST02890,Andrew Campbell,38,Male,Data Analyst,Mexico,Monterrey,Savings,09/12/2020,1848,0,Medium,3,0,0.00%,"1,034.68",344.89
CUST02891,Chidi Jones,19,Male,Consultant,France,Lyon,Savings,25/12/2016,3293,0,Medium,5,0,0.00%,808.23,161.65
CUST02892,Sofia Ivanov,52,Female,Lawyer,Nigeria,Lagos,Checking,27/09/2015,3748,0,Medium,12,1,8.30%,"5,984.72",498.73
CUST02893,Chidi White,43,Male,Student,Canada,Calgary,Checking,24/02/2013,4693,0,Low,5,0,0.00%,527.49,105.5
CUST02894,David Ivanov,37,Male,Real Estate Agent,India,Delhi,Checking,11/09/2021,1572,0,Medium,3,0,0.00%,"1,889.31",629.77
CUST02895,Betty Haddad,27,Female,Pharmacist,Canada,Ottawa,Savings,29/01/2013,4719,0,Low,4,0,0.00%,467.72,116.93
CUST02896,Patricia Adams,56,Female,Graphic Designer,Japan,Osaka,Checking,07/03/2022,1395,0,Low,5,0,0.00%,861.65,172.33
CUST02897,Amara Ramirez,19,Female,Retired,Brazil,Salvador,Premium,13/01/2014,4370,0,Low,6,0,0.00%,698.1,116.35
CUST02898,Ryan Adams,32,Male,Real Estate Agent,United States,Los Angeles,Checking,27/09/2016,3382,0,Low,3,0,0.00%,"2,338.22",779.41
CUST02899,Karen Walker,43,Female,Plumber,Germany,Munich,Checking,10/04/2020,2091,0,Medium,4,0,0.00%,380.01,95
CUST02900,Ashley Botha,40,Female,Civil Engineer,Germany,Frankfurt,Savings,07/09/2017,3037,0,Low,2,0,0.00%,"1,548.85",774.43
CUST02901,Joseph Rossi,48,Male,Retired,India,Chennai,Checking,27/08/2015,3779,0,Low,4,0,0.00%,463.24,115.81
CUST02902,Daniel Patel,39,Male,Small Business Owner,Spain,Madrid,Checking,10/05/2013,4618,1,High,5,1,20.00%,624.19,124.84
CUST02903,Chidi Allen,48,Male,Project Manager,United States,Boston,Savings,24/01/2017,3263,0,Low,3,0,0.00%,"2,055.15",685.05
CUST02904,Mateo Ali,41,Male,Architect,Japan,Nagoya,Checking,21/11/2023,771,0,Low,8,1,12.50%,"4,934.13",616.77
CUST02905,David Lee,27,Male,Teacher,Australia,Brisbane,Checking,26/02/2021,1769,0,Low,4,0,0.00%,286.56,71.64
CUST02906,Zanele Kim,49,Female,Police Officer,South Korea,Busan,Checking,10/11/2015,3704,0,High,10,0,0.00%,"1,336.69",133.67
CUST02907,Mateo Adams,44,Male,Sales Manager,United States,Houston,Premium,15/06/2022,1295,0,Medium,8,0,0.00%,"1,427.44",178.43
CUST02908,Zanele Gonzalez,27,Female,Sales Manager,United States,Seattle,Business,20/06/2019,2386,0,Low,2,0,0.00%,101.38,50.69
CUST02909,Linda Okafor,42,Female,Civil Engineer,Italy,Milan,Business,01/07/2023,914,0,Low,6,0,0.00%,619.41,103.24
CUST02910,Justin Rossi,41,Male,Architect,United States,Boston,Checking,07/02/2018,2884,0,Low,8,1,12.50%,"3,082.79",385.35
CUST02911,Cynthia Hall,34,Female,Real Estate Agent,India,Delhi,Checking,23/02/2016,3599,0,Low,5,0,0.00%,"1,221.70",244.34
CUST02912,Deborah Tanaka,46,Female,Physician,India,Delhi,Savings,07/04/2021,1729,0,Medium,3,0,0.00%,417.55,139.18
CUST02913,John Garcia,46,Male,Civil Engineer,United States,New York,Checking,19/10/2020,1899,0,Low,5,0,0.00%,"1,321.16",264.23
CUST02914,Jason Hernandez,34,Male,Customer Support Rep,South Africa,Durban,Checking,01/05/2014,4262,0,Low,6,0,0.00%,"2,549.76",424.96
CUST02915,Gary Rodriguez,22,Male,Physician,United Arab Emirates,Dubai,Premium,22/03/2013,4667,0,Low,5,0,0.00%,"1,298.80",259.76
CUST02916,Barbara Williams,43,Female,Freelance Writer,Germany,Munich,Premium,16/09/2016,3393,0,Low,4,0,0.00%,507.63,126.91
CUST02917,Noor Hall,34,Female,Real Estate Agent,India,Mumbai,Checking,19/11/2022,1138,0,Medium,8,1,12.50%,"1,064.70",133.09
CUST02918,Wei Tanaka,42,Male,Civil Engineer,Canada,Toronto,Checking,20/01/2017,3267,0,Medium,9,0,0.00%,"1,069.04",118.78
CUST02919,Olga Wang,39,Female,Retail Manager,Canada,Toronto,Checking,24/07/2021,1621,0,Medium,4,0,0.00%,"1,700.09",425.02
CUST02920,Benjamin Anderson,33,Male,Sales Manager,Brazil,Salvador,Checking,18/05/2023,958,0,Low,2,0,0.00%,241.49,120.75
CUST02921,Jessica Clark,53,Female,Graphic Designer,United Kingdom,London,Savings,14/03/2014,4310,0,Low,4,1,25.00%,671.7,167.93
CUST02922,Amy Chen,41,Female,Chef,Germany,Munich,Savings,27/04/2023,979,0,Low,10,0,0.00%,946.51,94.65
CUST02923,Isabella Lopez,37,Female,Nurse,South Korea,Seoul,Checking,18/08/2019,2327,0,Low,6,1,16.70%,"1,039.24",173.21
CUST02924,Matthew Garcia,61,Male,Nurse,Ireland,Dublin,Savings,30/11/2018,2588,0,Medium,4,0,0.00%,238.97,59.74
CUST02925,Luca Kim,35,Male,Freelance Writer,India,Chennai,Checking,18/06/2013,4579,0,Low,5,0,0.00%,577.24,115.45
CUST02926,Layla Ramirez,54,Female,Teacher,United Kingdom,Birmingham,Savings,04/07/2017,3102,0,Low,7,0,0.00%,508.38,72.63
CUST02927,Mark Park,20,Male,Software Engineer,Poland,Warsaw,Checking,24/10/2018,2625,0,Low,1,0,0.00%,32.47,32.47
CUST02928,Michelle Suzuki,33,Female,Nurse,United Kingdom,Manchester,Business,08/05/2015,3890,0,High,4,0,0.00%,590.94,147.74
CUST02929,William Torres,51,Male,Software Engineer,United Kingdom,Leeds,Business,05/04/2016,3557,0,Low,5,0,0.00%,683.28,136.66
CUST02930,Amanda Johnson,45,Female,Project Manager,United States,Seattle,Checking,30/05/2022,1311,0,Low,2,0,0.00%,302.49,151.25
CUST02931,Thomas Williams,33,Male,Customer Support Rep,Nigeria,Lagos,Checking,24/01/2016,3629,0,Low,1,0,0.00%,962.91,962.91
CUST02932,Melissa Carter,57,Female,Customer Support Rep,Germany,Berlin,Savings,31/10/2014,4079,0,Medium,4,0,0.00%,"1,832.56",458.14
CUST02933,Hana Ramirez,70,Female,Student,United Kingdom,Leeds,Savings,26/03/2017,3202,0,High,7,0,0.00%,627.03,89.58
CUST02934,Anastasia Silva,27,Female,Customer Support Rep,United States,New York,Premium,20/03/2015,3939,0,Low,6,0,0.00%,"1,244.40",207.4
CUST02935,Jessica Jackson,18,Female,Financial Analyst,United States,Houston,Checking,02/03/2019,2496,0,Medium,4,0,0.00%,"1,397.96",349.49
CUST02936,Ingrid Campbell,38,Female,Lawyer,India,Bengaluru,Business,15/05/2015,3883,0,Low,10,0,0.00%,"4,477.33",447.73
CUST02937,Michael King,42,Male,Accountant,Japan,Osaka,Checking,19/08/2023,865,0,Medium,4,0,0.00%,167.74,41.94
CUST02938,John Kumar,41,Male,Nurse,Mexico,Guadalajara,Checking,12/01/2017,3275,0,Medium,8,1,12.50%,"5,636.89",704.61
CUST02939,Eric Scott,30,Male,Teacher,United Kingdom,Manchester,Savings,15/03/2017,3213,0,Low,5,0,0.00%,302.29,60.46
CUST02940,Diego Hernandez,35,Male,Electrician,United Kingdom,Edinburgh,Checking,03/04/2014,4290,0,Medium,4,0,0.00%,199.28,49.82
CUST02941,Thomas Taylor,27,Male,University Professor,United Kingdom,Birmingham,Checking,18/12/2017,2935,0,Low,4,0,0.00%,"1,170.41",292.6
CUST02942,Amanda Green,30,Female,Financial Analyst,India,Delhi,Savings,21/08/2014,4150,0,Low,8,0,0.00%,720.04,90.01
CUST02943,Mary Lewis,28,Female,Student,Japan,Yokohama,Checking,23/07/2023,892,0,Low,4,0,0.00%,432.82,108.21
CUST02944,Samuel Campbell,25,Male,Police Officer,Canada,Calgary,Checking,11/03/2013,4678,0,Low,6,0,0.00%,377.55,62.93
CUST02945,Camila Ali,44,Female,Physician,United Kingdom,Edinburgh,Checking,27/11/2013,4417,0,Medium,6,0,0.00%,739.39,123.23
CUST02946,Deborah Khan,44,Female,Project Manager,United Kingdom,Birmingham,Checking,01/10/2019,2283,0,Low,5,0,0.00%,367.62,73.52
CUST02947,Ashley Allen,49,Female,Retail Manager,United Arab Emirates,Dubai,Checking,21/05/2022,1320,0,Low,7,0,0.00%,"1,702.38",243.2
CUST02948,Ryan Smith,32,Male,Nurse,United States,New York,Checking,11/09/2017,3033,0,High,5,1,20.00%,768.07,153.61
CUST02949,Sven Tanaka,48,Male,Nurse,Brazil,Sao Paulo,Premium,06/08/2021,1608,1,High,4,0,0.00%,"2,558.33",639.58
CUST02950,Yuki Chen,67,Female,Data Analyst,United Arab Emirates,Dubai,Checking,17/10/2022,1171,0,Low,3,0,0.00%,700.58,233.53
CUST02951,William Rossi,25,Male,Graphic Designer,Nigeria,Abuja,Savings,17/02/2018,2874,1,High,4,2,50.00%,922.24,230.56
CUST02952,Richard Campbell,60,Male,Chef,South Korea,Seoul,Checking,05/04/2022,1366,0,Medium,8,0,0.00%,"1,372.86",171.61
CUST02953,Susan Baker,41,Female,Student,Mexico,Mexico City,Checking,21/09/2018,2658,0,Low,9,0,0.00%,689.84,76.65
CUST02954,Laura Ali,25,Female,Nurse,Poland,Warsaw,Checking,26/04/2023,980,0,Low,11,0,0.00%,"1,884.46",171.31
CUST02955,William Miller,26,Male,Customer Support Rep,United States,Phoenix,Savings,14/11/2019,2239,0,Low,4,0,0.00%,391.86,97.97
CUST02956,Fatima Hill,63,Female,Civil Engineer,United States,Miami,Savings,16/12/2021,1476,0,Low,8,0,0.00%,"1,574.20",196.78
CUST02957,Michael Haddad,48,Male,Electrician,United States,Chicago,Checking,03/01/2020,2189,0,Low,2,1,50.00%,"1,165.74",582.87
CUST02958,Melissa Ali,26,Female,Electrician,France,Nice,Savings,27/03/2017,3201,0,Medium,2,0,0.00%,70.52,35.26
CUST02959,Joseph Mensah,36,Male,Software Engineer,United States,Seattle,Checking,09/09/2021,1574,0,Medium,8,0,0.00%,835,104.38
CUST02960,Thandiwe Sanchez,38,Female,Architect,United Kingdom,Edinburgh,Checking,01/03/2022,1401,0,Low,3,0,0.00%,209.04,69.68
CUST02961,Cynthia Allen,61,Female,Customer Support Rep,India,Chennai,Premium,11/12/2013,4403,0,Low,7,0,0.00%,"2,854.26",407.75
CUST02962,Barbara Rivera,53,Female,Project Manager,United States,Los Angeles,Checking,14/01/2018,2908,0,Low,5,0,0.00%,270.01,54
CUST02963,Kofi Schmidt,49,Male,Software Engineer,Japan,Tokyo,Savings,11/04/2023,995,0,Medium,5,0,0.00%,"1,053.26",210.65
CUST02964,Ryan Gonzalez,71,Male,Small Business Owner,India,Bengaluru,Premium,21/11/2016,3327,0,Low,4,0,0.00%,340.84,85.21
CUST02965,Yuki Anderson,49,Female,Teacher,Canada,Calgary,Premium,27/04/2017,3170,0,Medium,2,0,0.00%,350.67,175.34
CUST02966,Rafael Allen,44,Male,Teacher,United States,New York,Savings,10/07/2015,3827,0,Low,5,0,0.00%,820.89,164.18
CUST02967,Ingrid Okafor,18,Female,Accountant,United States,Phoenix,Savings,25/06/2017,3111,1,High,6,1,16.70%,"1,610.90",268.48
CUST02968,Mohammed Rodriguez,54,Male,Consultant,Canada,Vancouver,Checking,12/06/2023,933,0,Medium,7,0,0.00%,"2,180.05",311.44
CUST02969,Jennifer Hill,43,Female,Pharmacist,United Arab Emirates,Sharjah,Checking,15/09/2014,4125,0,Low,2,0,0.00%,214.25,107.13
CUST02970,Yuki Kim,44,Female,Retail Manager,United States,Houston,Premium,26/08/2016,3414,0,Medium,5,1,20.00%,"1,530.20",306.04
CUST02971,Jacob Thomas,49,Male,Customer Support Rep,India,Chennai,Checking,20/08/2019,2325,0,Low,4,0,0.00%,584.37,146.09
CUST02972,Susan Chen,45,Female,Police Officer,United States,Miami,Checking,16/03/2013,4673,0,Low,4,0,0.00%,548.41,137.1
CUST02973,Joshua Miller,63,Male,Retail Manager,France,Nice,Checking,08/07/2017,3098,0,Low,2,1,50.00%,662.51,331.26
CUST02974,Matthew Adams,18,Male,Electrician,Germany,Munich,Checking,22/07/2021,1623,0,Medium,4,0,0.00%,539.6,134.9
CUST02975,Sofia Nguyen,69,Female,Project Manager,Spain,Valencia,Premium,10/09/2013,4495,0,Medium,3,0,0.00%,183.05,61.02
CUST02976,Hana Johnson,27,Female,Accountant,United Kingdom,Birmingham,Checking,25/01/2022,1436,0,Low,5,0,0.00%,488.02,97.6
CUST02977,Sofia Moore,47,Female,Software Engineer,India,Delhi,Checking,06/09/2018,2673,0,Low,3,0,0.00%,422.98,140.99
CUST02978,Mateo Botha,37,Male,University Professor,United States,Chicago,Savings,26/09/2022,1192,0,Medium,6,0,0.00%,"1,429.66",238.28
CUST02979,Daniel Brown,32,Male,Pharmacist,United Kingdom,Birmingham,Checking,08/11/2022,1149,0,Medium,8,0,0.00%,836.79,104.6
CUST02980,Ingrid Hernandez,28,Female,Marketing Specialist,France,Marseille,Savings,30/03/2016,3563,0,Low,5,0,0.00%,257.69,51.54
CUST02981,Aiko Santos,64,Female,Plumber,United Kingdom,Leeds,Savings,21/11/2018,2597,0,Medium,6,0,0.00%,"1,137.31",189.55
CUST02982,Barbara Khan,45,Female,Software Engineer,Australia,Brisbane,Savings,07/07/2013,4560,0,Low,2,0,0.00%,"1,088.90",544.45
CUST02983,Arjun Martinez,55,Male,Data Analyst,Poland,Krakow,Checking,22/11/2013,4422,0,Low,7,0,0.00%,591.34,84.48
CUST02984,Nancy Thomas,50,Female,Chef,United States,Seattle,Checking,25/01/2018,2897,0,Low,4,0,0.00%,"4,337.18","1,084.30"
CUST02985,Olga Khan,38,Female,HR Manager,United States,Seattle,Checking,05/01/2019,2552,0,Low,8,1,12.50%,"5,785.12",723.14
CUST02986,Linda Brown,50,Female,Financial Analyst,United Kingdom,Leeds,Checking,25/05/2023,951,0,Medium,6,0,0.00%,"1,648.27",274.71
CUST02987,Hiroshi Lopez,41,Male,Customer Support Rep,Mexico,Mexico City,Checking,23/06/2014,4209,0,Low,4,0,0.00%,"2,100.87",525.22
CUST02988,Michelle Kim,38,Female,Accountant,India,Mumbai,Savings,11/06/2013,4586,0,Low,4,0,0.00%,220.87,55.22
CUST02989,Isabella Wright,54,Female,Operations Manager,Brazil,Rio de Janeiro,Checking,11/03/2017,3217,0,Low,7,0,0.00%,"1,197.39",171.06
CUST02990,Aiko Martin,35,Female,Chef,United States,Miami,Checking,07/06/2017,3129,0,Low,7,0,0.00%,634.08,90.58
CUST02991,Priya Miller,39,Female,Financial Analyst,Brazil,Sao Paulo,Checking,26/04/2017,3171,0,Medium,4,0,0.00%,538.38,134.6
CUST02992,Emily Lopez,35,Female,Operations Manager,Brazil,Salvador,Checking,29/08/2022,1220,0,Medium,7,0,0.00%,"2,564.34",366.33
CUST02993,Mateo Okafor,33,Male,Pharmacist,United States,Houston,Savings,07/12/2021,1485,0,Medium,7,0,0.00%,"1,446.37",206.62
CUST02994,Hana Okafor,59,Female,Data Analyst,India,Delhi,Checking,07/03/2020,2125,0,Low,9,1,11.10%,"3,015.40",335.04
CUST02995,Klaus Ivanov,65,Male,Project Manager,Brazil,Salvador,Savings,18/11/2021,1504,0,Medium,4,0,0.00%,407.53,101.88
CUST02996,Benjamin Wang,21,Male,Student,Brazil,Brasilia,Savings,22/07/2014,4180,0,Low,7,0,0.00%,"1,586.91",226.7
CUST02997,Steven King,40,Male,Police Officer,United Kingdom,Leeds,Premium,08/02/2019,2518,1,High,5,1,20.00%,698.44,139.69
CUST02998,Kevin Martin,26,Male,Accountant,Brazil,Salvador,Checking,16/10/2023,807,0,Medium,3,0,0.00%,639.2,213.07
CUST02999,Jason Jackson,47,Male,Graphic Designer,Australia,Brisbane,Checking,01/06/2017,3135,0,Low,5,0,0.00%,"1,972.88",394.58
CUST03000,Laura Scott,33,Female,Data Analyst,United States,Chicago,Savings,01/12/2023,761,0,Low,3,0,0.00%,78.48,26.16
